Name	Type	SQL
Bk	0	SELECT Имена_станций.NAME, [Удельные(Схема)].year, [Удельные(Схема)].Bk | FROM ([Удельные(Схема)] INNER JOIN Имена_станций ON [Удельные(Схема)].numb1120 = Имена_станций.NUMB) INNER JOIN [Станции(Схема)] ON [Удельные(Схема)].numb1120 = [Станции(Схема)].NUMB1120 | WHERE ((([Удельные(Схема)].Bk)>0) AND ((Имена_станций.OES)=2) AND (([Станции(Схема)].YEAR)=2006) AND (([Станции(Схема)].VED)>0)); | 
Bk=0	0	SELECT [Станции(Схема)].NAME, [Станции(Схема)].Year, [Станции(Схема)].NUMB1120, [Удельные(Схема)].snk, [Удельные(Схема)].k, [Станции(Схема)].OBOR, [Удельные(Схема)].btp, [Удельные(Схема)].sntp, [Удельные(Схема)].Bk, [Удельные(Схема)].y, [Станции(Схема)].NUST, Имена_станций.BE, Имена_станций.GK, Имена_станций.OES, Имена_станций.NAME | FROM Имена_станций INNER JOIN ([Удельные(Схема)] INNER JOIN [Станции(Схема)] ON ([Удельные(Схема)].year = [Станции(Схема)].YEAR) AND ([Удельные(Схема)].numb1120 = [...
bt_перспектива	48	UPDATE [Станции(Схема)] INNER JOIN Отчетный_bt ON [Станции(Схема)].NUMB1120 = Отчетный_bt.NUMB1120 SET [Станции(Схема)].TURT = [Отчетный_bt]![TURT] | WHERE ((([Станции(Схема)].YEAR)>2008)); | 
Destination	0	SELECT DISTINCTROW [Станции(Анализ_и_прогноз)].* | FROM [Станции(Анализ_и_прогноз)]; | 
Doptim	48	UPDATE [Параметры-распределения] SET [Параметры-распределения].doptim = 0.05+0.03*([year]-2024); | 
GK	48	UPDATE Имена_станций INNER JOIN [Станции(Схема)] ON Имена_станций.NUMB = [Станции(Схема)].NUMB1120 SET Имена_станций.BE = [Станции(Схема)]![BE], Имена_станций.GK = [Станции(Схема)]![GK] | WHERE ((([Станции(Схема)].YEAR)=2017) AND (([Станции(Схема)].GK)=558)); | 
L1	0	SELECT [Дефициты].[obl], IIf([obl1]=[obl],[obl2],[obl1]) AS oblk, [Перетоки].[id], IIf([Перетоки]![pwork] Is Null,IIf([obl1]=[obl],[pinv],[p]),[Перетоки]![pwork]) AS pwork, IIf([obl1]=[obl],0,1) AS inv, [Дефициты].[year], [Дефициты].[oes], IIf([obl1]=[obl],Sgn([t]),-Sgn([t])) AS dir | FROM Дефициты INNER JOIN Перетоки ON [Дефициты].[year]=[Перетоки].[year] | WHERE ((([Дефициты].[obl])=[введите РЭУ]) And ((IIf([Перетоки]![pwork] Is Null,IIf([obl1]=[obl],[pinv],[p]),[Перетоки]![pwork]))>0) And (([...
L1_РЭУ	0	PARAMETERS [введите РЭУ] IEEEDouble; | SELECT L1.obl, L1.oblk, def.Dwork, def.DN, isb.РЭУ, L1.pwork, isb.Dwork, min2(Abs(min2(1,Abs([Pwork]/def!DN))*def!d),isb!Dwork) AS s, L1.id AS id1 | FROM (L1 INNER JOIN Дефициты_год AS def ON (L1.year = def.year) AND (L1.obl = def.obl)) INNER JOIN Дефициты_год AS isb ON (L1.year = isb.year) AND (L1.oblk = isb.obl) | WHERE (((isb.Dwork)>0)) | ORDER BY isb.nout DESC , min2(Abs(min2(1,Abs([Pwork]/def!DN))*def!d),isb!Dwork) DESC; | 
L1_с_именами	0	SELECT InStr([РЭУ1]![РЭУ],"энерго") AS i1, InStr([РЭУ2]![РЭУ],"энерго") AS i2, Left([РЭУ1]![РЭУ],[i1]-1) & "-" & Left([РЭУ2]![РЭУ],[i2]-1) AS name, L1.obl, L1.oblk | FROM (L1 INNER JOIN Имена_областей AS РЭУ1 ON L1.obl = РЭУ1.OBL) INNER JOIN Имена_областей AS РЭУ2 ON L1.oblk = РЭУ2.OBL; | 
L2	0	SELECT L1.year, L1.obl, L1.oblk AS obli1, IIf([obl1]=[l1]![oblk],[obl2],[obl1]) AS oblk, (min2([pwork1],[L1]![pwork])) AS pwork, L1.id AS id1, Перетоки.id AS id2, IIf([Перетоки]![pwork] Is Null,IIf([obl1]=[l1]![oblk],[pinv],[p]),[Перетоки]![pwork]) AS pwork1, L1.oes, IIf([obl1]=[l1]![oblk],Sgn([t]),-Sgn([t])) AS dir, Перетоки.nc | FROM L1, Перетоки | WHERE (((L1.oblk)=[obl1] Or (L1.oblk)=[obl2]) AND ((IIf([obl1]=[l1]![oblk],[obl2],[obl1]))<>[obl]) AND ((IIf([Перетоки]![pwork] Is Null,IIf([obl1]=...
L2_РЭУ	0	PARAMETERS [введите РЭУ] IEEEDouble; | SELECT L2.obl, L2.obli1, L2.oblk, def.Dwork, def.DN, isb.РЭУ, L2.pwork, isb.Dwork, min2(Abs(min2(1,Abs([Pwork]/def!DN))*def!d),isb!Dwork) AS s, L2.id1, L2.id2 | FROM (L2 INNER JOIN Дефициты_год AS def ON L2.obl = def.obl) INNER JOIN Дефициты_год AS isb ON (L2.oblk = isb.obl) AND (L2.year = isb.year) | WHERE (((isb.Dwork)>0)) | ORDER BY min2(Abs(min2(1,Abs([Pwork]/def!DN))*def!d),isb!Dwork) DESC; | 
L3	0	SELECT [L2].[year], [L2].[obl], [L2].[obli1] AS obli1, [L2].[oblk] AS obli2, IIf([obl1]=[L2]![oblk],[obl2],[obl1]) AS oblk, (min2([pwork1],[L2]![pwork])) AS pwork, [L2].[id1], [L2].[id2], [Перетоки].[id] AS id3, IIf([Перетоки]![pwork] Is Null,IIf([obl1]=[L2]![oblk],[pinv],[p]),[Перетоки]![pwork]) AS pwork1, [L2].[oes], IIf([obl1]=[l2]![oblk],Sgn([t]),-Sgn([t])) AS dir | FROM L2, Перетоки | WHERE ((([L2].[oblk])=[obl1] Or ([L2].[oblk])=[obl2]) And ((IIf([obl1]=[L2]![oblk],[obl2],[obl1]))<>[obl] A...
L3_РЭУ	0	PARAMETERS [введите РЭУ] IEEEDouble; | SELECT L3.obl, L3.obli1, L3.obli2, L3.oblk, def.Dwork, def.DN, isb.РЭУ, L3.pwork, isb.Dwork, min2(Abs(min2(1,Abs([Pwork]/def!DN))*def!d),isb!Dwork) AS s, L3.id1, L3.id2, L3.id3 | FROM (L3 INNER JOIN Дефициты_год AS def ON L3.obl = def.obl) INNER JOIN Дефициты_год AS isb ON (L3.oblk = isb.obl) AND (L3.year = isb.year) | WHERE (((isb.Dwork)>0)) | ORDER BY min2(Abs(min2(1,Abs([Pwork]/def!DN))*def!d),isb!Dwork) DESC; | 
L4	0	SELECT [L3].[year], [L3].[obl], [L3].[obli1] AS obli1, [L3].[obli2] AS obli2, [L3].[oblk] AS obli3, IIf([obl1]=[L3]![oblk],[obl2],[obl1]) AS oblk, (min2([pwork1],[L3]![pwork])) AS pwork, [L3].[id1], [L3].[id2], [L3].[id3], [Перетоки].[id] AS id4, IIf([Перетоки]![pwork] Is Null,IIf([obl1]=[L3]![oblk],[pinv],[p]),[Перетоки]![pwork]) AS pwork1, IIf([obl1]=[l3]![oblk],Sgn([t]),-Sgn([t])) AS dir | FROM L3, Перетоки | WHERE ((([L3].[oblk])=[obl1] Or ([L3].[oblk])=[obl2]) And ((IIf([obl1]=[L3]![oblk],[...
L4_РЭУ	0	PARAMETERS [введите РЭУ] IEEEDouble; | SELECT L4.obl, L4.obli1, L4.obli2, L4.oblk, L4.obli3, def.Dwork, def.DN, isb.РЭУ, L4.pwork, isb.Dwork, min2(Abs(min2(1,Abs([Pwork]/def!DN))*def!d),isb!Dwork) AS s, L4.id1, L4.id2, L4.id3, L4.id4 | FROM (L4 INNER JOIN Дефициты_год AS def ON L4.obl = def.obl) INNER JOIN Дефициты_год AS isb ON (L4.year = isb.year) AND (L4.oblk = isb.obl) | WHERE (((isb.Dwork)>0)) | ORDER BY min2(Abs(min2(1,Abs([Pwork]/def!DN))*def!d),isb!Dwork) DESC; | 
link	0	SELECT [Имена_станций].[NUMB], IIf([main] Is Null,[numb],[main]) AS link | FROM Имена_станций; | 
Nr_в_дефициты	48	UPDATE (((Дефициты LEFT JOIN АЭС_исх ON [Дефициты].[obl]=[АЭС_исх].[reu]) LEFT JOIN ГЭС_исх ON [Дефициты].[obl]=[ГЭС_исх].[reu]) LEFT JOIN ГАЭС_исх ON [Дефициты].[obl]=[ГАЭС_исх].[reu]) LEFT JOIN [Сумма_по_областям(таблица)] ON ([Дефициты].[year]=[Сумма_по_областям(таблица)].[YEAR]) AND ([Дефициты].[obl]=[Сумма_по_областям(таблица)].[OBL]) SET Дефициты.Nr = Z([АЭС_исх]![2010])+Z([ГЭС_исх]![2010])+z([ГАЭС_исх]![2010])+z([Сумма_по_областям(таблица)]![NR]) | WHERE ((([Дефициты].[year])=2010) And ((...
Nust_в_дефициты	48	UPDATE (((Дефициты LEFT JOIN АЭС_исх ON [Дефициты].[obl]=[АЭС_исх].[reu]) LEFT JOIN ГЭС_исх ON [Дефициты].[obl]=[ГЭС_исх].[reu]) LEFT JOIN ГАЭС_исх ON [Дефициты].[obl]=[ГАЭС_исх].[reu]) LEFT JOIN [Сумма_по_областям(таблица)] ON ([Дефициты].[year]=[Сумма_по_областям(таблица)].[YEAR]) AND ([Дефициты].[obl]=[Сумма_по_областям(таблица)].[OBL]) SET Дефициты.Nust = Z([АЭС_исх]![2020])+Z([ГЭС_исх]![2020])+z([ГАЭС_исх]![2020])+z([Сумма_по_областям(таблица)]![Nust]) | WHERE ((([Дефициты].[year])=2020) An...
Source	0	SELECT DISTINCTROW Составные_станции.* | FROM Составные_станции; | 
stcodeopes	48	UPDATE Списки_агрегатов INNER JOIN [ОПЭС-ОТЭТ] ON [Списки_агрегатов].[stcode]=[ОПЭС-ОТЭТ].[ОТЭТ] SET Списки_агрегатов.stcodeopes = [ОПЭС-ОТЭТ]![ОПЭС] | WHERE ((([Списки_агрегатов].[stcodeopes]) Is Null Or ([Списки_агрегатов].[stcodeopes])=0)); | 
TmprryQryFrLnkFldsCrtn0123456789	0	SELECT; | 
TURT_2018	0	SELECT [Станции(Схема)].NUMB1120, [Станции(Схема)].Q, [Станции(Схема)].TURT, [Станции(Схема)].Year | FROM [нет TURT] INNER JOIN [Станции(Схема)] ON [нет TURT].numb1120 = [Станции(Схема)].NUMB1120 | WHERE ((([Станции(Схема)].Q)>0) AND (([Станции(Схема)].TURT)>0) AND (([Станции(Схема)].Year)=2018)) OR ((([Станции(Схема)].Q)>0) AND (([Станции(Схема)].Year)=2029)) | ORDER BY [Станции(Схема)].numb1, [Станции(Схема)].Year; | 
Update	48	UPDATE DISTINCTROW Destination INNER JOIN Source ON (Destination.YEAR = Source.YEAR) AND (Destination.NUMB1120 = Source.NUMB1120) SET Destination.NUST = [source]![NUST], Destination.NR = [source]![NR], Destination.E = [source]![E], Destination.EOTP = [source]![Eotp], Destination.EURT = [source]![Eurt], Destination.EUST = [source]![Eust], Destination.Q = [source]![q], Destination.TURT = [source]![turt], Destination.TUST = [source]![tust], Destination.B = [source]![b], Destination.GAZ = [source]![...
Update(dop)	48	UPDATE DISTINCTROW Destination INNER JOIN Source ON (Destination.YEAR = Source.YEAR) AND (Destination.NUMB1120 = Source.NUMB1120) SET Destination.nazar = [Source]![nazar], Destination.ibor = [Source]![ibor], Destination.berez = [Source]![berez], Destination.gusin = [Source]![gusin], Destination.tugn = [Source]![tugn], Destination.azey = [Source]![azey], Destination.cher = [Source]![cher], Destination.vork = [Source]![vork], Destination.[int] = [Source]![int], Destination.sver = [Source]![sver], ...
Updatebase	48	UPDATE DISTINCTROW [Станции(схема)] AS d INNER JOIN (vartobase INNER JOIN Станции2024 AS s ON vartobase.link = s.NUMB1120) ON d.NUMB1120 = vartobase.NUMB1120 SET d.[YEAR] = s!Year, d.NUST = s!NUST, d.E = s!E, d.EOTP = s!Eotp, d.EURT = s!Eurt, d.EUST = s!Eust, d.Q = s!q, d.TURT = s!turt, d.TUST = s!tust, d.B = s!b, d.GAZ = s!gaz, d.ISK_GAZ = s!isk_gaz, d.MAZUT = s!mazut, d.TORF = s!torf, d.SLAN = s!slan, d.PROCH = s!proch, d.UGOL = s!ugol, d.DON = s!don, d.PODM = s!podm, d.PECH = s!pech, d.KUZN =...
Updatebase(dop)	48	UPDATE DISTINCTROW ([Доп_угли(схема)] AS d INNER JOIN vartobase ON d.NUMB1120 = vartobase.NUMB1120) INNER JOIN Доп_угли2024 AS s ON vartobase.link = s.NUMB1120 SET d.[YEAR] = s!Year, d.gazpp = S.gazpp, d.gaz_prir = S.gaz_prir, d.disel = S.disel, d.maztop = S.maztop, d.gtt = S.gtt, d.nft_proch = S.nft_proch, d.koks_g = S.koks_g, d.domen_g = S.domen_g, d.prochgaz = S.prochgaz, d.tvproch = S.tvproch, d.szh_gaz = S.szh_gaz, d.inoe = S.inoe, d.nazar = S.nazar, d.ibor = S.ibor, d.berez = S.berez, d.pe...
vartobase	0	SELECT d.NUMB1120, IIf(s!VED>0,s!NUMB1120,[main]) AS link, Имена_станций.R, d.Year, s.Year | FROM ([Станции(Схема)] AS d LEFT JOIN Станции2024 AS s ON d.NUMB1120 = s.NUMB1120) INNER JOIN Имена_станций ON d.NUMB1120 = Имена_станций.NUMB | WHERE (((Имена_станций.R)=1) AND ((d.Year)=2024) AND ((s.Year)=2024 Or (s.Year) Is Null)) OR (((Имена_станций.R)=0 Or (Имена_станций.R) Is Null) AND ((d.Year)=2024) AND ((s.Year)=2024 Or (s.Year) Is Null)); | 
Агрегаты_Катя	0	SELECT Списки_агрегатов_Катя.*, * | FROM Списки_агрегатов_Катя | WHERE (((Списки_агрегатов_Катя.oes)=1 Or (Списки_агрегатов_Катя.oes)=3 Or (Списки_агрегатов_Катя.oes)=4)); | 
Агрегаты_ЛБ	0	SELECT Списки_агрегатов_ЛБ.*, * | FROM Списки_агрегатов_ЛБ | WHERE (((Списки_агрегатов_ЛБ.oes)=6 Or (Списки_агрегатов_ЛБ.oes)=7)); | 
Анализ загрузки	16	TRANSFORM Sum([E])/Sum([nust])*1000 AS h | SELECT Имена_станций.NAME, [Удельные(Схема)].Bk | FROM (Имена_станций INNER JOIN [Станции(Схема)] ON Имена_станций.NUMB = [Станции(Схема)].NUMB1120) INNER JOIN [Удельные(Схема)] ON [Станции(Схема)].NUMB1120 = [Удельные(Схема)].numb1120 | WHERE (((Имена_станций.OES)=3) AND (([Станции(Схема)].YEAR)=2020 Or ([Станции(Схема)].YEAR)=2025) AND (([Станции(Схема)].NUST)>0) AND (([Станции(Схема)].OBOR)<>10 And ([Станции(Схема)].OBOR)<>9 And ([Станции(Схема)].OBO...
АПБ в базу	48	UPDATE [Станции(Схема)] INNER JOIN АПБ_2009 ON [Станции(Схема)].NUMB1120 = АПБ_2009.ОТЭТ SET [Станции(Схема)].E = ([e1-10]+[e11]+[e12])/1000 | WHERE ((([Станции(Схема)].YEAR)=2009) AND (([Станции(Схема)].OES)=7)); | 
АПБ-Е	0	SELECT АПБ_2009.name, (Z([e1-10])+z([e11])+Z([e12]))/1000 AS Выражение1, АПБ_2009.ОТЭТ | FROM АПБ_2009; | 
АПБ-ОТЭТ_сравнение	0	SELECT АПБ_выработка.name, АПБ_выработка.e AS ЭАПБ, [АПБ-ОТЭТ_Эсум].[Sum-E] AS ЭОТЭТ | FROM АПБ_выработка INNER JOIN [АПБ-ОТЭТ_Эсум] ON АПБ_выработка.code = [АПБ-ОТЭТ_Эсум].АПБ | ORDER BY АПБ_выработка.code; | 
АПБ-ОТЭТ_Эсум	0	SELECT First([АПБ-ОТЭТ].name) AS [First-name], [АПБ-ОТЭТ].АПБ, Sum([Станции(Схема)].E) AS [Sum-E] | FROM [АПБ-ОТЭТ] INNER JOIN [Станции(Схема)] ON [АПБ-ОТЭТ].ОТЭТ = [Станции(Схема)].NUMB1120 | WHERE ((([Станции(Схема)].YEAR)=2009)) | GROUP BY [АПБ-ОТЭТ].АПБ | HAVING ((([АПБ-ОТЭТ].АПБ)>0)); | 
АЭС_в_дефициты	48	UPDATE Дефициты INNER JOIN АЭС ON Дефициты.obl = АЭС.reu SET Дефициты.Eаэс = [АЭС]![2030] | WHERE (((Дефициты.year)=2030)); | 
Вводы_на_действующих	0	SELECT Nust0320.[Max-NAME], Nust0320.numb1, Nust0320.[2003], Nust0320.[2020] | FROM Nust0320 | WHERE (((Nust0320.[2003])>0) AND ((Nust0320.[2020])>[2003]*1.2)) | ORDER BY Nust0320.numb1; | 
Вставки_в_натуру	64	INSERT INTO Натура99 ( NAME, [YEAR], NUMB1120, NUMB1, OBL, DEP, OES, ER ) | SELECT [Вставки в натуру].[NAME], 2006 AS Выражение1, [Вставки в натуру].[NUMB], [Вставки в натуру].[ordnumb], [Имена_станций].[OBL], [Имена_станций].[DEP], [Имена_станций].[OES], [Имена_станций].[ER] | FROM [Вставки в натуру] INNER JOIN Имена_станций ON [Вставки в натуру].[ordnumb]=[Имена_станций].[ordnumb]; | 
Вставки_в_натуру(таблица)	80	SELECT [Имена_станций].[NAME], [Имена_станций].[NUMB], [Имена_станций].[ordnumb] INTO [Вставки в натуру] | FROM ([Станции(Схема)] LEFT JOIN Натура99 ON ([Станции(Схема)].[YEAR]=[Натура99].[YEAR]) AND ([Станции(Схема)].[NUMB1120]=[Натура99].[NUMB1120])) INNER JOIN Имена_станций ON [Станции(Схема)].[NUMB1120]=[Имена_станций].[NUMB] | WHERE ((([Станции(Схема)].[YEAR])=2006) And (([Станции(Схема)].[UGOL])>0) And (([Натура99].[NUMB1120]) Is Null)) | ORDER BY [Имена_станций].[ordnumb]; | 
Выборка_распределений	0	SELECT [Параметры-распределения].[name], [Параметры-распределения].[filter] | FROM [Параметры-распределения] | GROUP BY [Параметры-распределения].[name], [Параметры-распределения].[filter]; | 
Выбросы ЗВ и данные из СиПР	0	SELECT Имена_округов.name, [Станции_для_сводной(Схема)].nameoes, [Станции_для_сводной(Схема)].oblname, [Станции_для_сводной(Схема)].namegk, [Станции_для_сводной(Схема)].filial, [Станции_для_сводной(Схема)].NAME, [Станции_для_сводной(Схема)].Year, [Станции_для_сводной(Схема)].NUMB1120, [Станции_для_сводной(Схема)].NUST, [Выбросы ЗВ].VIBROS_ekol, [Выбросы ЗВ].TVERD_V, [Выбросы ЗВ].[GAZ and ZHID], [Выбросы ЗВ].SO2_gaz, [Выбросы ЗВ].CO_gaz, [Выбросы ЗВ].NOx_gaz, [Выбросы ЗВ].UGLEVOD, [Выбросы ЗВ].LO...
Выбросы ПГ и данные из СиПР	0	SELECT Имена_округов.name, [Станции_для_сводной(Схема)].nameoes, [Станции_для_сводной(Схема)].namegk, [Станции_для_сводной(Схема)].filial, [Станции_для_сводной(Схема)].NAME, [Станции_для_сводной(Схема)].NUMB1120, [Станции_для_сводной(Схема)].Year, [Станции_для_сводной(Схема)].NUST, [Станции_для_сводной(Схема)].E, [Станции_для_сводной(Схема)].Q, IIf([GAZ]>0,[GAZ]*1000,0) AS gaznat_6tp, IIf([koksdom]>0,[koksdom]*1000,0) AS koksdom_6tp, IIf([prochgaz]>0,[prochgaz]*1000,0) AS prochgaz_6tp, [gaznat_6...
Выработка ээ по обл	0	SELECT [Станции(Схема)].[OES], [Имена_областей].[NAME], [Станции(Схема)].[YEAR], Sum([Станции(Схема)].[E]) AS [Sum-E] | FROM [Станции(Схема)] INNER JOIN Имена_областей ON [Станции(Схема)].[OBL]=[Имена_областей].[OBL] | WHERE ((([Станции(Схема)].[VED])>0)) | GROUP BY [Станции(Схема)].[OES], [Имена_областей].[NAME], [Станции(Схема)].[YEAR]; | 
ГАЭС_в_дефициты	48	UPDATE Дефициты INNER JOIN ГАЭС ON Дефициты.obl = ГАЭС.reu SET Дефициты.Eгаэс = [ГАЭС]![2030] | WHERE (((Дефициты.year)=2030)); | 
Ген_схема_2005	0	SELECT [Списки_агрегатов].[stname], Count([Списки_агрегатов].[name]) AS N, [Списки_агрегатов].[name], Sum([Списки_агрегатов].[2005]) AS 2005, [Списки_агрегатов].[stcode] | FROM Списки_агрегатов INNER JOIN Ген_схема_500 ON [Списки_агрегатов].[stcode]=[Ген_схема_500].[stcode] | WHERE ((([Списки_агрегатов].[2005])>0) And (([Списки_агрегатов].[ur])=1)) | GROUP BY [Списки_агрегатов].[stname], [Списки_агрегатов].[name], [Списки_агрегатов].[stcode]; | 
Ген_схема_2005_оборуд	0	SELECT [Списки_агрегатов].[stname], Count([Списки_агрегатов].[name]) AS N, First([Списки_агрегатов].[stnumb]) AS [First-stnumb], Avg([Списки_агрегатов].[year]) AS [Avg-year], [Списки_агрегатов].[name], [Списки_агрегатов].[stcode], [Имена_станций].[OES], [Имена_станций].[ordnumb] | FROM (Списки_агрегатов INNER JOIN Ген_схема_500 ON [Списки_агрегатов].[stcode]=[Ген_схема_500].[stcode]) INNER JOIN Имена_станций ON [Ген_схема_500].[stcode]=[Имена_станций].[NUMB] | WHERE ((([Списки_агрегатов].[ur])=1...
Ген_схема_2010	0	SELECT [Списки_агрегатов].[stname], Count([Списки_агрегатов].[name]) AS N, [Списки_агрегатов].[name], Sum([Списки_агрегатов].[2010]) AS 2010, [Списки_агрегатов].[stcode] | FROM Списки_агрегатов INNER JOIN Ген_схема_500 ON [Списки_агрегатов].[stcode]=[Ген_схема_500].[stcode] | WHERE ((([Списки_агрегатов].[2010])>0) And (([Списки_агрегатов].[ur])=1)) | GROUP BY [Списки_агрегатов].[stname], [Списки_агрегатов].[name], [Списки_агрегатов].[stcode] | HAVING (((Sum(Списки_агрегатов.[2010]))>0)); | 
Ген_схема_2015	0	SELECT [Списки_агрегатов].[stname], Count([Списки_агрегатов].[name]) AS N, [Списки_агрегатов].[name], Sum([Списки_агрегатов].[2015]) AS 2015, [Списки_агрегатов].[stcode] | FROM Списки_агрегатов INNER JOIN Ген_схема_500 ON [Списки_агрегатов].[stcode]=[Ген_схема_500].[stcode] | WHERE ((([Списки_агрегатов].[2015])>0) And (([Списки_агрегатов].[ur])=1)) | GROUP BY [Списки_агрегатов].[stname], [Списки_агрегатов].[name], [Списки_агрегатов].[stcode] | HAVING (((Sum(Списки_агрегатов.[2015]))>0)); | 
Ген_схема_2020	0	SELECT [Списки_агрегатов].[stname], Count([Списки_агрегатов].[name]) AS N, [Списки_агрегатов].[name], Sum([Списки_агрегатов].[2020]) AS 2020, [Списки_агрегатов].[stcode] | FROM Списки_агрегатов INNER JOIN Ген_схема_500 ON [Списки_агрегатов].[stcode]=[Ген_схема_500].[stcode] | WHERE ((([Списки_агрегатов].[2020])>0)) | GROUP BY [Списки_агрегатов].[stname], [Списки_агрегатов].[name], [Списки_агрегатов].[stcode], [Списки_агрегатов].[ur] | HAVING (((Sum(Списки_агрегатов.[2020]))>0) AND ((Списки_агрег...
Ген_схема_500	0	SELECT [Станции(Схема)].NUMB1120 AS stcode | FROM [Станции(Схема)] INNER JOIN Имена_станций ON [Станции(Схема)].NUMB1120 = Имена_станций.NUMB | WHERE ((([Станции(Схема)].VED)<3 Or ([Станции(Схема)].VED) Is Null) AND (([Станции(Схема)].NUST)>=500) AND ((Имена_станций.MAIN) Is Null)) | GROUP BY [Станции(Схема)].NUMB1120; | 
Ген_схема_все_годы	0	SELECT Ген_схема_2005_оборуд.stname, Ген_схема_2005_оборуд.stcode, l2005.N, IIf(l2005!N>0,l2005!name,Null) AS об_2005, l2005.[2005], l2010.N, IIf(l2010!N>0,l2010!name,Null) AS об_2010, l2010.[2010], l2015.N, IIf(l2015!N>0,l2015!name,Null) AS об_2015, l2015.[2015], l2020.N, IIf(l2020!N>0,l2020!name,Null) AS об_2020, l2020.[2020], Имена_станций.addr, Ген_схема_2005_оборуд.[First-stnumb] | FROM ((((Ген_схема_2005_оборуд LEFT JOIN Ген_схема_2005 AS l2005 ON (Ген_схема_2005_оборуд.name = l2005.name) ...
ГК_в_станции	48	UPDATE [Станции(Схема)] INNER JOIN Имена_станций ON [Станции(Схема)].NUMB1120 = Имена_станций.NUMB SET [Станции(Схема)].BE = [Имена_станций]![BE], [Станции(Схема)].GK = [Имена_станций]![GK]; | 
Группы без турбин	0	SELECT Имена_станций.NAME, Имена_станций.ordnumb | FROM ([Станции(Схема)] LEFT JOIN Списки_агрегатов ON [Станции(Схема)].NUMB1120 = Списки_агрегатов.grcode) INNER JOIN Имена_станций ON [Станции(Схема)].NUMB1120 = Имена_станций.NUMB | WHERE ((([Станции(Схема)].YEAR)<2012) AND (([Станции(Схема)].NUST)>0) AND ((Списки_агрегатов.grcode)=0 Or (Списки_агрегатов.grcode) Is Null) AND (([Станции(Схема)].VED)>0)) | GROUP BY Имена_станций.NAME, Имена_станций.ordnumb | ORDER BY Имена_станций.ordnumb; | 
ГЭС_в_дефициты	48	UPDATE Дефициты INNER JOIN ГЭС ON Дефициты.obl = ГЭС.reu SET Дефициты.Eгэс = [ГЭС]![2030] | WHERE (((Дефициты.year)=2030)); | 
Действующие ГЭС_свыше_100_МВт	0	SELECT Имена_областей.OES, Имена_станций_не_ТЭС.nreu, Мощности_не_ТЭС.IMST, Мощности_не_ТЭС.NST, Имена_станций_не_ТЭС.type, Мощности_не_ТЭС.[2009] | FROM (Мощности_не_ТЭС INNER JOIN Имена_станций_не_ТЭС ON Мощности_не_ТЭС.NST = Имена_станций_не_ТЭС.NST) INNER JOIN Имена_областей ON Имена_станций_не_ТЭС.obl = Имена_областей.OBL | WHERE (((Имена_станций_не_ТЭС.type)=10 Or (Имена_станций_не_ТЭС.type)=20) AND ((Мощности_не_ТЭС.[2009])>=100)) | ORDER BY Имена_областей.OES, Имена_станций_не_ТЭС.nreu; ...
Департаменты(всего-и-по-вед)	0	SELECT DISTINCTROW [Имена-итогов].NUMB1, First([Имена-итогов].NAME) AS NAME, [Рабочий(станции)].DEP, [Рабочий(станции)].YEAR, Sum([Рабочий(станции)].NUST) AS NUST, Sum([Рабочий(станции)].E) AS E, Sum([Рабочий(станции)].EOTP) AS EOTP, IIf([EOTP]>0,[EUST]/[EOTP]*1000,0) AS EURT, Sum([Рабочий(станции)].EUST) AS EUST, Sum([Рабочий(станции)].Q) AS Q, IIf([Q]>0,[TUST]/[Q]*1000,0) AS TURT, Sum([Рабочий(станции)].TUST) AS TUST, Sum([Рабочий(станции)].B) AS B, Sum([Рабочий(станции)].GAZ) AS GAZ, Sum([Раб...
Дефицит_мощности	0	SELECT Дефициты.РЭУ, Z([Nust])-Z([NнеТЭС])-z([Nmaxsob]) AS DN | FROM Дефициты; | 
Дефициты_год	0	SELECT Дефициты.* | FROM Дефициты | WHERE (((Дефициты.oes)=[ОЭС]) AND ((Дефициты.year)=[год])) | ORDER BY Дефициты.pr DESC , Дефициты.РЭУ; | 
Дефициты_макс	0	SELECT [Дефициты].[РЭУ], [Дефициты].[D], [Eпотр]*1000/8.76*1.3 AS Emax, [Nr]-[Emax] AS Dmax | FROM Дефициты | WHERE ((([Дефициты].[year])=2010) And (([Дефициты].[oes])=2)); | 
Дефициты_расчет_D	48	UPDATE Дефициты SET Дефициты.D = (z([e])+z([Eгэс])+z([Eгаэс])+z([Eни])+z([EАЭС]*1000)-z([Eэксп])-z([Eпотр]*1000))/8.76, Дефициты.Dmax = Z([Nr])-Z([Eпотр])*1000/8.76*1.3, Дефициты.DN = IIf(z([e])=0 Or z([eпотр])=0,[d],[d]*1.3); | 
Для анализа формул топлива_Аня	0	SELECT [Станции(Схема)].NAME, [Станции(Схема)].YEAR, IIf([B]>0,[GAZ]/[B]*100,0) AS [%gaz], IIf([B]>0,[MAZUT]/[B]*100,0) AS [%maz], IIf([B]>0,[TORF]/[B]*100,0) AS [%torf], IIf([B]>0,[UGOL]/[B]*100,0) AS [%ugol], IIf([B]>0,[PROCH]/[B]*100,0) AS [%proch], [Формулы_топлива(Схема)].formtxt, Имена_областей.NAME AS obl, [Станции(Схема)].OES, [Станции(Схема)].numb1, [Станции(Схема)].NUMB1120 | FROM ([Станции(Схема)] INNER JOIN [Формулы_топлива(Схема)] ON ([Станции(Схема)].YEAR = [Формулы_топлива(Схема)]...
Для_Крыгиной	0	SELECT Имена_станций.NAME, [Станции(Схема)].YEAR, [Станции(Схема)].E, [Станции(Схема)].EWTP, [Станции(Схема)].EOTP, [Станции(Схема)].EURT, [Станции(Схема)].EUST, [Станции(Схема)].TUST, [Станции(Схема)].B, [Станции(Схема)].GAZ, [Станции(Схема)].MAZUT, [Станции(Схема)].TORF, [Станции(Схема)].PROCH, [Станции(Схема)].UGOL, [Станции(Схема)].DON, [Станции(Схема)].PODM, [Доп_угли(Схема)].vork, [Доп_угли(Схема)].int, [Станции(Схема)].KUZN, [Доп_угли(Схема)].sver, [Доп_угли(Схема)].chel, [Доп_угли(Схема)...
Для_Крыгиной(Сибирь)	0	SELECT Имена_станций.NAME, [Станции(анализ_и_прогноз)_гар].YEAR, [Станции(анализ_и_прогноз)_гар].E, [Станции(анализ_и_прогноз)_гар].EWTP, [Станции(анализ_и_прогноз)_гар].EOTP, [Станции(анализ_и_прогноз)_гар].EURT, [Станции(анализ_и_прогноз)_гар].EUST, [Станции(анализ_и_прогноз)_гар].TUST, [Станции(анализ_и_прогноз)_гар].B, [Станции(анализ_и_прогноз)_гар].GAZ, [Станции(анализ_и_прогноз)_гар].MAZUT, [Станции(анализ_и_прогноз)_гар].TORF, [Станции(анализ_и_прогноз)_гар].PROCH, [Станции(анализ_и_прог...
для_отчета	0	SELECT DISTINCTROW w.OES, First(имена_итогов_1.NAME) AS Name1, имена_итогов_1.NUMB1, w.v, w.YEAR, Sum(w.NUST) AS NUST, Sum(w.E) AS E, Sum(w.EOTP) AS EOTP, IIf([EOTP]>0,[EUST]/[EOTP]*1000,0) AS EURT, Sum(w.EUST) AS EUST, Sum(w.Q) AS Q, IIf([Q]>0,[TUST]/[Q]*1000,0) AS TURT, Sum(w.TUST) AS TUST, Sum(w.B) AS B, Sum(w.GAZ) AS GAZ, Sum(w.MAZUT) AS MAZUT, Sum(w.TORF) AS TORF, Sum(w.SLAN) AS SLAN, Sum(w.GTT) AS GTT, Sum(w.PROCH) AS PROCH, Sum(w.UGOL) AS UGOL, Sum(w.DON) AS DON, Sum(w.PODM) AS PODM, Sum(...
Для_Павловской	0	SELECT Имена_станций.NAME, [Станции(Схема)].NUMB1120, [Станции(Схема)].YEAR, [Станции(Схема)].E, [Станции(Схема)].EWTP, [Станции(Схема)].B, [Станции(Схема)].GAZ, [Станции(Схема)].MAZUT, [Станции(Схема)].GTT, [Станции(Схема)].TORF, [Станции(Схема)].PROCH, [Станции(Схема)].UGOL, [Станции(Схема)].DON, [Станции(Схема)].PODM, [Доп_угли(Схема)].int, [Доп_угли(Схема)].vork, [Станции(Схема)].KUZN, [Доп_угли(Схема)].sver, [Доп_угли(Схема)].chel, [Станции(Схема)].BASHK, [Станции(Схема)].EKIB, [Станции(Схе...
Для_Павловской_словарь	0	SELECT Имена_станций.NAME, [ОПЭС-ОТЭТ].ОПЭС, [ОПЭС-ОТЭТ].ОТЭТ, Имена_областей.NAME | FROM ([ОПЭС-ОТЭТ] RIGHT JOIN Имена_станций ON [ОПЭС-ОТЭТ].ОТЭТ = Имена_станций.NUMB) LEFT JOIN Имена_областей ON Имена_станций.OBL = Имена_областей.OBL | WHERE (((Имена_станций.MAIN)=0 Or (Имена_станций.MAIN) Is Null)) | ORDER BY Имена_станций.ordnumb; | 
Добавить_годы	0	SELECT Имена_станций.NAME, [Станции(Схема)].NUMB1120, Count([Станции(Схема)].YEAR) AS [Count-YEAR] | FROM [Станции(Схема)] INNER JOIN Имена_станций ON [Станции(Схема)].NUMB1120 = Имена_станций.NUMB | GROUP BY Имена_станций.NAME, [Станции(Схема)].NUMB1120 | HAVING (((Count([Станции(Схема)].YEAR))<15)); | 
Добавление агрегатов	64	INSERT INTO Списки_агрегатов | SELECT DISTINCTROW Списки_агрегатов1.* | FROM Списки_агрегатов1 | WHERE Списки_агрегатов1.OES IN (6); | 
Добавление в доп_угли (архив)	64	INSERT INTO [Доп_угли(архив)] | SELECT Доп_угли2017.* | FROM Доп_угли2017 INNER JOIN [Доп_угли(архив)] ON Доп_угли2017.NUMB1120 = [Доп_угли(архив)].NUMB1120; | 
Добавление в Станции(архив)_Аня	64	INSERT INTO [Станции(архив)] | SELECT Станции2017.* | FROM Станции2017 INNER JOIN [Станции(архив)] ON Станции2017.NUMB1120 = [Станции(архив)].numb1120; | 
Добавление записей в доп_угли(Схема)_Аня	64	INSERT INTO [Доп_угли(Схема)] | SELECT DISTINCTROW [Доп_угли2024].* | FROM Доп_угли2024; | 
Добавление записей в Станции(Схема)	64	INSERT INTO [Станции(Схема)] | SELECT * | FROM [Станции(Схема)1] | WHERE ((([Станции(Схема)1].OES)=4)); | 
Добавление записей в Удельные(Схема)_Аня	64	INSERT INTO [Удельные(Схема)] ( name, [year], snk, btp, sntp, Bk, y, numb1120 ) | SELECT DISTINCTROW Удельные2022.name, Удельные2022.Year, Удельные2022.snk, Удельные2022.btp, Удельные2022.sntp, Удельные2022.Bk, Удельные2022.y, Удельные2022.numb1120 | FROM Удельные2022 LEFT JOIN [Удельные(Схема)] ON Удельные2022.NUMB1120 = [Удельные(Схема)].numb1120; | 
Добавление отч формул топлива_Аня	64	INSERT INTO [Формулы_топлива(Схема)] | SELECT Формулы_топлива_отчёт.* | FROM Формулы_топлива_отчёт LEFT JOIN [Формулы_топлива(Схема)] ON (Формулы_топлива_отчёт.YEAR = [Формулы_топлива(Схема)].year) AND (Формулы_топлива_отчёт.numb1120 = [Формулы_топлива(Схема)].numb1120) | WHERE ((([Формулы_топлива_отчёт]![YEAR])=2024)); | 
Добавление удельных_Катя	64	INSERT INTO [Удельные(Схема)] ( [year], snk, btp, sntp, Bk, y, numb1120, numb1 ) | SELECT DISTINCTROW [Удельные(Схема)1].Year, [Удельные(Схема)1].snk, [Удельные(Схема)1].btp, [Удельные(Схема)1].sntp, [Удельные(Схема)1].Bk, [Удельные(Схема)1].y, [Удельные(Схема)1].numb1120, [Удельные(Схема)1].numb1 | FROM [Удельные(Схема)1] LEFT JOIN [Удельные(Схема)] ON [Удельные(Схема)1].NUMB1120 = [Удельные(Схема)].numb1120; | 
Добавление формул топлива в Формулы(схема)	64	INSERT INTO [Формулы_топлива(Схема)] ( NAME, [year], formtxt, NUMB1120 ) | SELECT s.NAME, s.year, s.formtxt, vb.NUMB1120 | FROM Формулы_топлива_отчёт AS s INNER JOIN vartobase AS vb ON s.NUMB1120 = vb.link | WHERE s.year = 2024; | 
Добавление формул_Аня	64	INSERT INTO [Формулы_топлива(Схема)] ( NAME, [year], formtxt, numb1120, numb1, v ) | SELECT DISTINCTROW [Формулы_топлива(Схема)1].NAME, [Формулы_топлива(Схема)1].Year, [Формулы_топлива(Схема)1].formtxt, [Формулы_топлива(Схема)1].numb1120, [Формулы_топлива(Схема)1].numb1, [Формулы_топлива(Схема)1].v | FROM [Формулы_топлива(Схема)1] LEFT JOIN [Формулы_топлива(Схема)] ON [Формулы_топлива(Схема)1].numb1120 = [Формулы_топлива(Схема)].numb1120; | 
Дозапись удельных	64	INSERT INTO Удельные2017 ( NAME, [YEAR], SNK, k, BTP, SNTP, Y, BK, NUMB1120 ) | SELECT [Удельные(Схема)].name, [Удельные(Схема)].year, [Удельные(Схема)].snk, [Удельные(Схема)].k, [Удельные(Схема)].btp, [Удельные(Схема)].sntp, [Удельные(Схема)].y, [Удельные(Схема)].Bk, [Удельные(Схема)].numb1120 | FROM [Удельные(Схема)] | WHERE ((([Удельные(Схема)].year)=2017)); | 
'Доп_угли2018' без подчиненных в 'Доп_угли(Схема)'	0	SELECT Доп_угли2018.NAME, Доп_угли2018.YEAR, Доп_угли2018.NUMB1120, Доп_угли2018.numb1 | FROM Доп_угли2018 LEFT JOIN [Доп_угли(Схема)] ON Доп_угли2018.NUMB1120 = [Доп_угли(Схема)].NUMB1120 | WHERE ((([Доп_угли(Схема)].NUMB1120) Is Null)); | 
Есть_2006	0	SELECT [Удельные(Схема)].name, [Удельные(Схема)].numb1120, [Удельные(Схема)].numb1, [Удельные(Схема)].year | FROM [Удельные(Схема)] | WHERE ((([Удельные(Схема)].year)=2018)); | 
Замена года в Удельные(Схема)	48	UPDATE [Удельные(Схема)] SET [year] = 2021 | WHERE [year] = 2020 AND [numb1120] NOT IN ( |     SELECT [numb1120] |     FROM [Удельные(Схема)] |     WHERE [year] = 2021 | ); | 
Замена года в Формулы_топлива	48	UPDATE [Формулы_топлива(Схема)] SET [year] = 2021 | WHERE [year] = 2020 AND [numb1120] NOT IN ( |     SELECT [numb1120] |     FROM [Формулы_топлива(Схема)] |     WHERE [year] = 2021 | ); | 
Замыкающая станция с имененм	0	SELECT [Замыкающие станции].*, [Цена топлива по группам обор].Cena_1_kVt, Имена_станций.форэм, Имена_станций.NAME | FROM Имена_станций INNER JOIN ([Замыкающие станции] INNER JOIN [Цена топлива по группам обор] ON ([Замыкающие станции].year = [Цена топлива по группам обор].Year) AND ([Замыкающие станции].numb = [Цена топлива по группам обор].NUMB1120)) ON Имена_станций.NUMB = [Замыкающие станции].numb | ORDER BY [Замыкающие станции].Year DESC , [Замыкающие станции].perid; | 
Запрос10	16	TRANSFORM Sum([Станции(Схема)].NUST) AS [Sum-NUST] | SELECT Имена_станций.NAME, [Станции(Схема)].numb1 | FROM [Станции(Схема)] INNER JOIN Имена_станций ON [Станции(Схема)].NUMB1120 = Имена_станций.NUMB | WHERE ((([Станции(Схема)].YEAR)>2020) AND ((Имена_станций.Ведомство)=1) AND ((Имена_станций.MAIN) Is Null)) | GROUP BY Имена_станций.NAME, [Станции(Схема)].numb1, Имена_станций.Ведомство | ORDER BY [Станции(Схема)].numb1 | PIVOT [Станции(Схема)].Year; | 
Запрос12	0	SELECT Дефициты.year, Дефициты.obl, Дефициты.РЭУ, Дефициты.Eпотр, Электропотребление_и_др.EP | FROM Дефициты INNER JOIN Электропотребление_и_др ON (Дефициты.year = Электропотребление_и_др.GOD) AND (Дефициты.obl = Электропотребление_и_др.OBL); | 
Запрос13	64	INSERT INTO [Станции(Схема)] ( NAME, [YEAR], NUST, NR, E, EOTP, EURT, EUST, Q, TURT, TUST, B, GAZ, MAZUT, TORF, SLAN, PROCH, UGOL, DON, PODM, PECH, ALT, KUZN, URAL, BASHK, KAN, TUNG, IRKUT, HAK, TUV, BUR, CHIT, URG, PRIM, MAG, SAH, KAMCH, USHUM, TAL, QOTR, SNK, EWTP, NT, NTsum, OBOR, H, HFIX, VED, вед, OBL, DEP, OES, ER, NUMB1120, numb1, v, BE, GK ) | SELECT [Станции(Схема)].NAME, [Станции(Схема)].Year, [Станции(Схема)].NUST, [Станции(Схема)].NR, [Станции(Схема)].E, [Станции(Схема)].EOTP, [Станц...
Запрос14	0	SELECT Имена_станций.NAME, [Формулы_топлива(Схема)].numb1120 | FROM ([Станции(Схема)] LEFT JOIN [Формулы_топлива(Схема)] ON [Станции(Схема)].NUMB1120 = [Формулы_топлива(Схема)].numb1120) LEFT JOIN Имена_станций ON [Станции(Схема)].NUMB1120 = Имена_станций.NUMB | WHERE ((([Формулы_топлива(Схема)].numb1120) Is Null)); | 
Запрос15	0	SELECT Станции2010.NAME, [Станции(Схема)].NAME, [Станции(Схема)].YEAR, Имена_ОЭС.nameoes, [Станции(Схема)].NUMB1120 | FROM ([Станции(Схема)] INNER JOIN Станции2010 ON [Станции(Схема)].NUMB1120 = Станции2010.NUMB1120) INNER JOIN Имена_ОЭС ON [Станции(Схема)].OES = Имена_ОЭС.oes | WHERE ((([Станции(Схема)].YEAR)=2009)); | 
Запрос16	0	SELECT Имена_станций.NAME, [Доп_угли(архив)].YEAR | FROM [Доп_угли(архив)] INNER JOIN Имена_станций ON [Доп_угли(архив)].NUMB1120 = Имена_станций.NUMB | WHERE ((([Доп_угли(архив)].YEAR)=2009)); | 
Запрос17	0	SELECT Имена_станций.NAME, [Станции(архив)].year | FROM Имена_станций INNER JOIN [Станции(архив)] ON Имена_станций.NUMB = [Станции(архив)].numb1120 | WHERE ((([Станции(архив)].year)=2009)); | 
Запрос18	0	SELECT [Станции(архив)].numb1120, Станции2010.NUMB1120, Станции2010.NAME | FROM [Станции(архив)] RIGHT JOIN Станции2010 ON [Станции(архив)].numb1120 = Станции2010.NUMB1120; | 
Запрос19	64	INSERT INTO [рабочая станции(архив)] | SELECT [Станции(архив)].* | FROM [Станции(архив)]; | 
Запрос2	0	SELECT [Станции(Сибирь_Урал)].NUMB1120, [Станции(Сибирь_Урал)].OBOR | FROM [Станции(Сибирь_Урал)] | GROUP BY [Станции(Сибирь_Урал)].NUMB1120, [Станции(Сибирь_Урал)].OBOR; | 
Запрос3	0	SELECT Max([Станции(Схема)].NAME) AS [Max-NAME], [Станции(Схема)].NUMB1120, [Станции(Схема)].OBOR | FROM [Станции(Схема)] | GROUP BY [Станции(Схема)].NUMB1120, [Станции(Схема)].OBOR; | 
Запрос4	0	SELECT Max(Запрос3.[Max-NAME]) AS [Max-Max-NAME], Запрос3.NUMB1120, Count(Запрос3.OBOR) AS [Count-OBOR] | FROM Запрос3 | GROUP BY Запрос3.NUMB1120 | HAVING (((Count(Запрос3.OBOR))>1)); | 
Запрос5	64	INSERT INTO [Параметры-распределения] ( name, [year], filter, e, kplus, kmin, k, bkl, wname, uname, toplname, dopname, byear, kn, numb ) | SELECT [Параметры-распределения].name, 2011 AS [year], [Параметры-распределения].filter, [Параметры-распределения].e, [Параметры-распределения].kplus, [Параметры-распределения].kmin, [Параметры-распределения].k, [Параметры-распределения].bkl, [Параметры-распределения].wname, [Параметры-распределения].uname, [Параметры-распределения].toplname, [Параметры-распр...
Запрос50	0	SELECT Удельные2015.NAME, Удельные2015.YEAR, Удельные2015.k, Удельные2015.Y, Удельные2015.BTP, Удельные2015.SNTP, Удельные2015.BK, Удельные2015.SNK, Удельные2015.NUMB1120 | FROM Удельные2015 | ORDER BY Удельные2015.NAME; | 
Запрос6	0	SELECT [Станции(Схема)].NAME, [Станции(Схема)].NUST | FROM [Станции(Схема)] LEFT JOIN [Удельные(Схема)] ON ([Станции(Схема)].NUMB1120 = [Удельные(Схема)].numb1120) AND ([Станции(Схема)].YEAR = [Удельные(Схема)].year) | WHERE ((([Станции(Схема)].NUST)>0) AND (([Станции(Схема)].YEAR)=2004) AND (([Удельные(Схема)].numb1120) Is Null) AND (([Станции(Схема)].VED)>0)) | ORDER BY [Станции(Схема)].numb1; | 
Запрос7	0	SELECT [Станции(Схема)].[NAME], [Станции(Схема)].[OBOR], [Станции(Схема)].[VED], [Станции(Схема)].[NUMB1120], [Станции(Схема)].[numb1] | FROM [Станции(Схема)] | WHERE ((([Станции(Схема)].[YEAR])=2005)) | ORDER BY [Станции(Схема)].[numb1]; | 
Запрос8	0	SELECT [Станции(Схема)].NAME, [Станции(Схема)].OBOR, [Станции(Схема)].VED, [Станции(Схема)].NUMB1120 | FROM [Станции(Схема)] | WHERE ((([Станции(Схема)].YEAR)=2020)) | ORDER BY [Станции(Схема)].numb1; | 
Запрос9	0	SELECT [Запрос7].[NAME], [Запрос7].[VED], [Запрос7].[numb1] | FROM Запрос7 INNER JOIN Запрос8 ON [Запрос7].[NUMB1120]=[Запрос8].[NUMB1120] | WHERE ((([Запрос7].[VED])<>[Запрос8]![Ved])) | ORDER BY [Запрос7].[numb1]; | 
Из_Сумма_по_областям_в_Дефициты	48	UPDATE Дефициты INNER JOIN [Сумма_по_областям(таблица)] ON (Дефициты.year = [Сумма_по_областям(таблица)].YEAR) AND (Дефициты.obl = [Сумма_по_областям(таблица)].OBL) SET Дефициты.Nust = [Сумма_по_областям(таблица)]![NUST], Дефициты.E = [Сумма_по_областям(таблица)]![E]; | 
Из_электропотр_в_дефициты	48	UPDATE Дефициты INNER JOIN Электропотребление_и_др ON ([Дефициты].[obl]=[Электропотребление_и_др].[OBL]) AND ([Дефициты].[year]=[Электропотребление_и_др].[GOD]) SET Дефициты.DNust = [Dmaxees], Дефициты.Eпотр = [EP] | WHERE ((([Дефициты].[year])=2015)); | 
Изменение структуры топливного баланса	0	SELECT s.name, s.numb1120, s.Year, s.B, s.gaz, s.mazut, s.ugol, s.proch | FROM [Станции(архив)] AS s | WHERE (((s.Year)>2018) AND ((Exists (SELECT 1 |         FROM [Станции(архив)] AS s2 |         WHERE  |             s.numb1120 = s2.numb1120 |             AND s.year - 1 = s2.year |             AND ( |                 ABS(s2.gaz / s2.B - s.gaz / s.B) > 0.2 |                 OR ABS(s2.mazut / s2.B - s.mazut / s.B) > 0.2 |                 OR ABS(s2.ugol / s2.B - s.ugol / s.B) > 0.2 |              ...
Имена_в_станции	48	UPDATE [Станции(Схема)] INNER JOIN Имена_станций ON [Станции(Схема)].NUMB1120 = Имена_станций.NUMB SET [Станции(Схема)].NAME = [Имена_станций]![NAME] | WHERE ((([Станции(Схема)].YEAR)=2006)); | 
'Имена_станций' без подчиненных в 'Списки_агрегатов'	0	SELECT Имена_станций.NAME, Имена_станций.NUMB | FROM Имена_станций LEFT JOIN Списки_агрегатов ON Имена_станций.[NUMB] = Списки_агрегатов.[grcodec] | WHERE (((Списки_агрегатов.grcodec) Is Null)); | 
Итог	0	SELECT [Станции(макет)].OES, [Станции(макет)].YEAR, Sum([Станции(макет)].E) AS Сумма | FROM [Станции(макет)] | WHERE ((([Станции(макет)].VED)>0) AND (([Станции(макет)].OES)=2)) | GROUP BY [Станции(макет)].OES, [Станции(макет)].YEAR; | 
ИтогХ	16	TRANSFORM Sum([Станции(макет)].E) AS Сумма | SELECT IIf([obor]=21,"ПГУ",IIf([obor]=20,"ГТУ",IIf([obor]=22,"Диз",IIf([obor]=23,"Детанд","ПСУ")))) AS type | FROM [Станции(макет)] | WHERE ((([Станции(макет)].VED)=1 Or ([Станции(макет)].VED)=4) AND (([Станции(макет)].OES)=3)) | GROUP BY IIf([obor]=21,"ПГУ",IIf([obor]=20,"ГТУ",IIf([obor]=22,"Диз",IIf([obor]=23,"Детанд","ПСУ")))) | ORDER BY [Станции(макет)].YEAR | PIVOT [Станции(макет)].YEAR; | 
код_ОПЭС_в_списки	48	UPDATE Списки_агрегатов INNER JOIN [ОПЭС-ОТЭТ] ON Списки_агрегатов.stcode = [ОПЭС-ОТЭТ].ОТЭТ SET Списки_агрегатов.stcodeopes = [ОПЭС-ОТЭТ]![ОПЭС] | WHERE (((Списки_агрегатов.stcodeopes)=0)); | 
Коды_областей_в_НеТЭС	48	UPDATE НеТЭС, Имена_областей SET НеТЭС.obl = [Имена_областей]![OBL] | WHERE (((InStr([НеТЭС]![name],[keyword]))>0) And (([Имена_областей].[keyword]) Is Not Null)); | 
Контроль bт	0	SELECT [Станции(Схема)].OES, [Станции(Схема)].NUMB1120, Имена_станций.NAME, [Станции(Схема)].Year, [Станции(Схема)].VED | FROM [Станции(Схема)] INNER JOIN Имена_станций ON [Станции(Схема)].NUMB1120 = Имена_станций.NUMB | WHERE ((([Станции(Схема)].Q)>0) AND (([Станции(Схема)].TURT) Is Null Or ([Станции(Схема)].TURT)=0)) | GROUP BY [Станции(Схема)].OES, [Станции(Схема)].NUMB1120, Имена_станций.NAME, [Станции(Схема)].Year, [Станции(Схема)].VED | HAVING ((([Станции(Схема)].Year)>2025) AND (([Станции...
Контроль сн	0	SELECT ras_sn.numb1120, Max(ras_sn.сн_2026) AS сн_2026, Max(ras_sn.сн_2031) AS сн_2031, (Max(ras_sn.сн_2031)-Max(ras_sn.сн_2026)) AS difference, Имена_станций.NAME, Имена_станций.OES | FROM (SELECT  |             numb1120, |             IIf([e]<>0 And YEAR = 2026, ([e] - [eotp]) / [e] * 100, NULL) AS сн_2026, |             IIf([e]<>0 And YEAR = 2031, ([e] - [eotp]) / [e] * 100, NULL) AS сн_2031 |         FROM  |             [Станции(Схема)] |         WHERE  |             YEAR IN (2026, 2031) |  ...
Контроль списков	16	TRANSFORM Sum([Станции(Схема)].NUST) AS [Sum-NUST] | SELECT [Станции(Схема)].OES, Имена_станций.NAME | FROM (Станции_выше_500_МВт INNER JOIN [Станции(Схема)] ON Станции_выше_500_МВт.NUMB = [Станции(Схема)].NUMB1120) INNER JOIN Имена_станций ON Станции_выше_500_МВт.NUMB = Имена_станций.NUMB | WHERE ((([Станции(Схема)].OES)=3) AND ((Имена_станций.MAIN) Is Null)) | GROUP BY [Станции(Схема)].OES, Имена_станций.NAME | PIVOT [Станции(Схема)].YEAR; | 
Контроль_NR	0	SELECT Станции2018.NAME AS Выражение1, [Станции(Схема)].NR AS nrd, Станции2018.nr AS nrs, [Станции(Схема)]![NR]-[Станции2018]![nr] AS d | FROM ([Станции(Схема)] INNER JOIN vartobase ON [Станции(Схема)].NUMB1120 = vartobase.NUMB1120) INNER JOIN Станции2018 ON vartobase.link = Станции2018.NUMB1120 | WHERE ((([Станции(Схема)]![NR]-[Станции2018]![nr])<>0) AND (([Станции(Схема)].YEAR)=2018)) | ORDER BY [Станции(Схема)].numb1; | 
Контроль_Nt	0	SELECT Имена_станций.NAME, [Станции(Схема)].Year, [Станции(Схема)].NT, Сумма_агрегатов_Nt.Nt28, Z([Nt])-Z([Nt28]) AS d, [Станции(Схема)].NUMB1120 | FROM ([Станции(Схема)] INNER JOIN Сумма_агрегатов_Nt ON [Станции(Схема)].NUMB1120 = Сумма_агрегатов_Nt.grcode) INNER JOIN Имена_станций ON [Станции(Схема)].NUMB1120 = Имена_станций.NUMB | WHERE ((([Станции(Схема)].Year)=2028) AND ((Z([Nt])-Z([Nt28]))<>0)); | 
Контроль_доп_углей	0	SELECT Доп_угли_1135_новый.YEAR, Доп_угли_1135_новый.NUMB1120, Count(Доп_угли_1135_новый.NUMB1120) AS [Count-NUMB1120] | FROM Доп_угли_1135_новый | GROUP BY Доп_угли_1135_новый.YEAR, Доп_угли_1135_новый.NUMB1120 | HAVING (((Count(Доп_угли_1135_новый.NUMB1120))>1)); | 
Контроль_оборудования	0	SELECT Имена_станций.NAME, Станции2016.YEAR AS Выражение1, Станции2016.OBOR AS Выражение2 | FROM Станции2016, Имена_станций | WHERE (((Станции2016.OBOR) Is Null Or (Станции2016.OBOR)=0) AND ((Станции2016.VED)>0)); | 
Контроль_удельных_ГТУ_и_ПГУ	0	SELECT Имена_станций.NAME, [Станция-конфигурация].conf, GTD.Model, GTD.NN, GTD.KPD, [Удельные(Схема)].Bk, [Удельные(Схема)].btp, [Удельные(Схема)].y, [Удельные(Схема)].snk, [Удельные(Схема)].sntp | FROM ([Станции(Схема)] LEFT JOIN [Удельные(Схема)] ON [Станции(Схема)].NUMB1120 = [Удельные(Схема)].numb1120) INNER JOIN ((link INNER JOIN Имена_станций ON link.link = Имена_станций.NUMB) LEFT JOIN ((Конфигурации RIGHT JOIN [Станция-конфигурация] ON Конфигурации.conf = [Станция-конфигурация].conf) LEF...
Контроль-E	0	SELECT [Рабочий(станции)].OES, [Рабочий(станции)].OBL, Имена_станций.NAME, [Рабочий(станции)].E, [Рабочий(станции)].Year | FROM [Рабочий(станции)] INNER JOIN Имена_станций ON [Рабочий(станции)].NUMB1120 = Имена_станций.NUMB | WHERE ((([Рабочий(станции)].E)>0) AND (([Рабочий(станции)].Year)>2025) AND (([Рабочий(станции)].NUST)=0 Or ([Рабочий(станции)].NR) Is Null)) | ORDER BY [Рабочий(станции)].OES, [Рабочий(станции)].OBL, [Рабочий(станции)].numb1; | 
Контроль-H	0	SELECT [Рабочий(станции)].OES, [Рабочий(станции)].OBL, Имена_станций.NAME, [Рабочий(станции)].Year, [e]/[nust]*1000 AS H, [ewtp]/[nust]*1000 AS Htp, IIf([main]>0,1,0) AS [group], IIf([ved]>0,0,1) AS sost, [Рабочий(станции)].OES | FROM [Рабочий(станции)] INNER JOIN Имена_станций ON [Рабочий(станции)].NUMB1120 = Имена_станций.NUMB | WHERE ((([e]/[nust]*1000)>8000) AND ((IIf([ved]>0,0,1))=0) AND (([Рабочий(станции)].Year)=2028 And ([Рабочий(станции)].Year)>2022) AND (([Рабочий(станции)].NUST)>0)) |...
Контроль-QOTR_Аня	0	SELECT [Рабочий(станции)].OES, [Рабочий(станции)].OBL, Имена_станций.NAME, [Рабочий(станции)].QOTR, [Рабочий(станции)].Year | FROM [Рабочий(станции)] INNER JOIN Имена_станций ON [Рабочий(станции)].NUMB1120 = Имена_станций.NUMB | WHERE ((([Рабочий(станции)].QOTR)>0) AND (([Рабочий(станции)].Year)>2024) AND (([Рабочий(станции)].NR)=0 Or ([Рабочий(станции)].NR) Is Null)) | ORDER BY [Рабочий(станции)].OES, [Рабочий(станции)].OBL, [Рабочий(станции)].numb1; | 
Конфигурации по станциям	0	SELECT Имена_станций.NAME, Конфигурации.NGT, GTD.Model AS ГТУ, Конфигурации.NKU, [Котлы-утилизаторы].Model AS Котел, Конфигурации.NPT, [Паровые турбины].Model AS ПТ, [Станция-конфигурация].stan, GTD.NN, GTD.KPD | FROM (((([Станция-конфигурация] INNER JOIN Конфигурации ON [Станция-конфигурация].conf = Конфигурации.conf) INNER JOIN Имена_станций ON [Станция-конфигурация].stan = Имена_станций.NUMB) INNER JOIN GTD ON Конфигурации.GT = GTD.cmodel) LEFT JOIN [Котлы-утилизаторы] ON Конфигурации.KU = [К...
Копирование удельных из СиПР_2030	0	SELECT ud_2031.name, ud_2031.Year, ud_2031.Bk, ud_2030.Bk, ud_2030.snk, ud_2030.y, ud_2030.btp, ud_2030.sntp, ud_2030.numb1120, ud_2030.numb1 | FROM [Удельные(Схема)] AS ud_2031 INNER JOIN [Удельные(Схема)_2030] AS ud_2030 ON (ud_2031.numb1120 = ud_2030.numb1120) AND (ud_2031.year = ud_2030.year) | WHERE (((ud_2031.Year)=2024) AND ((ud_2031.Bk)=0 Or (ud_2031.Bk) Is Null) AND ((ud_2030.Bk)>0)); | 
Копирование_в_группы_натура	48	UPDATE (Натура99 INNER JOIN Имена_станций ON Натура99.NUMB1120 = Имена_станций.NUMB) INNER JOIN Натура99 AS Натура99_1 ON (Натура99.YEAR = Натура99_1.YEAR) AND (Имена_станций.MAIN = Натура99_1.NUMB1120) SET Натура99.DON = [Натура99_1]![don], Натура99.PODM = [Натура99_1]![podm], Натура99.vork = [Натура99_1]![vork], Натура99.intin = [Натура99_1]![intin], Натура99.KUZN = [Натура99_1]![kuzn], Натура99.sver = [Натура99_1]![sver], Натура99.chel = [Натура99_1]![chel], Натура99.kizel = [Натура99_1]![kiz...
Копирование_данных_со_станции_на_группу	48	UPDATE ([Станции(Схема)] AS d INNER JOIN Имена_станций ON d.NUMB1120 = Имена_станций.NUMB) INNER JOIN [Станции(Схема)] AS s ON (d.YEAR = s.YEAR) AND (Имена_станций.MAIN = s.NUMB1120) SET d.NUST = [s]![nust], d.NR = [s]![nr], d.E = [s]![e], d.EOTP = [s]![eotp], d.EURT = [s]![eurt], d.EUST = [s]![eust], d.Q = [s]![q], d.TURT = [s]![turt], d.TUST = [s]![tust], d.B = [s]![b], d.GAZ = [s]![gaz], d.ISK_GAZ = [s]![isk_gaz], d.MAZUT = [s]![mazut], d.TORF = [s]![torf], d.PROCH = [s]![proch], d.UGOL = [s]...
Копирование_данных_со_станции_на_группу1	48	UPDATE ([Станции(Схема)] AS d INNER JOIN Имена_станций ON d.NUMB1120 = Имена_станций.NUMB) INNER JOIN [Станции(Схема)] AS s ON (d.YEAR = s.YEAR) AND (Имена_станций.MAIN = s.NUMB1120) SET d.NUST = [s]![nust], d.NR = [s]![nr], d.E = [s]![e], d.EOTP = [s]![eotp], d.EURT = [s]![eurt], d.EUST = [s]![eust], d.Q = [s]![q], d.TURT = [s]![turt], d.TUST = [s]![tust], d.B = [s]![b], d.GAZ = [s]![gaz], d.ISK_GAZ = [s]![isk_gaz], d.MAZUT = [s]![mazut], d.TORF = [s]![torf], d.PROCH = [s]![proch], d.UGOL = [s]...
Копирование_доп_углей	48	UPDATE ([Доп_угли(Схема)] LEFT JOIN vartobase ON [Доп_угли(Схема)].NUMB1120 = vartobase.NUMB1120) LEFT JOIN Доп_угли2024 AS Dop ON vartobase.link = Dop.NUMB1120 SET [Доп_угли(Схема)].NAME = [Dop]![NAME], [Доп_угли(Схема)].[YEAR] = [Dop]![YEAR], [Доп_угли(Схема)].nazar = [Dop]![nazar], [Доп_угли(Схема)].ibor = [Dop]![ibor], [Доп_угли(Схема)].berez = [Dop]![berez], [Доп_угли(Схема)].per = [Dop]![per], [Доп_угли(Схема)].gusin = [Dop]![gusin], [Доп_угли(Схема)].tugn = [Dop]![tugn], [Доп_угли(Схема)]...
Копирование_доп_углей_со_станции_на_группу	64	INSERT INTO [Доп_угли(Схема)] ( NAME, [YEAR], nazar, ibor, berez, per, irbei, kansk, gusin, tugn, okino, azey, mug, cher, jer, karab, vork, intin, sver, chel, kizel, sosv, kuzngd, kuznt, kuznss, kuznun, har, urt, tataur, tarbag, zab_kam, rai, erk, ogodj, svo, bikin, razdol, hankai, neru, zyryan, pyak, anad, bering, ekib, maikub, karag, karajyra, teniz, gazpp, gaz_prir, maztop, gtt, disel, nft_proch, domen_g, koks_g, prochgaz, tvproch, szh_gaz, inoe, NUMB1120, numb1, v, oes ) | SELECT d.NAME, d.Y...
Копирование_показателей	48	UPDATE ([Станции(Схема)] LEFT JOIN vartobase ON [Станции(Схема)].NUMB1120 = vartobase.NUMB1120) LEFT JOIN Станции2017 ON vartobase.link = Станции2017.NUMB1120 SET [Станции(Схема)].[YEAR] = 2017, [Станции(Схема)].NUST = [Станции2017]![NUST], [Станции(Схема)].NR = [Станции2017]![NR], [Станции(Схема)].E = [Станции2017]![E], [Станции(Схема)].EOTP = [Станции2017]![EOTP], [Станции(Схема)].EURT = [Станции2017]![EURT], [Станции(Схема)].EUST = [Станции2017]![EUST], [Станции(Схема)].Q = [Станции2017]![Q],...
Копирование_удельных	48	UPDATE ([Удельные(Схема)] LEFT JOIN vartobase ON [Удельные(Схема)].numb1120 = vartobase.NUMB1120) LEFT JOIN Удельные2024 ON vartobase.link = Удельные2024.NUMB1120 SET [Удельные(Схема)].[year] = [Удельные2024]![YEAR], [Удельные(Схема)].snk = [Удельные2024]![snk], [Удельные(Схема)].btp = [Удельные2024]![btp], [Удельные(Схема)].sntp = [Удельные2024]![sntp], [Удельные(Схема)].Bk = [Удельные2024]![Bk], [Удельные(Схема)].y = [Удельные2024]![Y] | WHERE ((([Удельные(Схема)].year)=2024) AND (([Удельные(С...
Копирование_удельных_со_станции_на_группу	64	INSERT INTO [Удельные(Схема)] ( name, [year], snk, k, obor, btp, sntp, Bk, y, Kh, bbas, Ksn, snbas, numb1120, numb1, v, fbt ) | SELECT [Удельные(Схема)].name, [Удельные(Схема)].year, [Удельные(Схема)].snk, [Удельные(Схема)].k, [Удельные(Схема)].obor, [Удельные(Схема)].btp, [Удельные(Схема)].sntp, [Удельные(Схема)].Bk, [Удельные(Схема)].y, [Удельные(Схема)].Kh, [Удельные(Схема)].bbas, [Удельные(Схема)].Ksn, [Удельные(Схема)].snbas, [код группы] AS numb1120, [номер] AS numb1, [Удельные(Схема)].v, ...
Копирование_формул_топлива_со_станции_на_группу	64	INSERT INTO [Формулы_топлива(Схема)] ( NAME, [year], formtxt, numb1120, numb1, v ) | SELECT [Формулы_топлива(Схема)].NAME, [Формулы_топлива(Схема)].year, [Формулы_топлива(Схема)].formtxt, [код группы] AS numb1120, [номер] AS numb1, [Формулы_топлива(Схема)].v | FROM [Формулы_топлива(Схема)] | WHERE ((([Формулы_топлива(Схема)].numb1120)=[код станции])); | 
Котельные	0	SELECT Имена_станций.NAME, [Станции(Щадов_до_2020)].YEAR, [Станции(Щадов_до_2020)].Q, InStr([Имена_станций]![NAME],"котельные") AS k | FROM [Станции(Щадов_до_2020)] INNER JOIN Имена_станций ON [Станции(Щадов_до_2020)].NUMB1120 = Имена_станций.NUMB | WHERE ((([Станции(Щадов_до_2020)].YEAR)=1999) AND (([Станции(Щадов_до_2020)].OBOR)=95)) | ORDER BY [Станции(Щадов_до_2020)].numb1; | 
Коэфф-оптим	0	SELECT Удельные1100.name, Удельные1100.Bk, 1.1-0.2*(2.75-[Удельные1100]![Bk]/200) AS k | FROM Удельные1100 INNER JOIN Станции1100 ON Удельные1100.numb1120 = Станции1100.NUMB1120 | WHERE (((Станции1100.OBOR)>89) AND ((Станции1100.YEAR)=1998) AND ((Станции1100.VED)>0) AND ((Станции1100.NUST)>0)); | 
Лишние_группы	0	SELECT Имена_станций.NAME, [Станции(Схема)].NUMB1120 | FROM ([Станции(Схема)] LEFT JOIN Списки_агрегатов ON [Станции(Схема)].NUMB1120 = Списки_агрегатов.grcode) INNER JOIN Имена_станций ON [Станции(Схема)].NUMB1120 = Имена_станций.NUMB | WHERE (((Списки_агрегатов.grcode) Is Null) AND (([Станции(Схема)].VED)>0) AND (([Станции(Схема)].OBOR)<>95)) | GROUP BY Имена_станций.NAME, [Станции(Схема)].NUMB1120, [Станции(Схема)].OES | ORDER BY [Станции(Схема)].OES; | 
Макс_код	0	SELECT Max(Имена_станций.NUMB) AS Max_NUMB | FROM Имена_станций; | 
Макс_код_типа	0	SELECT Max([Имена_станций].[GK]) AS [Max-GK] | FROM Имена_станций | WHERE ((([Имена_станций].[BE])=5)); | 
Максимальный_код_линии	0	SELECT Max(Сети.id) AS [Max-id] | FROM Сети | WHERE (((Сети.oes)=6)); | 
Максимальный_код_области	0	SELECT Max([Имена_областей].[OBL]) AS [Max-OBL] | FROM Имена_областей | WHERE ((([Имена_областей].[OBL])>=100 And ([Имена_областей].[OBL])<=199)); | 
Мощности_не_ТЭС	0	SELECT Списки_не_ТЭС.IMST, Списки_не_ТЭС.NST, Sum(Списки_не_ТЭС.[2008]) AS 2008, Sum(Списки_не_ТЭС.[2009]) AS 2009, Sum(Списки_не_ТЭС.[2010]) AS 2010, Sum(Списки_не_ТЭС.[2011]) AS 2011, Sum(Списки_не_ТЭС.[2012]) AS 2012, Sum(Списки_не_ТЭС.[2013]) AS 2013, Sum(Списки_не_ТЭС.[2014]) AS 2014, Sum(Списки_не_ТЭС.[2015]) AS 2015, Sum(Списки_не_ТЭС.[2016]) AS 2016, Sum(Списки_не_ТЭС.[2017]) AS 2017, Sum(Списки_не_ТЭС.[2018]) AS 2018, Sum(Списки_не_ТЭС.[2019]) AS 2019, Sum(Списки_не_ТЭС.[2020]) AS 2020,...
Мощности_станций	16	TRANSFORM Sum([Станции(Схема)].NUST) AS [Sum-NUST] | SELECT Станции_выше_500_МВт.NAME, Станции_выше_500_МВт.ordnumb | FROM [Станции(Схема)] INNER JOIN Станции_выше_500_МВт ON [Станции(Схема)].NUMB1120 = Станции_выше_500_МВт.NUMB | WHERE ((([Станции(Схема)].YEAR)<2016)) | GROUP BY Станции_выше_500_МВт.NAME, Станции_выше_500_МВт.ordnumb | ORDER BY Станции_выше_500_МВт.ordnumb | PIVOT [Станции(Схема)].YEAR; | 
Мощности_станций_сумма_агрегатов	0	SELECT Станции_выше_500_МВт.NAME, Станции_выше_500_МВт.ordnumb, Sum(Списки_агрегатов.[2008]) AS [Sum-2008], Sum(Списки_агрегатов.[2009]) AS [Sum-2009], Sum(Списки_агрегатов.[2010]) AS [Sum-2010], Sum(Списки_агрегатов.[2011]) AS [Sum-2011], Sum(Списки_агрегатов.[2012]) AS [Sum-2012], Sum(Списки_агрегатов.[2013]) AS [Sum-2013], Sum(Списки_агрегатов.[2014]) AS [Sum-2014], Sum(Списки_агрегатов.[2015]) AS [Sum-2015] | FROM Списки_агрегатов INNER JOIN Станции_выше_500_МВт ON Списки_агрегатов.stcode = ...
не хватает в отчёте, есть в СИПР	0	SELECT [Станции_для_сводной(Схема)].*, [Станции_для_сводной(Схема)].Year | FROM [нет в отчёте_есть в СИПР] INNER JOIN [Станции_для_сводной(Схема)] ON [нет в отчёте_есть в СИПР].NUMB1120 = [Станции_для_сводной(Схема)].NUMB1120 | WHERE ((([Станции_для_сводной(Схема)].Year)=2026)) | WITH OWNERACCESS OPTION; | 
Не_ТЭС	0	SELECT Списки_не_ТЭС.*, Имена_станций_не_ТЭС.reu, Имена_станций_не_ТЭС.nreu, Имена_станций_не_ТЭС.obl, Имена_областей.NAME, Имена_областей.OES, Имена_станций_не_ТЭС.type | FROM (Списки_не_ТЭС INNER JOIN Имена_станций_не_ТЭС ON Списки_не_ТЭС.NST = Имена_станций_не_ТЭС.NST) INNER JOIN Имена_областей ON Имена_станций_не_ТЭС.obl = Имена_областей.OBL; | 
Небаланс	0	SELECT DISTINCTROW [Рабочий(станции)].NAME, [Рабочий(станции)].OES, [Рабочий(станции)].numb1, [Рабочий(станции)].YEAR, Abs([B]-z([EUST])-z([TUST])) AS BэBт, Abs([B]-z([GAZ])-z([MAZUT])-z([TORF])-z([SLAN])-z([PROCH])-z([UGOL])) AS Топливо, Abs(z([ugol])-z([DON])-z([PODM])-z([PECH])-z([KUZN])-z([URAL])-z([BASHK])-z([EKIB])-z([KARAG])-z([KAN])-z([IRKUT])-z([HAK])-z([TUV])-z([BUR])-z([CHIT])-z([NER])-z([RAICH])-z([URG])-z([PRIM])-z([LUCH])-z([MAG])-z([SAH])) AS DU, [Рабочий(станции)].NUMB1120 | FROM...
Небаланс(просмотр)	0	SELECT DISTINCTROW Имена_станций.NAME, Небаланс.BэBт, Небаланс.Топливо, Небаланс.DU, Небаланс.YEAR, Небаланс.OES, Имена_станций.NUMB | FROM Небаланс LEFT JOIN Имена_станций ON Небаланс.NUMB1120 = Имена_станций.NUMB | WHERE (((Небаланс.DU)>0.5)) OR (((Небаланс.BэBт)>0.5)) OR (((Небаланс.Топливо)>0.5)); | 
Недостающие данные по промпредприятиям для экологии	0	SELECT Имена_станций.NAME, Имена_ОЭС.nameoes, Имена_эк_районов.name AS ername, Имена_областей.NAME AS oblname, Имена_станций.ordnumb, [Станции(Схема)].Year, IIf([Станции(Схема)].[NUST]>0,[Станции(Схема)].[NUST],0) AS NUST, [Станции(Схема)].NR, IIf([Станции(Схема)].[E]>0,[Станции(Схема)].[E],0) AS E, IIf([Станции(Схема)].[EOTP]>0,[Станции(Схема)].[EOTP],0) AS EOTP, IIf([Станции(Схема)].[EURT]>0,[Станции(Схема)].[EURT],0) AS EURT, IIf([Станции(Схема)].[EUST]>0,[Станции(Схема)].[EUST],0) AS EUST, I...
Нет bt	0	SELECT Имена_станций.NAME, [Станции(Схема)].Year, [Станции(Схема)].Q, [Станции(Схема)].TURT, [Станции(Схема)].NUMB1120, Имена_ОЭС.nameoes, Имена_областей.NAME AS oblast | FROM Имена_областей INNER JOIN (Имена_ОЭС INNER JOIN ([Станции(Схема)] INNER JOIN Имена_станций ON [Станции(Схема)].NUMB1120 = Имена_станций.NUMB) ON Имена_ОЭС.oes = Имена_станций.OES) ON Имена_областей.OBL = Имена_станций.OBL | WHERE ((([Станции(Схема)].Q)>0) AND (([Станции(Схема)].TURT)=0 Or ([Станции(Схема)].TURT) Is Null) A...
нет TURT	0	SELECT [Станции(Схема)].numb1120, [Станции(Схема)].Q | FROM [Станции(Схема)] | WHERE ((([Станции(Схема)].numb1120) Not In (SELECT numb1120 |     FROM [Станции(Схема)] |     WHERE year = 2042 AND TURT IS NOT NULL | )) AND (([Станции(Схема)].year)=2018) AND (([Станции(Схема)].Q)>0)); | 
Нет в натуре	0	SELECT [Станции(Схема)].NAME | FROM [Станции(Схема)] LEFT JOIN Натура99 ON ([Станции(Схема)].NUMB1120 = Натура99.NUMB1120) AND ([Станции(Схема)].YEAR = Натура99.YEAR) | WHERE ((([Станции(Схема)].YEAR)=2005) AND (([Станции(Схема)].NUST)>0) AND ((Натура99.NUMB1120) Is Null) AND (([Станции(Схема)].UGOL)>0)); | 
нет в отчёте_есть в СИПР	0	SELECT Станции2024.NAME, Станции2024.YEAR AS 2024, [Станции(Схема)].YEAR AS 2026, Станции2024.E AS 2024_E, [Станции(Схема)].E AS 2026_E, [Станции(Схема)].BE, Станции2024.B AS 2024_B, [Станции(Схема)].B AS 2026_B, Станции2024.NUMB1120 | FROM Станции2024 LEFT JOIN [Станции(Схема)] ON Станции2024.NUMB1120 = [Станции(Схема)].NUMB1120 | WHERE ((([Станции(Схема)].YEAR)=2026) AND (([Станции(Схема)].BE)=9) AND ((Станции2024.B)=0 Or (Станции2024.B) Is Null) AND (([Станции(Схема)].B)>0)) | WITH OWNERACCES...
нет города	0	SELECT [Станции(Схема)].NAME | FROM [Станции(Схема)] INNER JOIN Имена_станций ON [Станции(Схема)].NUMB1120 = Имена_станций.NUMB | WHERE ((([Станции(Схема)].YEAR)=2005) AND ((Имена_станций.codegor) Is Null)) | ORDER BY Имена_станций.ordnumb; | 
Нет удельных	0	SELECT Имена_станций.NAME, [Станции(Схема)].NUST, [Станции(Схема)].VED, [Удельные(Схема)].year, [Станции(Схема)].OES | FROM ([Станции(Схема)] LEFT JOIN [Удельные(Схема)] ON [Станции(Схема)].NUMB1120 = [Удельные(Схема)].numb1120) INNER JOIN Имена_станций ON [Станции(Схема)].NUMB1120 = Имена_станций.NUMB | WHERE ((([Станции(Схема)].NUST)>0) AND (([Станции(Схема)].VED)>0) AND (([Удельные(Схема)].year) Is Null)); | 
Нет_в_не_ТЭС	0	SELECT Списки_не_ТЭС.IMST, Списки_не_ТЭС.NST, Имена_станций_не_ТЭС.NST | FROM Списки_не_ТЭС LEFT JOIN Имена_станций_не_ТЭС ON Списки_не_ТЭС.NST = Имена_станций_не_ТЭС.NST | WHERE (((Имена_станций_не_ТЭС.NST) Is Null)); | 
Нет_оборудования	0	SELECT [Станции(Схема)].OES, Имена_станций.NAME | FROM [Станции(Схема)] INNER JOIN Имена_станций ON [Станции(Схема)].NUMB1120 = Имена_станций.NUMB | WHERE ((([Станции(Схема)].VED)>0) AND (([Станции(Схема)].NUST)>0) AND (([Станции(Схема)].OBOR)=0 Or ([Станции(Схема)].OBOR) Is Null)) | GROUP BY [Станции(Схема)].OES, Имена_станций.NAME; | 
Нет_тепловой_мощности	0	SELECT [Станции(Схема)].OES, Имена_станций.NAME, [Станции(Схема)].YEAR, [Станции(Схема)].OBOR, [Станции(Схема)].NT, [Станции(Схема)].Q | FROM [Станции(Схема)] INNER JOIN Имена_станций ON [Станции(Схема)].NUMB1120 = Имена_станций.NUMB | WHERE ((([Станции(Схема)].YEAR)>2011) AND (([Станции(Схема)].OBOR)=90 Or ([Станции(Схема)].OBOR)=91) AND (([Станции(Схема)].NT)=0 Or ([Станции(Схема)].NT) Is Null) AND (([Станции(Схема)].NUST)>0) AND (([Станции(Схема)].Q)>0)) | ORDER BY [Станции(Схема)].OES, [Стан...
Нет_топлива	0	SELECT Имена_станций.NAME | FROM ([Станции(Схема)] LEFT JOIN [Формулы_топлива(Схема)] ON [Станции(Схема)].NUMB1120 = [Формулы_топлива(Схема)].numb1120) INNER JOIN Имена_станций ON [Станции(Схема)].NUMB1120 = Имена_станций.NUMB | WHERE ((([Формулы_топлива(Схема)].numb1120) Is Null) AND (([Станции(Схема)].VED)>0)) | GROUP BY Имена_станций.NAME, [Станции(Схема)].NUST | HAVING ((([Станции(Схема)].NUST)>0)); | 
Нет2002	0	SELECT Имена_станций.NAME, Count([Станции(Стратегия)].YEAR) AS [Count-YEAR], [Станции(Стратегия)].NUMB1120, [Станции(Стратегия)].numb1 | FROM [Станции(Стратегия)] INNER JOIN Имена_станций ON [Станции(Стратегия)].NUMB1120 = Имена_станций.NUMB | GROUP BY Имена_станций.NAME, [Станции(Стратегия)].NUMB1120, [Станции(Стратегия)].numb1 | HAVING (((Count([Станции(Стратегия)].YEAR))<>9)); | 
Новое обрудование	0	SELECT Имена_станций.NAME, Списки_агрегатов.[2025], Списки_агрегатов.[2027], Имена_станций.OES, [Станции(Схема)].YEAR, * | FROM (Списки_агрегатов INNER JOIN Имена_станций ON Списки_агрегатов.grcode = Имена_станций.NUMB) INNER JOIN [Станции(Схема)] ON Списки_агрегатов.grcode = [Станции(Схема)].NUMB1120 | WHERE (((Списки_агрегатов.[2025])=0 Or (Списки_агрегатов.[2025]) Is Null) AND ((Списки_агрегатов.[2027])>0) AND ((Имена_станций.OES)=2) AND (([Станции(Схема)].YEAR)=2025 Or ([Станции(Схема)].YEAR...
Новые части_Аня	0	SELECT Имена_станций.NAME, Имена_станций.R, [Станции(Схема)].NUMB1120, Имена_станций.MAIN | FROM [Станции(Схема)] LEFT JOIN Имена_станций ON [Станции(Схема)].NUMB1120 = Имена_станций.NUMB | WHERE (((Имена_станций.R)=2) AND ((Имена_станций.MAIN)>0) AND (([Станции(Схема)].Year)=2022)) OR (((Имена_станций.R) Is Null) AND (([Станции(Схема)].Year)=2022)); | 
Новые_составные	0	SELECT Имена_станций.NAME, [NUST-перекрестный].[1999], [NUST-перекрестный].NUMB1120 | FROM [NUST-перекрестный] INNER JOIN Имена_станций ON [NUST-перекрестный].NUMB1120 = Имена_станций.NUMB | WHERE ((([NUST-перекрестный].[1999])=0 Or ([NUST-перекрестный].[1999]) Is Null) AND (([NUST-перекрестный].NUMB1120)<>875) AND ((z([2000])+z([2001])+z([2002])+z([2003])+z([2004])+z([2005])+z([2010])+z([2015])+z([2020]))>0) AND ((Имена_станций.COMP)=1)); | 
Новые-станции(запрос)	0	SELECT Имена_станций.NAME, [NUST-перекрестный].[1999] AS Выражение1, [NUST-перекрестный].NUMB1120, Имена_станций.MAIN | FROM [NUST-перекрестный] INNER JOIN Имена_станций ON [NUST-перекрестный].NUMB1120 = Имена_станций.NUMB | WHERE ((([NUST-перекрестный].[1999])=0 Or ([NUST-перекрестный].[1999]) Is Null) AND ((Имена_станций.MAIN)=0 Or (Имена_станций.MAIN) Is Null) AND ((z([2000])+z([2001])+z([2002])+z([2003])+z([2004])+z([2005])+z([2010])+z([2015])+z([2020]))>0)) | ORDER BY Имена_станций.ordnumb;...
Области(всего)	0	SELECT DISTINCTROW w.OES, w.YEAR, Sum(w.NUST) AS NUST, Sum(w.E) AS E, Sum(w.EOTP) AS EOTP, IIf([EOTP]>0,[EUST]/[EOTP]*1000,0) AS EURT, Sum(w.EUST) AS EUST, Sum(w.Q) AS Q, IIf([Q]>0,[TUST]/[Q]*1000,0) AS TURT, Sum(w.TUST) AS TUST, Sum(w.B) AS B, Sum(w.GAZ) AS GAZ, Sum(w.MAZUT) AS MAZUT, Sum(w.TORF) AS TORF, Sum(w.SLAN) AS SLAN, Sum(w.PROCH) AS PROCH, Sum(w.UGOL) AS UGOL, Sum(w.DON) AS DON, Sum(w.PODM) AS PODM, Sum(w.PECH) AS PECH, Sum(w.alt) AS ALT, Sum(w.KUZN) AS KUZN, Sum(w.URAL) AS URAL, Sum(w...
Области(Всего+по-вед)	0	SELECT DISTINCTROW First([Имена-итогов].NAME) AS NAME, [Рабочий(станции)].OBL, [Рабочий(станции)].OES, [Имена-итогов].NUMB1, [Рабочий(станции)].YEAR, Sum([Рабочий(станции)].NUST) AS NUST, Sum([Рабочий(станции)].E) AS E, Sum([Рабочий(станции)].EOTP) AS EOTP, IIf([EOTP]>0,[EUST]/[EOTP]*1000,0) AS EURT, Sum([Рабочий(станции)].EUST) AS EUST, Sum([Рабочий(станции)].Q) AS Q, IIf([Q]>0,[TUST]/[Q]*1000,0) AS TURT, Sum([Рабочий(станции)].TUST) AS TUST, Sum([Рабочий(станции)].B) AS B, Sum([Рабочий(станции...
Области(КЭС/ТЭЦ)	0	SELECT DISTINCTROW w.OES, w.YEAR, Sum(w.NUST) AS NUST, Sum(w.E) AS E, Sum(w.EOTP) AS EOTP, IIf([EOTP]>0,[EUST]/[EOTP]*1000,0) AS EURT, Sum(w.EUST) AS EUST, Sum(w.Q) AS Q, IIf([Q]>0,[TUST]/[Q]*1000,0) AS TURT, Sum(w.TUST) AS TUST, Sum(w.B) AS B, Sum(w.GAZ) AS GAZ, Sum(w.MAZUT) AS MAZUT, Sum(w.TORF) AS TORF, Sum(w.SLAN) AS SLAN, Sum(w.PROCH) AS PROCH, Sum(w.UGOL) AS UGOL, Sum(w.DON) AS DON, Sum(w.PODM) AS PODM, Sum(w.PECH) AS PECH, Sum(w.ALT) AS ALT, Sum(w.KUZN) AS KUZN, Sum(w.URAL) AS URAL, Sum(w...
Обновление Q в Станции(Схема) из ГС	48	UPDATE [Станции(Схема)] INNER JOIN [Станции(Схема)_ГС] ON ([Станции(Схема)].NUMB1120 = [Станции(Схема)_ГС].NUMB1120) AND ([Станции(Схема)].YEAR = [Станции(Схема)_ГС].YEAR) SET [Станции(Схема)].Q = [Станции(Схема)_ГС]![Q], [Станции(Схема)].QOTR = [Станции(Схема)_ГС]![QOTR] | WHERE ((([Станции(Схема)].YEAR)>2022)); | 
Обновление Q в Станции(Схема) из СТ1	48	UPDATE ([Тепло по ТЭС строки в столбцах] INNER JOIN [Станции(Схема)] ON [Тепло по ТЭС строки в столбцах].year = [Станции(Схема)].YEAR) INNER JOIN vartobase ON ([Тепло по ТЭС строки в столбцах].NUMB1120 = vartobase.link) AND ([Станции(Схема)].NUMB1120 = vartobase.NUMB1120) SET [Станции(Схема)].Q = [Тепло по ТЭС строки в столбцах]![Q] | WHERE ((([Тепло по ТЭС строки в столбцах]![Q])>0)); | 
Обновление доп_угли(Схема)_Аня	48	UPDATE ([Доп_угли(Схема)] AS D INNER JOIN Доп_угли2024 AS S ON (D.NUMB1120 = S.NUMB1120) AND (D.YEAR = S.YEAR)) INNER JOIN Имена_станций ON (D.NUMB1120 = Имена_станций.NUMB) AND (S.NUMB1120 = Имена_станций.NUMB) SET D.gazpp = S.gazpp, D.gaz_prir = S.gaz_prir, D.disel = S.disel, D.maztop = S.maztop, D.nft_proch = S.nft_proch, D.koks_g = S.koks_g, D.domen_g = S.domen_g, D.prochgaz = S.prochgaz, D.tvproch = S.tvproch, D.szh_gaz = S.szh_gaz, D.inoe = S.inoe, D.nazar = S.nazar, D.ibor = S.ibor, D.ber...
Обновление записей в станции(архив)_Аня	48	UPDATE [Станции(архив)] INNER JOIN Станции2017 ON ([Станции(архив)].numb1120 = Станции2017.NUMB1120) AND ([Станции(архив)].year = Станции2017.YEAR) SET [Станции(архив)].name = [Станции2017]![name], [Станции(архив)].nust = [Станции2017]![nust], [Станции(архив)].nr = [Станции2017]![nr], [Станции(архив)].E = [Станции2017]![e], [Станции(архив)].eotp = [Станции2017]![eotp], [Станции(архив)].eurt = [Станции2017]![eurt], [Станции(архив)].eust = [Станции2017]![eust], [Станции(архив)].Q = [Станции2017]![...
Обновление записей в Станции(Схема)_Аня	48	UPDATE [Станции(Схема)] AS D INNER JOIN Станции2024 AS S ON (D.NUMB1120 = S.NUMB1120) AND (D.YEAR = S.YEAR) SET D.NAME = [S]![name], D.NUST = [S]![nust], D.NR = [S]![nr], D.E = [S]![e], D.EOTP = [S]![eotp], D.EURT = [S]![eurt], D.EUST = [S]![eust], D.Q = [S]![Q], D.TURT = [S]![turt], D.TUST = [S]![tust], D.B = [S]![B], D.GAZ = [S]![gaz], D.ISK_GAZ = [S]![isk_gaz], D.MAZUT = [S]![mazut], D.TORF = [S]![torf], D.SLAN = [S]![slan], D.PROCH = [S]![proch], D.UGOL = [S]![ugol], D.DON = [S]![don], D.POD...
Обновление имен в Станции(Схема)_Аня	48	UPDATE Имена_станций INNER JOIN [Станции(Схема)] ON Имена_станций.NUMB = [Станции(Схема)].NUMB1120 SET [Станции(Схема)].NAME = [Имена_станций]![name] | WHERE ((([Станции(Схема)].YEAR)=2022)); | 
Обновление имен в Удельные(Схема)_Аня	48	UPDATE Имена_станций INNER JOIN [Удельные(Схема)] ON Имена_станций.NUMB = [Удельные(Схема)].numb1120 SET [Удельные(Схема)].name = [Имена_станций]![name]; | 
Обновление оборудования Удельные(Схема)_Аня	48	UPDATE [Удельные(Схема)] INNER JOIN Станции2021 ON ([Удельные(Схема)].numb1120 = Станции2021.NUMB1120) AND ([Удельные(Схема)].year = Станции2021.YEAR) SET [Удельные(Схема)].obor = [Станции2021]![OBOR] | WHERE ((([Удельные(Схема)].year)=2021)); | 
Обновление порядкового номера в Станциях_Аня	48	UPDATE ([Доп_угли(Схема)] INNER JOIN ([Станции(Схема)] INNER JOIN Имена_станций ON [Станции(Схема)].NUMB1120 = Имена_станций.NUMB) ON [Доп_угли(Схема)].NUMB1120 = Имена_станций.NUMB) INNER JOIN [Формулы_топлива(Схема)] ON Имена_станций.NUMB = [Формулы_топлива(Схема)].numb1120 SET [Станции(Схема)].numb1 = [Имена_станций]![ordnumb], [Доп_угли(Схема)].numb1 = [Имена_станций]![ordnumb], [Формулы_топлива(Схема)].numb1 = [Имена_станций]![ordnumb] | WHERE ((([Станции(Схема)].OES)=5)); | 
Обновление Станции(Схема) от ЛБ	48	UPDATE [Станции(Схема)] INNER JOIN [Станции(Схема)ЛБ] ON ([Станции(Схема)].YEAR = [Станции(Схема)ЛБ].YEAR) AND ([Станции(Схема)].NUMB1120 = [Станции(Схема)ЛБ].NUMB1120) SET [Станции(Схема)].E = [Станции(Схема)ЛБ].E, [Станции(Схема)].EOTP = [Станции(Схема)ЛБ].EOTP, [Станции(Схема)].EURT = [Станции(Схема)ЛБ].EURT, [Станции(Схема)].EUST = [Станции(Схема)ЛБ].EUST, [Станции(Схема)].Q = [Станции(Схема)ЛБ].Q, [Станции(Схема)].TURT = [Станции(Схема)ЛБ].TURT, [Станции(Схема)].TUST = [Станции(Схема)ЛБ].TU...
Обновление тепла в Станции(Схема)_Аня	48	UPDATE [Станции(Схема)] AS D INNER JOIN СибирьВосток AS S ON (D.YEAR = S.YEAR) AND (D.NUMB1120 = S.NUMB1120) SET D.NAME = [S]![name], D.Q = [S]![Q], D.TURT = [S]![turt], D.QOTR = [S]![qotr] | WHERE (((D.YEAR)>2020) AND ((D.OES)=3)) OR (((D.YEAR)>2020) AND ((D.OES)=4)); | 
Обновление Удельные(Схема)_Аня	48	UPDATE Удельные2024 INNER JOIN [Удельные(Схема)] ON (Удельные2024.NUMB1120 = [Удельные(Схема)].numb1120) AND (Удельные2024.YEAR = [Удельные(Схема)].year) SET [Удельные(Схема)].snk = [Удельные2024]![snk], [Удельные(Схема)].sntp = [Удельные2024]![sntp], [Удельные(Схема)].k = [Удельные2024]![k], [Удельные(Схема)].btp = [Удельные2024]![btp], [Удельные(Схема)].Bk = [Удельные2024]![bk], [Удельные(Схема)].y = [Удельные2024]![y], [Удельные(Схема)].name = [Удельные2024]![NAME]; | 
Обновление формул топлива	48	UPDATE ([Формулы_топлива(Схема)] INNER JOIN Формулы_топлива_отчёт ON [Формулы_топлива(Схема)].year = Формулы_топлива_отчёт.YEAR) INNER JOIN vartobase ON ([Формулы_топлива(Схема)].numb1120 = vartobase.NUMB1120) AND (Формулы_топлива_отчёт.NUMB1120 = vartobase.link) SET [Формулы_топлива(Схема)].formtxt = [Формулы_топлива_отчёт]![formtxt] | WHERE (((Формулы_топлива_отчёт.YEAR)=2024)); | 
Обновление_Q_в_СиПР_из_Генсемы_Аня	48	UPDATE [Станции(Схема)] INNER JOIN [Станции(Схема)_Генсхема] ON ([Станции(Схема)].YEAR = [Станции(Схема)_Генсхема].YEAR) AND ([Станции(Схема)].NUMB1120 = [Станции(Схема)_Генсхема].NUMB1120) SET [Станции(Схема)].Q = [Станции(Схема)_Генсхема]![Q], [Станции(Схема)].QOTR = [Станции(Схема)_Генсхема]![QOTR] | WHERE ((([Станции(Схема)].YEAR)>2014)); | 
Объединение тепла из эксель	80	SELECT t1.OES, t1.numb1120, t1.Year, t1.Q, t2.QOTR INTO [Тепло из эксель_для переноса] | FROM [Тепло из эксель_Q_строки в столбцы] AS t1 INNER JOIN [Тепло из эксель_QOTR_строки в столбцы] AS t2 ON (t1.year = t2.year) AND (t1.numb1120 = t2.numb1120) AND (t1.OES = t2.OES) | ORDER BY t1.numb1120, t1.Year; | 
Одна_ОЭС	0	SELECT Имена_ОЭС.name, Имена_ОЭС.oes | FROM Имена_ОЭС | WHERE (((Имена_ОЭС.oes)=[ОЭС])); | 
Отчетные удельные в базу	48	UPDATE ([Удельные(Схема)] INNER JOIN vartobase ON [Удельные(Схема)].numb1120 = vartobase.NUMB1120) INNER JOIN Удельные2017 ON vartobase.link = Удельные2017.NUMB1120 SET [Удельные(Схема)].[year] = [Удельные2017]![YEAR], [Удельные(Схема)].snk = [Удельные2017]![snk], [Удельные(Схема)].btp = [Удельные2017]![btp], [Удельные(Схема)].sntp = [Удельные2017]![sntp], [Удельные(Схема)].Bk = [Удельные2017]![bk], [Удельные(Схема)].y = [Удельные2017]![Y]; | 
Отчетный bk в Удельные	48	UPDATE [Удельные(Схема)] INNER JOIN Отчетный_bk ON [Удельные(Схема)].NUMB1120 = Отчетный_bk.NUMB1120 SET [Удельные(Схема)].snk = [Отчетный_bk]![snk], [Удельные(Схема)].btp = [Отчетный_bk]![btp], [Удельные(Схема)].sntp = [Отчетный_bk]![sntp], [Удельные(Схема)].Bk = [Отчетный_bk]![Bk], [Удельные(Схема)].y = [Отчетный_bk]![y] | WHERE ((([Удельные(Схема)].y)=0 Or ([Удельные(Схема)].y) Is Null) AND (([Удельные(Схема)].YEAR)=2020)); | 
Отчетный bt в базу	48	UPDATE [Станции(Схема)] INNER JOIN Отчетный_bt ON [Станции(Схема)].NUMB1120 = Отчетный_bt.NUMB1120 SET [Станции(Схема)].TURT = [Отчетный_bt]![TURT] | WHERE ((([Станции(Схема)].YEAR)>2024)); | 
Отчетный_bk	0	SELECT Удельные2018.NAME, Удельные2018.NUMB1120, Удельные2018.Year, Удельные2018.numb1, Удельные2018.snk, Удельные2018.btp, Удельные2018.Bk, Удельные2018.sntp, Удельные2018.y | FROM Удельные2018 | WHERE (((Удельные2018.Year)=2018) AND ((Удельные2018.y)>0)) | ORDER BY Удельные2018.numb1; | 
Отчетный_bt	0	SELECT [Станции(Схема)].NAME, [Станции(Схема)].NUMB1120, [Станции(Схема)].TURT, [Станции(Схема)].Year, [Станции(Схема)].numb1, [Станции(Схема)].Q, [Станции(Схема)].QOTR | FROM [Станции(Схема)] INNER JOIN Имена_станций ON [Станции(Схема)].NUMB1120 = Имена_станций.NUMB | WHERE ((([Станции(Схема)].TURT)>0) AND (([Станции(Схема)].Year)=2024)) | ORDER BY [Станции(Схема)].numb1; | 
ОЭС	0	SELECT DISTINCTROW w.OES, First(имена_итогов_1.NAME) AS Name1, имена_итогов_1.NUMB1, w.v, w.YEAR, Sum(w.NUST) AS NUST, Sum(w.E) AS E, Sum(w.EOTP) AS EOTP, IIf([EOTP]>0,[EUST]/[EOTP]*1000,0) AS EURT, Sum(w.EUST) AS EUST, Sum(w.Q) AS Q, IIf([Q]>0,[TUST]/[Q]*1000,0) AS TURT, Sum(w.TUST) AS TUST, Sum(w.B) AS B, Sum(w.GAZ) AS GAZ, Sum(w.MAZUT) AS MAZUT, Sum(w.TORF) AS TORF, Sum(w.SLAN) AS SLAN, Sum(w.GTT) AS GTT, Sum(w.PROCH) AS PROCH, Sum(w.UGOL) AS UGOL, Sum(w.DON) AS DON, Sum(w.PODM) AS PODM, Sum(...
ОЭС в агрегаты	48	UPDATE Имена_станций INNER JOIN Списки_агрегатов1 ON Имена_станций.NUMB = Списки_агрегатов1.stcode SET Списки_агрегатов1.oes = [Имена_станций]![OES]; | 
ОЭС(всего)	0	SELECT DISTINCTROW w.OES, w.YEAR, Sum(w.NUST) AS NUST, Sum(w.E) AS E, Sum(w.EOTP) AS EOTP, IIf([EOTP]>0,[EUST]/[EOTP]*1000,0) AS EURT, Sum(w.EUST) AS EUST, Sum(w.Q) AS Q, IIf([Q]>0,[TUST]/[Q]*1000,0) AS TURT, Sum(w.TUST) AS TUST, Sum(w.B) AS B, Sum(w.GAZ) AS GAZ, Sum(w.MAZUT) AS MAZUT, Sum(w.TORF) AS TORF, Sum(w.SLAN) AS SLAN, Sum(w.PROCH) AS PROCH, Sum(w.UGOL) AS UGOL, Sum(w.DON) AS DON, Sum(w.PODM) AS PODM, Sum(w.PECH) AS PECH, Sum(w.alt) AS ALT, Sum(w.KUZN) AS KUZN, Sum(w.URAL) AS URAL, Sum(w...
ОЭС(всего+по_топл+КЭС/ТЭЦ)	128	SELECT [области(КЭС/ТЭЦ)].* | FROM [области(КЭС/ТЭЦ)] | UNION | SELECT [области(всего)].* | FROM [области(всего)] | UNION | SELECT [ОЭС(всего)].* | FROM [ОЭС(всего)] | UNION SELECT [ОЭС(КЭС/ТЭЦ)].* | FROM [ОЭС(КЭС/ТЭЦ)] | UNION SELECT [ОЭС(по_топл)].* | FROM [ОЭС(по_топл)] | UNION SELECT [ОЭС(по_топл+КЭС/ТЭЦ)].* | FROM [ОЭС(по_топл+КЭС/ТЭЦ)]; | 
ОЭС(всего-и-по-вед)	0	SELECT DISTINCTROW [Имена-итогов].NUMB1, First([Имена-итогов].NAME) AS NAME1, w.OES, w.YEAR, Sum(w.NUST) AS NUST, Sum(w.E) AS E, Sum(w.EOTP) AS EOTP, IIf([EOTP]>0,[EUST]/[EOTP]*1000,0) AS EURT, Sum(w.EUST) AS EUST, Sum(w.Q) AS Q, IIf([Q]>0,[TUST]/[Q]*1000,0) AS TURT, Sum(w.TUST) AS TUST, Sum(w.B) AS B, Sum(w.GAZ) AS GAZ, Sum(w.MAZUT) AS MAZUT, Sum(w.TORF) AS TORF, Sum(w.SLAN) AS SLAN, Sum(w.PROCH) AS PROCH, Sum(w.UGOL) AS UGOL, Sum(w.DON) AS DON, Sum(w.PODM) AS PODM, Sum(w.PECH) AS PECH, Sum(w.A...
ОЭС(всего-и-по-вед)_натура	0	SELECT [Рабочий(станции)].OES, [Имена-итогов].NUMB1, [Рабочий(станции)].YEAR, Sum([Рабочий(станции)]![DON]/IIf([Натура99]![DON]>0,[Натура99]![DON],0.699)) AS don, Sum([Рабочий(станции)]![podm]/IIf([Натура99]![podm]>0,[Натура99]![podm],0.274)) AS podm, Sum(IIf([Рабочий(станции)]![YEAR]=1999,[Разбивка99]![vork],[Рабочий(станции)]![PECH]*[Разбивка-на-перспективу]![vork])/IIf([Натура99]![Vork]>0,[Натура99]![Vork],0.677)) AS Vork, Sum(IIf([Рабочий(станции)]![YEAR]=1999,[Разбивка99]![int],[Рабочий(ста...
ОЭС(КЭС/ТЭЦ)	0	SELECT DISTINCTROW w.OES, w.YEAR, Sum(w.NUST) AS NUST, Sum(w.E) AS E, Sum(w.EOTP) AS EOTP, IIf([EOTP]>0,[EUST]/[EOTP]*1000,0) AS EURT, Sum(w.EUST) AS EUST, Sum(w.Q) AS Q, IIf([Q]>0,[TUST]/[Q]*1000,0) AS TURT, Sum(w.TUST) AS TUST, Sum(w.B) AS B, Sum(w.GAZ) AS GAZ, Sum(w.MAZUT) AS MAZUT, Sum(w.TORF) AS TORF, Sum(w.SLAN) AS SLAN, Sum(w.GTT) AS GTT, Sum(w.PROCH) AS PROCH, Sum(w.UGOL) AS UGOL, Sum(w.DON) AS DON, Sum(w.PODM) AS PODM, Sum(w.PECH) AS PECH, Sum(w.ARKT) AS ARKT, Sum(w.KUZN) AS KUZN, Sum(w...
ОЭС(по_типам_обор)	0	SELECT DISTINCTROW First(Имена_ОЭС.name) AS oesname, w.OES, First([Имена-оборуд].NAME) AS name1, [Имена-оборуд].NUMB1, w.YEAR, Sum(w.NUST) AS NUST, Sum(w.E) AS E, Sum(w.EOTP) AS EOTP, IIf([EOTP]>0,[EUST]/[EOTP]*1000,0) AS EURT, Sum(w.EUST) AS EUST, Sum(w.Q) AS Q, IIf([Q]>0,[TUST]/[Q]*1000,0) AS TURT, Sum(w.TUST) AS TUST, Sum(w.B) AS B, Sum(w.GAZ) AS GAZ, Sum(w.MAZUT) AS MAZUT, Sum(w.TORF) AS TORF, Sum(w.SLAN) AS SLAN, Sum(w.PROCH) AS PROCH, Sum(w.UGOL) AS UGOL, Sum(w.DON) AS DON, Sum(w.PODM) AS ...
ОЭС(по_топл)	0	SELECT DISTINCTROW w.OES, w.YEAR, Sum(w.NUST) AS NUST, Sum(w.E) AS E, Sum(w.EOTP) AS EOTP, IIf([EOTP]>0,[EUST]/[EOTP]*1000,0) AS EURT, Sum(w.EUST) AS EUST, Sum(w.Q) AS Q, IIf([Q]>0,[TUST]/[Q]*1000,0) AS TURT, Sum(w.TUST) AS TUST, Sum(w.B) AS B, Sum(w.GAZ) AS GAZ, Sum(w.MAZUT) AS MAZUT, Sum(w.TORF) AS TORF, Sum(w.SLAN) AS SLAN, Sum(w.PROCH) AS PROCH, Sum(w.UGOL) AS UGOL, Sum(w.DON) AS DON, Sum(w.PODM) AS PODM, Sum(w.PECH) AS PECH, Sum(w.ALT) AS ALT, Sum(w.KUZN) AS KUZN, Sum(w.URAL) AS URAL, Sum(w...
ОЭС(по_топл+КЭС/ТЭЦ)	0	SELECT DISTINCTROW w.OES, w.YEAR, Sum(w.NUST) AS NUST, Sum(w.E) AS E, Sum(w.EOTP) AS EOTP, IIf([EOTP]>0,[EUST]/[EOTP]*1000,0) AS EURT, Sum(w.EUST) AS EUST, Sum(w.Q) AS Q, IIf([Q]>0,[TUST]/[Q]*1000,0) AS TURT, Sum(w.TUST) AS TUST, Sum(w.B) AS B, Sum(w.GAZ) AS GAZ, Sum(w.MAZUT) AS MAZUT, Sum(w.TORF) AS TORF, Sum(w.SLAN) AS SLAN, Sum(w.PROCH) AS PROCH, Sum(w.UGOL) AS UGOL, Sum(w.DON) AS DON, Sum(w.PODM) AS PODM, Sum(w.PECH) AS PECH, Sum(w.ALT) AS ALT, Sum(w.KUZN) AS KUZN, Sum(w.URAL) AS URAL, Sum(w...
ОЭС_натура	0	SELECT w.OES, First(имена_итогов_1.NAME) AS name1, имена_итогов_1.NUMB1, 0 AS v, w.YEAR, Sum(w.NUST) AS NUST, Sum(w.E) AS E, Sum(w.B) AS B, z([int])+z([vork])+z([podm])+z([don])+z([kuzn])+z([sver])+z([chel])+z([kizel])+z([bashk])+z([ekib])+z([karag])+z([nazar])+z([ibor])+z([berez])+z([azey])+z([cher])+z([tuv])+z([hak])+z([gusin])+z([tugn])+z([chit])+z([ner])+z([prim])+z([luch])+z([amur])+z([urg])+z([mag])+z([sah]) AS ugol, Sum([W]![DON]/IIf([n].[don]>0,[N]![DON],0.699)) AS don, Sum([W]![podm]/II...
ОЭС-области	0	SELECT DISTINCTROW [Имена-итогов].NUMB1, First([Имена-итогов].NAME) AS NAME1, w.OES AS oes, w.OBL, w.YEAR, Sum(w.NUST) AS NUST, Sum(w.E) AS E, Sum(w.EOTP) AS EOTP, IIf([EOTP]>0,[EUST]/[EOTP]*1000,0) AS EURT, Sum(w.EUST) AS EUST, Sum(w.Q) AS Q, IIf([Q]>0,[TUST]/[Q]*1000,0) AS TURT, Sum(w.TUST) AS TUST, Sum(w.B) AS B, Sum(w.GAZ) AS GAZ, Sum(w.MAZUT) AS MAZUT, Sum(w.TORF) AS TORF, Sum(w.SLAN) AS SLAN, Sum(w.GTT) AS GTT, Sum(w.PROCH) AS PROCH, Sum(w.UGOL) AS UGOL, Sum(w.DON) AS DON, Sum(w.PODM) AS P...
ОЭС-области_натура	0	SELECT Max([Имена-итогов].NAME) AS NAME1, w.OES, w.OBL, o.NAME AS oblname, [Имена-итогов].NUMB1, w.YEAR, Sum(w.NUST) AS NUST, Sum(w.E) AS E, Sum(w.B) AS B, z([int])+z([vork])+z([podm])+z([don])+z([kuzn])+z([sver])+z([chel])+z([kizel])+z([bashk])+z([ekib])+z([karag])+z([nazar])+z([ibor])+z([berez])+z([azey])+z([cher])+z([tuv])+z([hak])+z([gusin])+z([tugn])+z([chit])+z([ner])+z([prim])+z([luch])+z([amur])+z([urg])+z([mag])+z([sah]) AS ugol, Sum([W]![DON]/IIf([n].[don]>0,[N]![DON],0.699)) AS don, S...
ОЭС-станции	0	SELECT DISTINCTROW Имена_станций.NAME AS NAME1, w.YEAR, w.NUST, w.E, w.EOTP, w.EURT, w.EUST, w.Q, w.TURT, w.TUST, w.B, w.GAZ, w.MAZUT, w.TORF, w.SLAN, w.GTT, w.PROCH, w.UGOL, w.DON, w.PODM, w.PECH, w.ARKT, w.KUZN, w.URAL, w.BASHK, w.EKIB, w.KARAG, w.KAN, w.IRKUT, w.HAK, w.TUV, w.BUR, w.CHIT, w.NER, w.RAICH, w.URG, w.PRIM, w.LUCH, w.MAG, w.SAH, w.KAMCH, w.USHUM, w.QOTR, w.SNK, w.EWTP, w.NT, w.OBOR, w.VED, w.OBL, w.DEP, w.OES, w.ER, w.NUMB1120, Имена_станций.ordnumb AS numb1, Имена_областей.NAME A...
ОЭС-станции_натура	0	SELECT c.NAME AS Name1, c.ordnumb AS numb1, w.YEAR, w.NUST, w.E, w.B, z([don])+z([podm])+z([pech])+z([kuzn])+z([ural])+z([bashk])+z([ekib])+z([karag])+z([kan])+z([irkut])+z([hak])+z([tuv])+z([bur])+z([chit])+z([ner])+z([raich])+z([prim])+z([urg])+z([luch])+z([mag])+z([sah]) AS ugol, [w]![DON]/IIf([n].[don]>0,[N]![DON],0.699) AS don, [w].[podm]/IIf([n].[podm]>0,[N].[podm],0.274) AS podm, z([vork])+z([int]) AS pech, [d].[vork]/IIf([n].[vork]>0,[N].[vork],0.677) AS Vork, [d].[int]/IIf([n].[int]>0,[...
ОЭС-станции_натура(Схема)	0	SELECT [Имена_станций].[NAME] AS Name, [Станции(Схема)].[YEAR], [Станции(Схема)].[NUST], [Станции(Схема)].[E], [Станции(Схема)].[B], [Станции(Схема)]![DON]/IIf([Натура99]![DON]>0,[Натура99]![DON],0.7) AS don, [Станции(Схема)]![podm]/IIf([Натура99]![podm]>0,[Натура99]![podm],0.28) AS podm, IIf([int]>0,[int],0)+IIf([vork]>0,[vork],0) AS pech, [Доп_угли(Схема)]![vork]/IIf([Натура99]![vork]>0,[Натура99]![vork],0.695) AS Vork, [Доп_угли(Схема)]![int]/IIf([Натура99]![int]>0,[Натура99]![int],0.532) AS ...
ПГУ_по_конфигурациям	0	SELECT Имена_станций.NAME, Конфигурации.Name, GTD.Model, GTD.NN, GTD.KPD, [Удельные(Схема)].btp, [Удельные(Схема)].sntp, [Удельные(Схема)].Bk, [Удельные(Схема)].y | FROM ((([Станции(Схема)] INNER JOIN Имена_станций ON [Станции(Схема)].NUMB1120 = Имена_станций.NUMB) LEFT JOIN link ON Имена_станций.NUMB = link.NUMB) LEFT JOIN (([Станция-конфигурация] LEFT JOIN Конфигурации ON [Станция-конфигурация].conf = Конфигурации.conf) LEFT JOIN GTD ON Конфигурации.GT = GTD.cmodel) ON link.link = [Станция-кон...
Перенос расчёта в одну базу_Аня	48	UPDATE [Станции(Схема)] AS S INNER JOIN Станции_Катя AS K ON (S.NUMB1120 = K.NUMB1120) AND (S.YEAR = K.YEAR) SET S.E = K.E, S.EOTP = K.EOTP, S.EURT = K.EURT, S.EUST = K.EUST, S.Q = K.Q, S.TURT = K.TURT, S.TUST = K.TUST, S.B = K.B, S.GAZ = K.GAZ, S.ISK_GAZ = K.ISK_GAZ, S.MAZUT = K.MAZUT, S.TORF = K.TORF, S.SLAN = K.SLAN, S.PROCH = K.PROCH, S.UGOL = K.UGOL, S.DON = K.DON, S.PODM = K.PODM, S.PECH = K.PECH, S.ALT = K.ALT, S.KUZN = K.KUZN, S.URAL = K.URAL, S.BASHK = K.BASHK, S.KAZAH = K.KAZAH, S.KAN ...
Перенос расчёта в одну базу_допугли_Аня	48	UPDATE ([Доп_угли(Схема)] AS S INNER JOIN Доп_угли_Катя AS K ON (S.NUMB1120 = K.NUMB1120) AND (S.YEAR = K.YEAR)) INNER JOIN Имена_станций ON (S.NUMB1120 = Имена_станций.NUMB) AND (K.NUMB1120 = Имена_станций.NUMB) SET S.gazpp = K.gazpp, S.gaz_prir = [K].[gaz_prir], S.koks_g = K.koks_g, S.domen_g = K.domen_g, S.prochgaz = K.prochgaz, S.tvproch = K.tvproch, S.szh_gaz = K.szh_gaz, S.inoe = K.inoe, S.nazar = K.nazar, S.ibor = K.ibor, S.berez = K.berez, S.per = K.per, S.irbei = K.irbei, S.kansk = K.ka...
Перенос тепла в Станции(Схема)	48	UPDATE [Станции(Схема)] INNER JOIN [Тепло по ОЭС_Катя] ON ([Станции(Схема)].NUMB1120 = [Тепло по ОЭС_Катя].NUMB1120) AND ([Станции(Схема)].YEAR = [Тепло по ОЭС_Катя].YEAR) SET [Станции(Схема)].Q = [Тепло по ОЭС_Катя]![Q], [Станции(Схема)].QOTR = [Тепло по ОЭС_Катя]![QOTR] | WHERE ((([Станции(Схема)].YEAR)>2021)); | 
Перенос тепла из эксель в Станции(Схема)	48	UPDATE [Станции(Схема)] INNER JOIN [Тепло из эксель_для переноса] ON ([Станции(Схема)].NUMB1120 = [Тепло из эксель_для переноса].numb1120) AND ([Станции(Схема)].YEAR = [Тепло из эксель_для переноса].Year) SET [Станции(Схема)].Q = [Тепло из эксель_для переноса].[Q], [Станции(Схема)].QOTR = [Тепло из эксель_для переноса].[QOTR] | WHERE ((([Станции(Схема)].YEAR)>2023) AND (([Тепло из эксель_для переноса].OES)=10)); | 
Перенос удельных из отчёта других лет	48	UPDATE [Удельные(Схема)] INNER JOIN Удельные2020 ON [Удельные(Схема)].numb1120 = Удельные2020.NUMB1120 SET [Удельные(Схема)].snk = [Удельные2020].[SNK], [Удельные(Схема)].k = [Удельные2020].[k], [Удельные(Схема)].btp = [Удельные2020].[BTP], [Удельные(Схема)].sntp = [Удельные2020].[SNTP], [Удельные(Схема)].Bk = [Удельные2020].[BK], [Удельные(Схема)].y = [Удельные2020].[Y] | WHERE ((([Удельные(Схема)].Bk)=0 Or ([Удельные(Схема)].Bk) Is Null) AND (([Удельные(Схема)].year)=2021) AND ((Удельные2020.B...
Перенос формул с целого на часть	48	UPDATE [Формулы_топлива(Схема)] INNER JOIN ([Формулы_топлива(Схема)] AS [Формулы_топлива(Схема)_1] INNER JOIN chasti_i_celoe ON [Формулы_топлива(Схема)_1].numb1120 = chasti_i_celoe.celoe) ON ([Формулы_топлива(Схема)].numb1120 = chasti_i_celoe.chast) AND ([Формулы_топлива(Схема)].year = [Формулы_топлива(Схема)_1].year) SET [Формулы_топлива(Схема)].formtxt = [Формулы_топлива(Схема)_1].[formtxt]; | 
Пересечение формул топлива	0	SELECT Формулы_топлива_отчёт.NAME, [Формулы_топлива(Схема)].formtxt AS Схема, Формулы_топлива_отчёт.formtxt AS Отчёт, [Формулы_топлива(Схема)].year, [Формулы_топлива(Схема)].numb1120, * | FROM [Формулы_топлива(Схема)] INNER JOIN Формулы_топлива_отчёт ON ([Формулы_топлива(Схема)].year = Формулы_топлива_отчёт.YEAR) AND ([Формулы_топлива(Схема)].numb1120 = Формулы_топлива_отчёт.NUMB1120) | WHERE ((([Формулы_топлива(Схема)].year)=2021)); | 
Перетоки	0	SELECT перетоки_табл.* | FROM перетоки_табл | WHERE (((перетоки_табл.year)=[год]) AND ((перетоки_табл.oes)=[ОЭС])); | 
Перетоки(запрос)	64	INSERT INTO перетоки_табл ( РЭУ1, РЭУ2, obl1, obl2, p, pinv, t, id, oes, [year] ) | SELECT [Сети].[РЭУ1], [Сети].[РЭУ2], [Сети].[obl1], [Сети].[obl2], [Сети].[p], [Сети].[pinv], 0 AS t, [Сети].[id], [Сети].[oes], [Сети].[year] | FROM Сети | WHERE ((([Сети].[id])>=240 And ([Сети].[id])<=240) And (([Сети].[year])=2015)); | 
Перетоки_год	0	SELECT Перетоки.*, Перетоки.oes | FROM Перетоки | WHERE (((Перетоки.oes)=2) AND ((Перетоки.year)=2015)); | 
Перетоки_обновление	48	UPDATE перетоки_табл INNER JOIN Сети ON ([перетоки_табл].[year]=[Сети].[year]) AND ([перетоки_табл].[id]=[Сети].[id]) SET перетоки_табл.p = [Сети]![p], перетоки_табл.pinv = [Сети]![pinv], перетоки_табл.РЭУ1 = [Сети]![РЭУ1], перетоки_табл.РЭУ2 = [Сети]![РЭУ2], перетоки_табл.obl1 = [Сети]![obl1], перетоки_табл.obl2 = [Сети]![obl2] | WHERE ((([перетоки_табл].[oes])=2) And (([перетоки_табл].[year])=2015) And (([перетоки_табл].[id])>=214 And ([перетоки_табл].[id])<=214)); | 
Поиск повторений для Удельные(Схема)	0	SELECT [Удельные(Схема)].numb1120, [Удельные(Схема)].name, [Удельные(Схема)].year, [Удельные(Схема)].obor, [Удельные(Схема)].btp, [Удельные(Схема)].sntp, [Удельные(Схема)].Bk, [Удельные(Схема)].y, [Удельные(Схема)].k | FROM [Удельные(Схема)] | WHERE ((([Удельные(Схема)].numb1120) In (SELECT [numb1120] FROM [Удельные(Схема)] As Tmp GROUP BY [numb1120] HAVING Count(*)>1 ))) | ORDER BY [Удельные(Схема)].numb1120; | 
Показатели_в_столбец	128	SELECT w.NAME AS NAME, YEAR,numb1120,oes,obl, nust AS data, 0.1  AS toplcode | FROM [Рабочий(станции)] AS w | union | SELECT w.NAME AS NAME, YEAR,numb1120,oes,obl,e AS data, 0.2  AS toplcode | FROM [Рабочий(станции)] AS w | union | SELECT w.NAME AS NAME, YEAR,numb1120,oes,obl,Q  AS data, 0.3  AS toplcode | FROM [Рабочий(станции)] AS w | UNION |  SELECT w.NAME AS NAME, YEAR, numb1120,oes,obl,B AS data,0.4  AS toplcode | FROM [Рабочий(станции)] AS w | UNION  | SELECT w.NAME AS NAME, YEAR, numb1120...
Проба создать удельные 2010_Аня	64	INSERT INTO [Удельные пробные] ( NAME, [YEAR], k, Y, BTP, SNTP, BK, NUMB1120, SNK ) | SELECT [Удельные(Схема) из Мониторига].name, [Удельные(Схема) из Мониторига].year, [Удельные(Схема) из Мониторига].k, [Удельные(Схема) из Мониторига].y, [Удельные(Схема) из Мониторига].btp, [Удельные(Схема) из Мониторига].sntp, [Удельные(Схема) из Мониторига].Bk, [Удельные(Схема) из Мониторига].numb1120, [Удельные(Схема) из Мониторига].snk | FROM [Удельные(Схема) из Мониторига] | WHERE ((([Удельные(Схема) из Мо...
Пробное обновление в Станции(Схема)_Аня	48	UPDATE [Станции(Схема)_без 2009 года] INNER JOIN [Станции(Схема)] ON ([Станции(Схема)_без 2009 года].NUMB1120 = [Станции(Схема)].NUMB1120) AND ([Станции(Схема)_без 2009 года].YEAR = [Станции(Схема)].YEAR) SET [Станции(Схема)].NAME = [Станции(Схема)_без 2009 года]![name], [Станции(Схема)].NUST = [Станции(Схема)_без 2009 года]![nust], [Станции(Схема)].NR = [Станции(Схема)_без 2009 года]![nr], [Станции(Схема)].E = [Станции(Схема)_без 2009 года]![e], [Станции(Схема)].EOTP = [Станции(Схема)_без 2009 ...
Проверека_оборудования	0	SELECT; | 
Проверка Ht	0	SELECT Имена_станций.ordnumb, [Станции(Схема)].NUST, Имена_станций.NAME, [Станции(Схема)].Year, [qotr]/[nt]*1000 AS HNT | FROM [Станции(Схема)] INNER JOIN Имена_станций ON [Станции(Схема)].NUMB1120 = Имена_станций.NUMB | WHERE ((([Станции(Схема)].Year)>2025) AND (([qotr]/[nt]*1000)>7000) AND (([Станции(Схема)].NT)>0) AND (([Станции(Схема)].VED)>0)) | ORDER BY Имена_станций.ordnumb, [Станции(Схема)].Year; | 
Проверка Q	0	SELECT Имена_станций.NAME, [Станции(Схема)].Year, [Станции(Схема)].Q, [Станции(Схема)].QOTR, [Станции(Схема)].VED, [Станции(Схема)].OES | FROM [Станции(Схема)] INNER JOIN Имена_станций ON [Станции(Схема)].NUMB1120 = Имена_станций.NUMB | WHERE ((([Станции(Схема)].Year)>2024) AND (([Станции(Схема)].Q)<[Qotr]) AND (([Станции(Схема)].VED)>0)); | 
Проверка VED в составных станциях_Аня	0	SELECT Имена_станций.NAME, Имена_станций.OES, Имена_станций.ordnumb, Имена_станций.NUMB, [Рабочий(станции)].YEAR, [Рабочий(станции)].VED | FROM Имена_станций INNER JOIN [Рабочий(станции)] ON Имена_станций.NUMB = [Рабочий(станции)].NUMB1120 | WHERE ((([Рабочий(станции)].YEAR)=2021) AND (([Рабочий(станции)].VED)=0 Or ([Рабочий(станции)].VED) Is Null) AND ((Имена_станций.NIV)=1)) | ORDER BY Имена_станций.OES, Имена_станций.ordnumb; | 
Проверка VED для поля КЭСТЭЦ_Аня	0	SELECT Имена_станций.NAME, [Станции(Схема)].NUMB1120, [Станции(Схема)].OBOR, [Станции(Схема)].VED, [Станции(Схема)].YEAR | FROM [Станции(Схема)] INNER JOIN Имена_станций ON [Станции(Схема)].NUMB1120 = Имена_станций.NUMB | WHERE ((([Станции(Схема)].OBOR)>7 And ([Станции(Схема)].OBOR)<20 Or ([Станции(Схема)].OBOR)>50 And ([Станции(Схема)].OBOR)<95) AND (([Станции(Схема)].VED)=1 Or ([Станции(Схема)].VED)=4) AND (([Станции(Схема)].YEAR)=2026)); | 
Проверка вставки удельных	0	SELECT DISTINCTROW [Удельные(Схема)].Bk, [Удельные(Схема)ЛБ].Bk, Имена_станций.OES, [Удельные(Схема)ЛБ].Year, * | FROM Имена_станций INNER JOIN ([Удельные(Схема)ЛБ] LEFT JOIN [Удельные(Схема)] ON ([Удельные(Схема)ЛБ].numb1120 = [Удельные(Схема)].numb1120) AND ([Удельные(Схема)ЛБ].year = [Удельные(Схема)].year)) ON Имена_станций.NUMB = [Удельные(Схема)ЛБ].numb1120 | WHERE (((Имена_станций.OES)=6) AND (([Удельные(Схема)ЛБ].Year)>2019)) OR (((Имена_станций.OES)=7) AND (([Удельные(Схема)ЛБ].Year)>20...
Проверка Вэ	0	SELECT DISTINCTROW [Станции(Схема)].NUMB1120, Имена_ОЭС.nameoes, Имена_областей.NAME, Имена_станций.NAME, [Станции(Схема)].Year, [Станции(Схема)].EOTP, [Станции(Схема)].EURT, [Станции(Схема)].H, [Станции(Схема)].HFIX, [Станции(Схема)].NUST, [Станции(Схема)].OBOR | FROM Имена_областей INNER JOIN (Имена_ОЭС INNER JOIN (([Станции(Схема)] LEFT JOIN [Удельные(Схема)] ON [Станции(Схема)].NUMB1120 = [Удельные(Схема)].numb1120) INNER JOIN Имена_станций ON [Станции(Схема)].NUMB1120 = Имена_станций.NUMB) ...
Проверка добавления формул	0	SELECT DISTINCTROW [Формулы_топлива(Схема)].formtxt, [Формулы_топлива(Схема)ЛБ].formtxt, Имена_станций.OES, [Формулы_топлива(Схема)ЛБ].Year, * | FROM Имена_станций INNER JOIN ([Формулы_топлива(Схема)] RIGHT JOIN [Формулы_топлива(Схема)ЛБ] ON ([Формулы_топлива(Схема)].numb1120 = [Формулы_топлива(Схема)ЛБ].numb1120) AND ([Формулы_топлива(Схема)].year = [Формулы_топлива(Схема)ЛБ].year)) ON Имена_станций.NUMB = [Формулы_топлива(Схема)ЛБ].numb1120 | WHERE (((Имена_станций.OES)=6) AND (([Формулы_топли...
Проверка кода OBOR для котельных_Аня	0	SELECT Имена_ОЭС.nameoes, Имена_областей.NAME, Имена_станций.NAME, [Рабочий(станции)].Year, [Рабочий(станции)].NUST, [Рабочий(станции)].Q, [Рабочий(станции)].OBOR | FROM Имена_ОЭС INNER JOIN ([Рабочий(станции)] INNER JOIN (Имена_областей INNER JOIN Имена_станций ON Имена_областей.OBL = Имена_станций.OBL) ON ([Рабочий(станции)].NUMB1120 = Имена_станций.NUMB) AND ([Рабочий(станции)].OBL = Имена_областей.OBL)) ON Имена_ОЭС.oes = Имена_станций.OES | WHERE ((([Рабочий(станции)].NUST)>0) AND (([Рабочи...
Проверка лишних записей в удельных	0	SELECT Имена_станций.NAME, [Удельные(Схема)].Year, [Станции(Схема)].NUST, [Станции(Схема)].E, [Удельные(Схема)].Bk, * | FROM [Станции(Схема)] INNER JOIN (Имена_станций INNER JOIN [Удельные(Схема)] ON Имена_станций.NUMB = [Удельные(Схема)].numb1120) ON ([Удельные(Схема)].year = [Станции(Схема)].YEAR) AND ([Станции(Схема)].NUMB1120 = [Удельные(Схема)].numb1120) | WHERE ((([Удельные(Схема)].Year)>2028)); | 
Проверка наличия Удельных для всех станций и групп_Аня	0	SELECT Имена_станций.NAME, [Станции(Схема)].Year, Имена_станций.COMP, Имена_станций.MAIN, [Станции(Схема)].NUMB1120, [Удельные(Схема)].numb1120, [Станции(Схема)].EOTP, [Удельные(Схема)].Bk, [Станции(Схема)].numb1, [Станции(Схема)].OBOR | FROM [Удельные(Схема)] RIGHT JOIN ([Станции(Схема)] INNER JOIN Имена_станций ON [Станции(Схема)].NUMB1120 = Имена_станций.NUMB) ON [Удельные(Схема)].numb1120 = [Станции(Схема)].NUMB1120 | WHERE ((([Станции(Схема)].Year)=2026) AND ((Имена_станций.MAIN)>0) AND (([...
Проверка оборудования	0	SELECT Имена_станций.NAME, [Станции(Схема)].YEAR, [Станции(Схема)].VED, [Станции(Схема)].OBOR, [Станции(Схема)].NUMB1120 | FROM [Станции(Схема)] INNER JOIN Имена_станций ON [Станции(Схема)].NUMB1120 = Имена_станций.NUMB | WHERE ((([Станции(Схема)].YEAR)>2019) AND (([Станции(Схема)].VED)>0) AND (([Станции(Схема)].OBOR)=0 Or ([Станции(Схема)].OBOR) Is Null)) | ORDER BY [Станции(Схема)].numb1; | 
Проверка суммы в архиве_Аня	0	SELECT DISTINCTROW Имена_ОЭС.nameoes, [Станции(архив)].year, Sum([Станции(архив)].E) AS [Sum - E], Sum([Станции(архив)].Q) AS [Sum - Q], Sum([Станции(архив)].B) AS [Sum - B] | FROM (Имена_ОЭС INNER JOIN Имена_станций ON Имена_ОЭС.oes = Имена_станций.OES) INNER JOIN [Станции(архив)] ON Имена_станций.NUMB = [Станции(архив)].numb1120 | GROUP BY Имена_ОЭС.nameoes, [Станции(архив)].year | HAVING ((([Станции(архив)].year)=2010)); | 
Проверка суммы в Станции2017_Аня	0	SELECT DISTINCTROW Имена_ОЭС.nameoes, Sum(Станции2017.E) AS [Sum - E], Sum(Станции2017.Q) AS [Sum - Q], Sum(Станции2017.B) AS [Sum - B] | FROM Станции2017 INNER JOIN (Имена_ОЭС INNER JOIN Имена_станций ON Имена_ОЭС.oes = Имена_станций.OES) ON Станции2017.NUMB1120 = Имена_станций.NUMB | GROUP BY Имена_ОЭС.nameoes; | 
Проверка удельных_Аня	0	SELECT Имена_ОЭС.nameoes, Имена_областей.NAME AS oblname, [Станции(Схема)].NUMB1120, Имена_станций.NAME, [Удельные(Схема)].Year, [Станции(Схема)].NUST, [Удельные(Схема)].btp, [Удельные(Схема)].Bk, [Удельные(Схема)].y, [Удельные(Схема)].sntp, [Удельные(Схема)].snk, [Удельные(Схема)].obor, IIf([main]>0,1,0) AS [group], IIf([ved]>0,0,1) AS sost, [Станции(Схема)].EOTP | FROM ((([Удельные(Схема)] RIGHT JOIN [Станции(Схема)] ON ([Удельные(Схема)].numb1120 = [Станции(Схема)].NUMB1120) AND ([Удельные(Сх...
Проверка_оборудования	0	SELECT Max(Имена_станций.NAME) AS [Max-NAME], Запрос2.NUMB1120, Count(Запрос2.OBOR) AS [Count-OBOR], Имена_станций.ordnumb | FROM Запрос2 INNER JOIN Имена_станций ON Запрос2.NUMB1120 = Имена_станций.NUMB | GROUP BY Запрос2.NUMB1120, Имена_станций.ordnumb | HAVING (((Count(Запрос2.OBOR))>1)) | ORDER BY Имена_станций.ordnumb; | 
Проверка_суммы_частей_Аня	0	SELECT Сумма_частей_Аня.MAME, [Станции(Схема)].Q AS x1, Сумма_частей_Аня.Q AS x2, [x1]-[x2] AS dQ, Имена_областей.NAME, [Станции(Схема)].QOTR AS y1, Сумма_частей_Аня.QOTR AS y2, [y1]-[y2] AS dQOTR, [Станции(Схема)].OES, [Станции(Схема)].numb1, [Станции(Схема)].Year | FROM Имена_областей INNER JOIN (Сумма_частей_Аня INNER JOIN [Станции(Схема)] ON (Сумма_частей_Аня.NUMB1120 = [Станции(Схема)].NUMB1120) AND (Сумма_частей_Аня.Year = [Станции(Схема)].YEAR)) ON Имена_областей.OBL = [Станции(Схема)].OB...
Просмотр тепла на блок-станциях_Аня	0	SELECT Имена_ОЭС.nameoes, Имена_областей.NAME, [Станции(Схема)].NUMB1120, Имена_станций.NAME, [Станции(Схема)].YEAR, [Станции(Схема)].Q, [Станции(Схема)].QOTR, [Станции(Схема)].EWTP, Имена_станций.Ведомство | FROM (Имена_областей INNER JOIN (Имена_ОЭС INNER JOIN [Станции(Схема)] ON Имена_ОЭС.oes = [Станции(Схема)].OES) ON Имена_областей.OBL = [Станции(Схема)].OBL) INNER JOIN Имена_станций ON ([Станции(Схема)].NUMB1120 = Имена_станций.NUMB) AND (Имена_ОЭС.oes = Имена_станций.OES) AND (Имена_облас...
Проставление кода оборудования в Удельные(Схема)_Аня	48	UPDATE [Станции(Схема)] INNER JOIN [Станции(Схема)_1этап] ON ([Станции(Схема)].numb1120 = [Станции(Схема)_1этап].NUMB1120) AND ([Станции(Схема)].year = [Станции(Схема)_1этап].YEAR) SET [Станции(Схема)].OBOR = [Станции(Схема)_1этап]![OBOR]; | 
Протокол_для_сводной	0	SELECT D.year, D.oes, D.РЭУ, D.obl, D.D, D.Dwork, prot.step, prot.nlink, prot.t, IIf([step]=1,[r1],IIf([step]=2,[r2],IIf([step]=3,[r3],[r4]))) AS s, IIf([r4] Is Null Or [r4]=[s],"",[r4]+"-")+IIf([r3] Is Null Or [r3]=[s],"",[r3]+"-")+IIf([r2] Is Null Or [r2]=[s],"",[r2]+"-")+IIf([r1]=[s],"",[r1]) AS trans, IIf(d!obl=p!obl1,p!РЭУ2,p!РЭУ1) AS r1, IIf(p2!РЭУ1=[r1],p2!РЭУ2,p2!РЭУ1) AS r2, IIf(p3!РЭУ1=[r2],p3!РЭУ2,p3!РЭУ1) AS r3, IIf(p4!РЭУ1=[r3],p4!РЭУ2,p4!РЭУ1) AS r4 | FROM ((((Дефициты AS D INNER J...
Протокол_запрос	0	SELECT D.РЭУ, D.obl, D.D, D.Dwork, prot.step, prot.t, IIf([step]=1,[r1],IIf([step]=2,[r2],IIf([step]=3,[r3],[r4]))) AS s, IIf([r4] Is Null Or [r4]=[s],"",[r4]+"-")+IIf([r3] Is Null Or [r3]=[s],"",[r3]+"-")+IIf([r2] Is Null Or [r2]=[s],"",[r2]+"-")+IIf([r1]=[s],"",[r1]) AS trans, IIf(d!obl=p!obl1,p!РЭУ2,p!РЭУ1) AS r1, IIf(p2!РЭУ1=[r1],p2!РЭУ2,p2!РЭУ1) AS r2, IIf(p3!РЭУ1=[r2],p3!РЭУ2,p3!РЭУ1) AS r3, IIf(p4!РЭУ1=[r3],p4!РЭУ2,p4!РЭУ1) AS r4 | FROM ((((Дефициты_год AS D INNER JOIN Протокол AS prot ON...
Рабочий	0	SELECT DISTINCTROW [Станции(Схема)].* | FROM [Станции(Схема)]; | 
Рабочий(доп_угли)	0	SELECT DISTINCTROW [Доп_угли(Схема)].* | FROM [Доп_угли(Схема)]; | 
Рабочий(станции)	0	SELECT DISTINCTROW [Станции(Схема)].* | FROM [Станции(Схема)]; | 
Рабочий_для_суммы	0	SELECT DISTINCTROW [Станции(макет)].* | FROM [Станции(макет)]; | 
Рабочий_для_суммы(доп_угли)	0	SELECT DISTINCTROW [Доп_угли(макет)].* | FROM [Доп_угли(макет)]; | 
Расчет Н	0	SELECT [Станции(Схема)].*, IIf([NUST]>0 And [NR]>0,[E]/[NUST]*1000,0) AS Hras | FROM [Станции(Схема)]; | 
Расчёт средней цены топлива	0	SELECT NUMB1120, AVG(IIF(gaz_c IS NOT NULL OR gaz_c > 0, gaz_c, NULL)) AS avg_gaz_c, AVG(IIF(mazut_c IS NOT NULL OR mazut_c > 0, mazut_c, NULL)) AS avg_mazut_c, AVG(IIF(torf_c IS NOT NULL OR torf_c > 0, torf_c, NULL)) AS avg_torf_c, AVG(IIF(proch_c IS NOT NULL OR proch_c > 0, proch_c, NULL)) AS avg_proch_c, SUM(IIF(DON_c > 0, DON_c, 0) |         + IIF(PODM_c > 0, PODM_c, 0) |  |         + IIF(vork_c > 0, vork_c, 0) |         + IIF(intin_c > 0, intin_c, 0) |         |         + IIF(kuzngd_c > 0, ...
Расчет стоимости топлива_Аня	0	SELECT S.NUMB1120, S.ordnumb, S.NAME AS STAN, S.YEAR, S.NUST, S.VED, [ST_GAZ]+[ST_MAZUT]+[ST_TORF]+[ST_PROCH]+[ST_UGOL] AS ST_B, IIf([GAZ_c]>0,[GAZ_c]*[GAZ]*[Kgaz],0) AS ST_GAZ, IIf([gazpp_c]>0,[gazpp_c]*[gazpp],0) AS ST_gazpp, IIf([MAZUT_c]>0,[MAZUT_c]*[MAZUT]*[Kmazut],0) AS ST_MAZUT, IIf([TORF_c]>0,[TORF_c]*[TORF],0) AS ST_TORF, IIf([PROCH_c]>0,[PROCH_c]*[PROCH],0) AS ST_PROCH, IIf([SUM_UGLY]>0,[SUM_UGLY]*[Kugol],0) AS ST_UGOL, [ST_DON]+[ST_PODM]+[ST_PECH]+[ST_KUZN]+[ST_URAL]+[ST_BASHK]+[ST_KA...
Расчетные Н в базу_Аня	48	UPDATE [Станции(Схема)] INNER JOIN [Расчет Н] ON ([Станции(Схема)].YEAR = [Расчет Н].YEAR) AND ([Станции(Схема)].NUMB1120 = [Расчет Н].NUMB1120) SET [Станции(Схема)].H = [Расчет Н]![Hras]; | 
Сборка_мусора_в_доп_углях	0	SELECT Имена_станций.NAME, [Рабочий(станции)].Year, z([kuzn])-z([kuznt])-z([kuznss])-z([kuzngd])-z([kuznun]) AS dkuzn, z([pech])-z([intin])-z([vork]) AS dpech, z([ural])-z([sver])-z([chel])-z([kizel]) AS dural, z([kan])-z([nazar])-z([ibor])-z([berez])-z([per]) AS dkau, z([irkut])-z([azey])-z([cher]) AS dirkut, z([bur])-z([gusin])-z([tugn]) AS dbur | FROM ([Рабочий(станции)] RIGHT JOIN [Рабочий(доп_угли)] ON ([Рабочий(станции)].NUMB1120 = [Рабочий(доп_угли)].NUMB1120) AND ([Рабочий(станции)].YEAR...
Сводная_для_ИНЭИ	0	SELECT [Имена_станций].[NAME], [Имена_ОЭС].[abbr] AS oesname, [Имена_эк_районов].[name] AS ername, [Имена_областей].[NAME] AS oblname, [Имена_станций].[ordnumb], [Станции(Схема)].[YEAR], [Станции(Схема)].[NUST], [Станции(Схема)].[E], [Станции(Схема)].[EOTP], [Станции(Схема)].[EURT], [Станции(Схема)].[EUST], [Станции(Схема)].[Q], [Станции(Схема)].[TURT], [Станции(Схема)].[TUST], [Станции(Схема)].[B], [Станции(Схема)].[GAZ], [Доп_угли(Схема)].[gazpp], [Станции(Схема)].[MAZUT], [Станции(Схема)].[TO...
Сводная_тепло из СТ	0	SELECT Имена_ОЭС.nameoes, [Тепло из СТ].*, * | FROM Имена_ОЭС INNER JOIN ([Тепло из СТ] INNER JOIN Имена_станций ON [Тепло из СТ].ordnumb = Имена_станций.ordnumb) ON Имена_ОЭС.oes = Имена_станций.OES; | 
Сети_из_БД_в_Дефициты	48	UPDATE Дефициты INNER JOIN [Сети_сумма_по_РЭУ(табл)] ON ([Дефициты].[obl]=[Сети_сумма_по_РЭУ(табл)].[OBL]) AND ([Дефициты].[year]=[Сети_сумма_по_РЭУ(табл)].[YEAR]) SET Дефициты.E = [Сети_Сумма_по_РЭУ(табл)]![E]; | 
Сети_Перетоки	80	SELECT [Дефициты].[obl], [Сети_РЭУ].[oblk], [Сети_РЭУ].[id] INTO L1 | FROM Дефициты INNER JOIN (Сети_РЭУ INNER JOIN Дефициты AS Дефициты_1 ON [Сети_РЭУ].[oblk]=Дефициты_1.obl) ON [Дефициты].[obl]=[Сети_РЭУ].[obl] | WHERE ((([Дефициты].[D])<0) And ((Дефициты_1.D)>0) And (([Дефициты].[year])=2010)); | 
Сети_РЭУ	0	SELECT [Дефициты].[obl], IIf([obl1]=[obl],[obl2],[obl1]) AS oblk, [Сети].[id], IIf([obl1]=[obl],[p],[pinv]) AS pwork, IIf([obl1]=[obl],0,1) AS inv | FROM Дефициты, Сети | WHERE ((([Дефициты].[obl])=[введите РЭУ]) And (([Дефициты].[year])=2010) And (([Сети].[obl1])=[obl])) Or ((([Дефициты].[obl])=[введите РЭУ]) And (([Дефициты].[year])=2010) And (([Сети].[obl2])=[obl])); | 
Сети_Сумма_по_РЭУ	80	SELECT [Имена_областей].[РЭУ] AS РЭУ, [Имена_областей].[OBL], Sum([Станции(Схема)].[NUST]) AS NUST, Sum([Станции(Схема)].[E]) AS E, [Станции(Схема)].[YEAR], [Станции(Схема)].[OES] INTO [Сети_сумма_по_РЭУ(табл)] | FROM [Станции(Схема)] INNER JOIN Имена_областей ON [Станции(Схема)].[OBL]=[Имена_областей].[OBL] | WHERE ((([Станции(Схема)].[VED])>0) And (([Станции(Схема)].[YEAR])=[год]) And (([Станции(Схема)].[OES])=[ОЭС])) | GROUP BY [Имена_областей].[РЭУ], [Имена_областей].[OBL], [Станции(Схема)]....
Сибирские_угли	128	SELECT w.NAME AS NAME, YEAR,numb1120,oes,obl, kuzn AS data, 10 AS toplcode | FROM [Рабочий(станции)] AS w | WHERE (((kuzn)>0)) | union | SELECT d.NAME AS NAME, YEAR,numb1120,oes,obl,kuzngd  AS data, 10.3 AS toplcode | FROM [Рабочий(доп_угли)] AS d | WHERE (((d.kuzngd)>0)) | union | SELECT d.NAME AS NAME, YEAR,numb1120,oes,obl,kuznt  AS data, 10.1 AS toplcode | FROM [Рабочий(доп_угли)] AS d | WHERE (((d.kuznt)>0)) | union | SELECT d.NAME AS NAME, YEAR,numb1120,oes,obl,kuznss  AS data, 10.2 AS top...
Словарь_РЭУ	0	SELECT First(SLEES.OES) AS OES, SLEES.RES, First(SLEES.NAZV) AS Nazv | FROM SLEES | GROUP BY SLEES.RES | HAVING (((SLEES.RES)>0)); | 
Смена основоного топлива	0	SELECT s.NUMB1120, s.NAME, s.nameoes, s.oblname, s.[Belyaev] AS Belyaev_2025, s2.[Belyaev] AS Belyaev_2031 | FROM [Станции_для_сводной(Схема)] AS s INNER JOIN [Станции_для_сводной(Схема)] AS s2 ON (s.year + 6 = s2.year) AND (s.numb1120 = s2.numb1120) | WHERE s.Year = 2025 |  |     AND s.[Belyaev] <> s2.[Belyaev] | ORDER BY s.NUMB1120, s.Year; | 
Сост_станции(отсут_зап_в_доп_углях)	0	SELECT Составные_станции.NAME, Составные_станции.YEAR, Составные_станции.NUMB1120 | FROM Составные_станции LEFT JOIN [Рабочий(доп_угли)] ON (Составные_станции.YEAR = [Рабочий(доп_угли)].YEAR) AND (Составные_станции.NUMB1120 = [Рабочий(доп_угли)].NUMB1120) | WHERE ((([Рабочий(доп_угли)].NUMB1120) Is Null) AND ((z([kan])+z([bur])+z([irkut])+z([pech])+z([ural])+z([kuzn]))>0)); | 
Составн_станции(зап_отсут_в_доп_углях)_добавление	64	INSERT INTO Доп_угли_1135_новый ( NAME, [YEAR], NUMB1120, numb1 ) | SELECT [Сост_станции(отсут_зап_в_доп_углях)].NAME, [Сост_станции(отсут_зап_в_доп_углях)].YEAR, [Сост_станции(отсут_зап_в_доп_углях)].NUMB1120, [Рабочий(станции)].numb1 | FROM [Сост_станции(отсут_зап_в_доп_углях)] INNER JOIN [Рабочий(станции)] ON ([Сост_станции(отсут_зап_в_доп_углях)].NUMB1120 = [Рабочий(станции)].NUMB1120) AND ([Сост_станции(отсут_зап_в_доп_углях)].YEAR = [Рабочий(станции)].YEAR); | 
Составные_станции(удаление)	32	DELETE Составные_станции.*, Составные_станции.oes | FROM Составные_станции | WHERE (oes<100); | 
Списки_агрегатов_для_печати	0	SELECT Имена_станций.NAME AS stname, Списки_агрегатов.name, Списки_агрегатов.year, Списки_агрегатов.nt, Списки_агрегатов.ur, Списки_агрегатов.stnumb, Списки_агрегатов.stcode, Списки_агрегатов.grcode, Списки_агрегатов.[2002], Списки_агрегатов.[2003], Списки_агрегатов.[2004], Списки_агрегатов.[2005], Списки_агрегатов.[2006], Списки_агрегатов.[2007], Списки_агрегатов.[2008], Списки_агрегатов.[2009], Списки_агрегатов.[2010], Списки_агрегатов.[2011], Списки_агрегатов.[2012], Списки_агрегатов.[2013], ...
Списки_агрегатов_для_схемы	0	SELECT [имена_станций]![name] & "                           " & [addr] AS NAMEAddr, Списки_агрегатов.year, [stnumb]*10000+[year] AS nagr, Топливо_по_агрегатам.ОТЭТ, Списки_агрегатов.name, Списки_агрегатов.stnumb, Топливо_по_агрегатам.Nazv AS Nazv, IIf(InStr([NAZV],"уголь")>0 And InStr([nazv],",")=0,"уголь",[nazv]) AS topl, Списки_агрегатов.[2008], Списки_агрегатов.[2009], Списки_агрегатов.[2010], Списки_агрегатов.[2011], Списки_агрегатов.[2012], Списки_агрегатов.[2013], Списки_агрегатов.[2014], ...
Списки_агрегатов_для_схемы_ФО	0	SELECT [имена_станций]![name] & "                           " & [addr] AS NAMEAddr, Списки_агрегатов.year, [stnumb]*10000+[year] AS nagr, Топливо_по_агрегатам.ОТЭТ, Списки_агрегатов.name, Списки_агрегатов.stnumb, Топливо_по_агрегатам.Nazv AS Nazv, IIf(InStr([NAZV],"уголь")>0 And InStr([nazv],",")=0,"уголь",[nazv]) AS topl, Списки_агрегатов.[2008], Списки_агрегатов.[2009], Списки_агрегатов.[2010], Списки_агрегатов.[2011], Списки_агрегатов.[2012], Списки_агрегатов.[2013], Списки_агрегатов.[2014], ...
'Списки_агрегатов1' без подчиненных в 'Списки_агрегатов'	0	SELECT Списки_агрегатов1.name, Списки_агрегатов1.year, Списки_агрегатов1.stcode, Списки_агрегатов1.grcode | FROM Списки_агрегатов1 LEFT JOIN Списки_агрегатов ON Списки_агрегатов1.[grcode] = Списки_агрегатов.[grcode] | WHERE (((Списки_агрегатов.grcode) Is Null)); | 
списки_для_схемы_АЭС	0	SELECT IIf(Len([Имена_станций_не_ТЭС]![IMST])<=30,Len([Имена_станций_не_ТЭС]![IMST]),30) AS l, [Имена_станций_не_ТЭС]![IMST] & Space(31-[l]) & [Addr] AS NameAddr, Списки_не_ТЭС.NAZV AS name, Списки_не_ТЭС.NAGR AS stnumb, Списки_не_ТЭС.[2008], Списки_не_ТЭС.[2009], Списки_не_ТЭС.[2010], Списки_не_ТЭС.[2011], Списки_не_ТЭС.[2012], Списки_не_ТЭС.[2013], Списки_не_ТЭС.[2014], Списки_не_ТЭС.[2015], Списки_не_ТЭС.[2016], Списки_не_ТЭС.[2017], Списки_не_ТЭС.[2018], Списки_не_ТЭС.[2019], Списки_не_ТЭС.[...
списки_для_схемы_АЭС_ФО	0	SELECT IIf(Len([Имена_станций_не_ТЭС]![IMST])<=30,Len([Имена_станций_не_ТЭС]![IMST]),30) AS l, [Имена_станций_не_ТЭС]![IMST] & Space(31-[l]) & [Addr] AS NameAddr, Списки_не_ТЭС.NAZV AS name, Списки_не_ТЭС.NAGR AS stnumb, Списки_не_ТЭС.[2008], Списки_не_ТЭС.[2009], Списки_не_ТЭС.[2010], Списки_не_ТЭС.[2011], Списки_не_ТЭС.[2012], Списки_не_ТЭС.[2013], Списки_не_ТЭС.[2014], Списки_не_ТЭС.[2015], Списки_не_ТЭС.[2016], Списки_не_ТЭС.[2017], Списки_не_ТЭС.[2018], Списки_не_ТЭС.[2019], Списки_не_ТЭС.[...
списки_для_схемы_ВЭС	0	SELECT Словарь_РЭУ.OES, STAN.RES, Списки_не_ТЭС.NST, Словарь_РЭУ.Nazv, STAN.IMST, Списки_не_ТЭС.NAZV AS name, Списки_не_ТЭС.NAGR AS stnumb, Списки_не_ТЭС.[2008], Списки_не_ТЭС.[2009], Списки_не_ТЭС.[2010], Списки_не_ТЭС.[2011], Списки_не_ТЭС.[2012], Списки_не_ТЭС.[2013], Списки_не_ТЭС.[2014], Списки_не_ТЭС.[2015], Списки_не_ТЭС.[2016], Списки_не_ТЭС.[2017], Списки_не_ТЭС.[2018], Списки_не_ТЭС.[2019], Списки_не_ТЭС.[2020], Списки_не_ТЭС.[2025], Списки_не_ТЭС.[2030] | FROM (Списки_не_ТЭС INNER JOI...
списки_для_схемы_ГЭС	0	SELECT IIf(Len([Имена_станций_не_ТЭС]![IMST])<=30,Len([Имена_станций_не_ТЭС]![IMST]),30) AS l, [Имена_станций_не_ТЭС]![IMST] & Space(31-[l]) & [Addr] AS NameAddr, Списки_не_ТЭС.NAZV AS name, Списки_не_ТЭС.NAGR AS stnumb, Списки_не_ТЭС.[2008], Списки_не_ТЭС.[2009], Списки_не_ТЭС.[2010], Списки_не_ТЭС.[2011], Списки_не_ТЭС.[2012], Списки_не_ТЭС.[2013], Списки_не_ТЭС.[2014], Списки_не_ТЭС.[2015], Списки_не_ТЭС.[2016], Списки_не_ТЭС.[2017], Списки_не_ТЭС.[2018], Списки_не_ТЭС.[2019], Списки_не_ТЭС.[...
списки_для_схемы_ГЭС_ФО	0	SELECT IIf(Len([Имена_станций_не_ТЭС]![IMST])<=30,Len([Имена_станций_не_ТЭС]![IMST]),30) AS l, [Имена_станций_не_ТЭС]![IMST] & Space(31-[l]) & [Addr] AS NameAddr, Списки_не_ТЭС.NAZV AS name, Списки_не_ТЭС.NAGR AS stnumb, Списки_не_ТЭС.[2008], Списки_не_ТЭС.[2009], Списки_не_ТЭС.[2010], Списки_не_ТЭС.[2011], Списки_не_ТЭС.[2012], Списки_не_ТЭС.[2013], Списки_не_ТЭС.[2014], Списки_не_ТЭС.[2015], Списки_не_ТЭС.[2016], Списки_не_ТЭС.[2017], Списки_не_ТЭС.[2018], Списки_не_ТЭС.[2019], Списки_не_ТЭС.[...
Списки_по_округам	0	SELECT Имена_округов.name, Имена_станций.NAME | FROM (Ген_схема_500 INNER JOIN Имена_станций ON Ген_схема_500.stcode = Имена_станций.NUMB) INNER JOIN Имена_округов ON Имена_станций.FO = Имена_округов.code | ORDER BY Имена_станций.FO, Имена_станций.ordnumb; | 
Список_из_варианта	0	SELECT [Станции(Сибирь_Урал)].NAME, [Станции(Сибирь_Урал)].NUMB1120, Имена_станций.ordnumb, [Станции(Сибирь_Урал)].OBL, [Станции(Сибирь_Урал)].OES, [Станции(Сибирь_Урал)].VED, Имена_станций.MAIN, (select count(class!numb) from имена_станций as class where class!main=имена_станций!main and class!r=1) AS dg, IIf([dg]=1 And [r]=1,[main],[numb]) AS linko, IIf([code] Is Not Null,True,False) AS Qfix | FROM [Станции(Сибирь_Урал)] INNER JOIN (Имена_станций LEFT JOIN Фиксированное_тепло ON Имена_станций....
Список_станций	0	SELECT Имена_станций.NAME AS name1, Имена_станций.ordnumb AS numb1, Имена_станций.OBL, Имена_станций.OES, Имена_областей.NAME AS oblname, Имена_ОЭС.name AS oesname | FROM ((Имена_станций INNER JOIN Имена_областей ON Имена_станций.OBL = Имена_областей.OBL) INNER JOIN Имена_ОЭС ON Имена_станций.OES = Имена_ОЭС.oes) INNER JOIN Фильтр_станций ON Имена_станций.NUMB = Фильтр_станций.NUMB1120 | ORDER BY Имена_станций.ordnumb; | 
Список_станций(копия)	0	SELECT First(Имена_станций.NAME) AS name1, w.NUMB1120, Имена_станций.ordnumb AS numb1, First(Имена_областей.NAME) AS oblname, First(Имена_областей.OBL) AS obl, Имена_ОЭС.oes, First(Имена_ОЭС.name) AS oesname | FROM (((Станции1135_новый AS w LEFT JOIN Доп_угли_1135_новый AS d ON (w.NUMB1120 = d.NUMB1120) AND (w.YEAR = d.YEAR)) INNER JOIN Имена_станций ON w.NUMB1120 = Имена_станций.NUMB) INNER JOIN Имена_областей ON w.OBL = Имена_областей.OBL) INNER JOIN Имена_ОЭС ON w.OES = Имена_ОЭС.oes | WHERE ...
Сравнение данных Станции(Схема) и Станции 2010_Аня	0	SELECT Станции2010.NAME, [Станции(Схема)].NAME, [Станции(Схема)].YEAR, [Станции(Схема)]![E]-[Станции2010]![E] AS Выраб, [Станции(Схема)]![Q]-[Станции2010]![Q] AS Тепло, [Станции(Схема)]![B]-[Станции2010]![B] AS Топл, [Станции(Схема)]![gaz]-[Станции2010]![gaz] AS gaz | FROM [Станции(Схема)] INNER JOIN Станции2010 ON ([Станции(Схема)].YEAR = Станции2010.YEAR) AND ([Станции(Схема)].NUMB1120 = Станции2010.NUMB1120) | WHERE ((([Станции(Схема)].YEAR)=2010)); | 
Сравнение мазута	0	SELECT Станции2021.NAME, Станции2021.MAZUT, [Станции(Схема)].MAZUT, Станции2021.numb1 | FROM Станции2021 INNER JOIN [Станции(Схема)] ON (Станции2021.NUMB1120 = [Станции(Схема)].NUMB1120) AND (Станции2021.YEAR = [Станции(Схема)].YEAR) | ORDER BY Станции2021.numb1; | 
Сравнение названий	0	SELECT [Станции(Схема)].NAME, Имена_станций.NAME, [Станции(Схема)].YEAR, [Станции(Схема)].OES, IIf([Станции(Схема)]![NAME]=[Имена_станций]![NAME],1,0) AS условие, Имена_ОЭС.nameoes | FROM ([Станции(Схема)] INNER JOIN Имена_станций ON [Станции(Схема)].NUMB1120 = Имена_станций.NUMB) INNER JOIN Имена_ОЭС ON [Станции(Схема)].OES = Имена_ОЭС.oes | WHERE ((([Станции(Схема)].YEAR)=2009) AND ((IIf([Станции(Схема)]![NAME]=[Имена_станций]![NAME],1,0))=0)); | 
Сравнение отчётного ЧЧИУМ	0	SELECT [Станции(Схема)].NUMB1120, Имена_ОЭС.nameoes AS ОЭС, Имена_областей.NAME AS область, [Станции(Схема)].NAME AS Станция, Round([E]/[NUST]*1000,1) AS rasch, [Станции(Схема)].H AS naznach, [Станции(Схема)].Year, [naznach]-[rasch] AS d | FROM (Имена_областей INNER JOIN (Имена_ОЭС INNER JOIN Имена_станций ON Имена_ОЭС.oes = Имена_станций.OES) ON Имена_областей.OBL = Имена_станций.OBL) INNER JOIN [Станции(Схема)] ON Имена_станций.NUMB = [Станции(Схема)].NUMB1120 | WHERE ((([Станции(Схема)].Year)...
Сравнение с ПБ	0	SELECT Имена_станций.NAME, [Станции(Схема)].YEAR, [Станции(Схема)].Q AS Q1, [Станции(Схема)_ПБ].Q AS Q2, [q1]-[q2] AS d, [Станции(Схема)].OES | FROM ([Станции(Схема)] INNER JOIN [Станции(Схема)_ПБ] ON ([Станции(Схема)].v = [Станции(Схема)_ПБ].v) AND ([Станции(Схема)].NUMB1120 = [Станции(Схема)_ПБ].NUMB1120) AND ([Станции(Схема)].YEAR = [Станции(Схема)_ПБ].YEAR)) INNER JOIN Имена_станций ON [Станции(Схема)].NUMB1120 = Имена_станций.NUMB | WHERE ((([Станции(Схема)].OES)=4) AND ((Имена_станций.MAIN...
Сравнение с ПБ_1	0	SELECT [Сравнение с ПБ].*, IIf([q1]>0,Abs([d])/[q1]*100,0) AS pd | FROM [Сравнение с ПБ] | WHERE (((IIf([q1]>0,Abs([d])/[q1]*100,0))>5)); | 
Сравнение удельных отчёт и перспектива	0	SELECT DISTINCTROW [Станции(Схема)].EURT AS bw_2024, [Станции(Схема)].Year, [Станции(Схема)_1].EURT AS bw_2031, [Станции(Схема)_1].Year, [bw_2031]-[bw_2024] AS Delta, [Станции(Схема)].NUMB1120, Имена_ОЭС.name, Имена_областей.NAME, Имена_станций.NAME | FROM ((([Станции(Схема)] INNER JOIN [Станции(Схема)] AS [Станции(Схема)_1] ON [Станции(Схема)].NUMB1120 = [Станции(Схема)_1].NUMB1120) INNER JOIN Имена_областей ON [Станции(Схема)_1].OBL = Имена_областей.OBL) INNER JOIN Имена_ОЭС ON [Станции(Схема)...
Средняя цена топлива по областям	0	SELECT Имена_областей.OBL, Имена_областей.NAME AS oblname, Nz(Avg(IIf([Расчёт средней цены топлива].avg_gaz_c>0,[Расчёт средней цены топлива].avg_gaz_c,Null)),0) AS gaz_obl_c, Nz(Avg(IIf([Расчёт средней цены топлива].avg_mazut_c>0,[Расчёт средней цены топлива].avg_mazut_c,Null)),0) AS mazut_obl_c, Nz(Avg(IIf([Расчёт средней цены топлива].avg_torf_c>0,[Расчёт средней цены топлива].avg_torf_c,Null)),0) AS torf_obl_c, Nz(Avg(IIf([Расчёт средней цены топлива].avg_proch_c>0,[Расчёт средней цены топли...
Станции	0	SELECT Имена_станций.NAME, Имена_ОЭС.abbr AS oesname, Имена_областей.abbr AS oblname, Имена_станций.ordnumb, [Рабочий(станции)].YEAR, [Рабочий(станции)].NUST, [Рабочий(станции)].E, [Рабочий(станции)].EOTP, [Рабочий(станции)].EURT, [Рабочий(станции)].EUST, [Рабочий(станции)].Q, [Рабочий(станции)].TURT, [Рабочий(станции)].TUST, [Рабочий(станции)].B, [Рабочий(станции)].GAZ, [Рабочий(станции)].MAZUT, [Рабочий(станции)].TORF, [Рабочий(станции)].SLAN, [Рабочий(станции)].GTT, [Рабочий(станции)].PROCH, ...
Станции по компаниям	0	SELECT имена_ГК.name, Имена_станций.NAME, имена_ГК.code | FROM имена_БЕ INNER JOIN (имена_ГК INNER JOIN Имена_станций ON имена_ГК.code = Имена_станций.GK) ON имена_БЕ.code = Имена_станций.BE | WHERE (((Имена_станций.MAIN) Is Null) AND ((имена_БЕ.code)=5)); | 
Станции с новыми частями_Аня	0	SELECT DISTINCT Имена_станций.numb, Имена_станций.name, Имена_станций.main | FROM [Станции(Схема)] INNER JOIN Имена_станций ON [Станции(Схема)].NUMB1120 = Имена_станций.NUMB | WHERE [Станции(Схема)].Year = 2021  | AND Имена_станций.MAIN IN ( |     SELECT MAIN |     FROM [Станции(Схема)]  |     INNER JOIN Имена_станций ON [Станции(Схема)].NUMB1120 = Имена_станций.NUMB |     WHERE [Станции(Схема)].Year = 2021  |     AND Имена_станций.MAIN > 0  |     AND Имена_станций.R = 2 | ) | AND EXISTS ( |    ...
Станции(Схема) без подчиненных в KOEF	0	SELECT [Станции(Схема)].NAME, [Станции(Схема)].YEAR, [Станции(Схема)].NUST, [Станции(Схема)].E, [Станции(Схема)].NUMB1120, [Станции(Схема)].OES, [Станции(Схема)].OBL | FROM [Станции(Схема)] LEFT JOIN [Москва и МО] ON [Станции(Схема)].NUMB1120 = [Москва и МО].NUMB | WHERE ((([Станции(Схема)].YEAR)=2022) AND (([Станции(Схема)].OES)=2) AND (([Станции(Схема)].OBL)=18) AND (([Москва и МО].NUMB) Is Null)); | 
'Станции(Схема)' без подчиненных в 'Москва и МО'	0	SELECT [Станции(Схема)].NAME, [Станции(Схема)].YEAR, [Станции(Схема)].NUST, [Станции(Схема)].E, [Станции(Схема)].NUMB1120, [Станции(Схема)].OES, [Станции(Схема)].OBL | FROM [Станции(Схема)] LEFT JOIN [Москва и МО] ON [Станции(Схема)].NUMB1120 = [Москва и МО].NUMB | WHERE ((([Станции(Схема)].YEAR)=2022) AND (([Станции(Схема)].OES)=2) AND (([Станции(Схема)].OBL)=18) AND (([Москва и МО].NUMB) Is Null)); | 
'Станции(Схема)' без подчиненных в 'Списки_агрегатов'	0	SELECT [Станции(Схема)].NAME, [Станции(Схема)].OES, [Станции(Схема)].OBL, [Станции(Схема)].YEAR, [Станции(Схема)].NUMB1120, [Станции(Схема)].OBOR | FROM [Станции(Схема)] INNER JOIN Списки_агрегатов ON [Станции(Схема)].NUMB1120 = Списки_агрегатов.grcodec | WHERE (((Списки_агрегатов.stcode) Is Null) AND (([Станции(Схема)].YEAR)=2031) AND (([Станции(Схема)].OBOR)<>50)) OR (((Списки_агрегатов.stcode) Is Null) AND (([Станции(Схема)].YEAR)=2031) AND (([Станции(Схема)].OBOR)<>95)); | 
'Станции(Схема)' без подчиненных в 'Удельные(Схема)'	0	SELECT [Станции(Схема)].NUMB1120, [Станции(Схема)].NAME, [Станции(Схема)].Year, [Станции(Схема)].OES, [Станции(Схема)].NUMB1120, [Станции(Схема)].numb1, [Станции(Схема)].VED | FROM [Станции(Схема)] LEFT JOIN [Удельные(Схема)] ON [Станции(Схема)].NUMB1120 = [Удельные(Схема)].numb1120 | WHERE ((([Станции(Схема)].VED)<>0) AND (([Удельные(Схема)].numb1120) Is Null)) | ORDER BY [Станции(Схема)].NUMB1120, [Станции(Схема)].Year; | 
'Станции(Схема)' без подчиненных в 'Формулы_топлива(Схема)'	0	SELECT [Станции(Схема)].OES, [Станции(Схема)].NUMB1120, [Станции(Схема)].NAME, [Станции(Схема)].Year, [Формулы_топлива(Схема)].formtxt, [Станции(Схема)].VED | FROM [Станции(Схема)] LEFT JOIN [Формулы_топлива(Схема)] ON [Станции(Схема)].NUMB1120 = [Формулы_топлива(Схема)].numb1120 | WHERE ((([Формулы_топлива(Схема)].numb1120) Is Null)) | ORDER BY [Станции(Схема)].OES, [Станции(Схема)].NUMB1120, [Станции(Схема)].Year; | 
Станции(Схема)_перекрестный	16	TRANSFORM Sum([YEAR]) | SELECT [NUMB1120], [OES], [OBL], Sum([YEAR]) AS [Итоговое значение YEAR] | FROM [Станции(Схема)] | GROUP BY [NUMB1120], [OES], [OBL] | PIVOT [TURT]; | 
'Станции(Схема)24-29' без подчиненных в 'Станции(Схема)'	0	SELECT [Станции(Схема)24-29].YEAR, [Станции(Схема)24-29].NUMB1120, [Станции(Схема)24-29].E, [Станции(Схема)24-29].OES | FROM [Станции(Схема)24-29] LEFT JOIN [Станции(Схема)] ON [Станции(Схема)24-29].[NUMB1120] = [Станции(Схема)].[NUMB1120] | WHERE ((([Станции(Схема)].NUMB1120) Is Null)); | 
Станции_90_91_95_99	0	SELECT NAME, YEAR, NUST, E, eotp, ewtp, eurt, eust, Q, turt, tust, b, gaz, mazut, gtt, torf, slan, proch, ugol, don, arkt, pech, podm, kuzn, ural, bashk, ekib, karag, hak, kan, tuv, irkut, bur, chit, ner, raich, prim, urg, luch, mag, sah, qotr, NT, snk, obor, VED, OBL, DEP, OES, ER, NUMB1120, numb1 | FROM [станции(архив)] | WHERE (year=1990 or year=1991 or year=1995 or year=2000 or year=2001); | 
Станции_выше_500_МВт	0	SELECT Имена_станций.NAME, Имена_станций.NUMB, Имена_станций.ordnumb | FROM [Станции(Схема)] INNER JOIN Имена_станций ON [Станции(Схема)].NUMB1120 = Имена_станций.NUMB | WHERE ((([Станции(Схема)].NUST)>=300) AND ((Имена_станций.MAIN) Is Null)) | GROUP BY Имена_станций.NAME, Имена_станций.NUMB, Имена_станций.ordnumb | ORDER BY Имена_станций.ordnumb; | 
Станции_для_сводной(Схема)	0	SELECT Имена_станций.NAME, Имена_ОЭС.nameoes, Имена_областей.NAME AS oblname, Имена_станций.ordnumb, [Станции(Схема)].Year, IIf([Станции(Схема)].[NUST]>0,[Станции(Схема)].[NUST],0) AS NUST, [Станции(Схема)].NR, IIf([Станции(Схема)].[E]>0,[Станции(Схема)].[E],0) AS E, IIf([Станции(Схема)].[EOTP]>0,[Станции(Схема)].[EOTP],0) AS EOTP, IIf([Станции(Схема)].[EURT]>0,[Станции(Схема)].[EURT],0) AS EURT, IIf([Станции(Схема)].[EUST]>0,[Станции(Схема)].[EUST],0) AS EUST, IIf([Станции(Схема)].[Q]>0,[Станци...
Станции_для_сводной(Схема)_Москва	0	SELECT Имена_станций.NAME, Имена_ОЭС.abbr AS oesname, Имена_эк_районов.name AS ername, Имена_областей.NAME AS oblname, Имена_станций.ordnumb, [Станции(Схема)].YEAR, [Станции(Схема)].NUST, [Станции(Схема)].NR, [Станции(Схема)].E, [Станции(Схема)].EOTP, [Станции(Схема)].EURT, [Станции(Схема)].EUST, [Станции(Схема)].Q, [Станции(Схема)].TURT, [Станции(Схема)].TUST, [Станции(Схема)].B, [Станции(Схема)].GAZ, [Доп_угли(Схема)].gazpp, [Станции(Схема)].MAZUT, [Станции(Схема)].TORF, [Станции(Схема)].SLAN,...
Станции_не_ТЭС_свыше_500_МВт	0	SELECT Мощности_не_ТЭС.IMST, Мощности_не_ТЭС.NST, Имена_станций_не_ТЭС.type, Мощности_не_ТЭС.[2008], Мощности_не_ТЭС.[2009], Мощности_не_ТЭС.[2010], Мощности_не_ТЭС.[2011], Мощности_не_ТЭС.[2012], Мощности_не_ТЭС.[2013], Мощности_не_ТЭС.[2014], Мощности_не_ТЭС.[2015], Мощности_не_ТЭС.[2016], Мощности_не_ТЭС.[2017], Мощности_не_ТЭС.[2018], Мощности_не_ТЭС.[2019], Мощности_не_ТЭС.[2020], Мощности_не_ТЭС.[2025], Мощности_не_ТЭС.[2030] | FROM Мощности_не_ТЭС INNER JOIN Имена_станций_не_ТЭС ON Мощнос...
Станции_с_фикс_часами	0	SELECT First(Имена_станций.NAME) AS NAME, Имена_станций.NUMB, [Рабочий(станции)].OES AS oes, [Рабочий(станции)].OBL, [Рабочий(станции)].VED AS ved, [Рабочий(станции)].OBOR AS obor | FROM [Рабочий(станции)] INNER JOIN Имена_станций ON [Рабочий(станции)].NUMB1120 = Имена_станций.NUMB | WHERE ((([Рабочий(станции)].HFIX)=1)) | GROUP BY Имена_станций.NUMB, [Рабочий(станции)].OES, [Рабочий(станции)].OBL, [Рабочий(станции)].VED, [Рабочий(станции)].OBOR | ORDER BY First(Имена_станций.ordnumb); | 
Стоимость 1 кВтч_Аня	0	SELECT [Цена топлива по группам обор].*, Имена_станций.NAME AS stanciya | FROM Имена_областей INNER JOIN (Имена_станций INNER JOIN [Цена топлива по группам обор] ON Имена_станций.NUMB = [Цена топлива по группам обор].NUMB1120) ON Имена_областей.OBL = Имена_станций.OBL | WHERE [Цена топлива по группам обор].OBL Not In (1, 4, 10)  |     AND [Цена топлива по группам обор].Year > 2024  |     AND [Цена топлива по группам обор].OBOR <> 95 | ORDER BY Имена_станций.ordnumb, [Цена топлива по группам обор...
Сумма_агрегатов	0	SELECT First(Списки_агрегатов.stname) AS [First-stname], Списки_агрегатов.stcode, Sum(Списки_агрегатов.[2009]) AS [Sum-2009], Sum(Списки_агрегатов.[2010]) AS [Sum-2010], Sum(Списки_агрегатов.[2011]) AS [Sum-2011], Sum(Списки_агрегатов.[2012]) AS [Sum-2012], Sum(Списки_агрегатов.[2013]) AS [Sum-2013], Sum(Списки_агрегатов.[2014]) AS [Sum-2014], Sum(Списки_агрегатов.[2015]) AS [Sum-2015], Sum(Списки_агрегатов.[2016]) AS [Sum-2016], Sum(Списки_агрегатов.[2017]) AS [Sum-2017], Sum(Списки_агрегатов.[...
Сумма_агрегатов_Nt	0	SELECT Списки_агрегатов.grcode, Sum(IIf([2030]>0,[nt],0)) AS Nt30, Sum(IIf([2029]>0,[nt],0)) AS Nt29, Sum(IIf([2028]>0,[nt],0)) AS Nt28, Sum(IIf([2027]>0,[nt],0)) AS Nt27, Sum(IIf([2026]>0,[nt],0)) AS Nt26, Sum(IIf([2025]>0,[nt],0)) AS Nt25, Sum(IIf([2024]>0,[nt],0)) AS Nt24, Sum(IIf([2023]>0,[nt],0)) AS Nt23, Sum(IIf([2022]>0,[nt],0)) AS Nt22, Sum(IIf([2021]>0,[nt],0)) AS Nt21, Sum(IIf([2018]>0,[nt],0)) AS Nt18, Sum(IIf([2019]>0,[nt],0)) AS Nt19, Sum(IIf([2020]>0,[nt],0)) AS Nt20 | FROM Списки_...
Сумма_агрегатов_контроль	0	SELECT Имена_станций.NAME, [Станции(Схема)].NUST, Сумма_агрегатов.[Sum-2009], Сумма_агрегатов.stcode | FROM ([Станции(Схема)] INNER JOIN Имена_станций ON [Станции(Схема)].NUMB1120 = Имена_станций.NUMB) INNER JOIN Сумма_агрегатов ON [Станции(Схема)].NUMB1120 = Сумма_агрегатов.stcode | WHERE ((([Станции(Схема)].NUST)<>[SUM-2009]) AND ((Имена_станций.MAIN) Is Null) AND (([Станции(Схема)].YEAR)=2009)); | 
Сумма_доп_углей_по_сост_ст	48	UPDATE [Рабочий_для_суммы(доп_угли)] INNER JOIN Составные_станции ON ([Рабочий_для_суммы(доп_угли)].NUMB1120 = Составные_станции.NUMB1120) AND ([Рабочий_для_суммы(доп_угли)].YEAR = Составные_станции.YEAR) SET [Рабочий_для_суммы(доп_угли)].vork = [Составные_станции]![vork], [Рабочий_для_суммы(доп_угли)].intin = [Составные_станции]![intin], [Рабочий_для_суммы(доп_угли)].nazar = [Составные_станции]![nazar], [Рабочий_для_суммы(доп_угли)].ibor = [Составные_станции]![ibor], [Рабочий_для_суммы(доп_угли...
Сумма_по_областям	80	SELECT [Станции(Схема)].[YEAR], [Станции(Схема)].[OES], [Станции(Схема)].[OBL], Sum([Станции(Схема)].[E]) AS E, Sum([Станции(Схема)].[NUST]) AS NUST, Sum([Станции(Схема)].[NR]) AS NR INTO [Сумма_по_областям(таблица)] | FROM [Станции(Схема)] INNER JOIN Имена_областей ON [Станции(Схема)].[OBL]=[Имена_областей].[OBL] | WHERE ((([Станции(Схема)].[VED])>0)) | GROUP BY [Станции(Схема)].[YEAR], [Станции(Схема)].[OES], [Станции(Схема)].[OBL]; | 
Сумма_частей	64	INSERT INTO Составные_станции ( NAME, NUMB1120, [YEAR], NUST, NR, E, EOTP, EURT, EUST, Q, TURT, TUST, B, GAZ, ISK_GAZ, MAZUT, TORF, SLAN, GTT, PROCH, UGOL, DON, PODM, PECH, ARKT, KUZN, URAL, BASHK, EKIB, KARAG, KAN, IRKUT, HAK, TUV, BUR, CHIT, NER, RAICH, URG, PRIM, LUCH, MAG, SAH, QOTR, EWTP, NT, nazar, ibor, berez, per, gusin, tugn, azey, cher, sver, chel, kizel, kuzngd, kuznt, kuznss, kuznun, vork, [int], oes ) | SELECT DISTINCTROW First(Имена_станций_1.NAME) AS NAME, Имена_станций.MAIN AS NU...
Сумма_частей(выборка)	0	SELECT DISTINCTROW First(Имена_станций_1.NAME) AS NAME, First(Имена_станций_1.ordnumb) AS numb1, Имена_станций.MAIN AS NUMB1120, s.YEAR, Sum(s.NUST) AS NUST, Sum(s.NR) AS NR, Sum(s.E) AS E, Sum(s.EOTP) AS EOTP, IIf([EOTP]>0,[EUST]/[EOTP]*1000,0) AS EURT, Sum(s.EUST) AS EUST, Sum(s.Q) AS Q, IIf([Q]>0,[TUST]/[Q]*1000,0) AS TURT, Sum(s.TUST) AS TUST, Sum(s.B) AS B, Sum(s.GAZ) AS GAZ, Sum(s.ISK_GAZ) AS ISK_GAZ, Sum(s.MAZUT) AS MAZUT, Sum(s.TORF) AS TORF, Sum(s.SLAN) AS SLAN, Sum(s.PROCH) AS PROCH, S...
Сумма_частей(тепло)	0	SELECT DISTINCTROW First(Имена_станций_1.NAME) AS NAME, Имена_станций.MAIN AS NUMB1120, s.YEAR, Sum(s.NUST) AS NUST, Sum(s.Q) AS Q, Sum(s.QOTR) AS QOTR, Sum(s.NT) AS NT | FROM Рабочий_для_суммы AS s INNER JOIN (Имена_станций INNER JOIN Имена_станций AS Имена_станций_1 ON Имена_станций.MAIN = Имена_станций_1.NUMB) ON s.NUMB1120 = Имена_станций.NUMB | WHERE (((Имена_станций.MAIN)>0)) | GROUP BY Имена_станций.MAIN, s.YEAR | HAVING (((Имена_станций.MAIN)>0) AND ((s.YEAR)>0)) | ORDER BY Имена_станций...
Сумма_частей_Аня	0	SELECT DISTINCTROW First(Имена_станций_1.NAME) AS MAME, Имена_станций.MAIN AS NUMB1120, Рабочий.Year, Sum(Рабочий.NUST) AS NUST, Sum(Рабочий.E) AS E, Sum(Рабочий.EOTP) AS EOTP, IIf([EOTP]>0,[EUST]/[EOTP]*1000,0) AS EURT, Sum(Рабочий.EUST) AS EUST, Sum(Рабочий.Q) AS Q, IIf([Q]>0,[TUST]/[Q]*1000,0) AS TURT, Sum(Рабочий.TUST) AS TUST, Sum(Рабочий.B) AS B, Sum(Рабочий.GAZ) AS GAZ, Sum(Рабочий.MAZUT) AS MAZUT, Sum(Рабочий.TORF) AS TORF, Sum(Рабочий.SLAN) AS SLAN, Sum(Рабочий.PROCH) AS PROCH, Sum(Рабо...
СуммаN*b	0	SELECT Станции1100.OES, Sum([bk]*[nust])/Sum([nust]) AS R | FROM Удельные1100 INNER JOIN Станции1100 ON Удельные1100.numb1120 = Станции1100.NUMB1120 | WHERE (((Удельные1100.year)=1998) AND ((Станции1100.YEAR)=1998) AND ((Станции1100.NUST)>0) AND ((Станции1100.VED)>1) AND ((Станции1100.OBOR)>89)) | GROUP BY Станции1100.OES; | 
Суммирование данных по областям_Аня	16	TRANSFORM Sum([Станции(Схема)].NUST) AS [Sum-NUST] | SELECT [Станции(Схема)].OES, Имена_областей.NAME | FROM [Станции(Схема)] INNER JOIN Имена_областей ON [Станции(Схема)].OBL = Имена_областей.OBL | WHERE ((([Станции(Схема)].VED)>0) AND (([Станции(Схема)].OES)<8)) | GROUP BY [Станции(Схема)].OES, Имена_областей.NAME | PIVOT [Станции(Схема)].YEAR; | 
Тепло	16	TRANSFORM Sum([Станции(Схема)].Q) AS [Sum-Q] | SELECT [Станции(Схема)].NUMB1120 | FROM [Станции(Схема)] | GROUP BY [Станции(Схема)].NUMB1120 | PIVOT [Станции(Схема)].YEAR; | 
Тепло и изменение мощности_Аня	0	SELECT Имена_станций.NAME, t1.NUMB1120, t1.Year, t1.NUST, t1.Q, t1.QOTR, IIf(t1.NUST<>(SELECT t2.NUST  |                     FROM [Станции(Схема)] t2  |                     WHERE t2.NUMB1120 = t1.NUMB1120 AND t2.YEAR = t1.YEAR - 1),99,0) AS Q_Status, Имена_ОЭС.nameoes, Имена_областей.NAME AS oblast, t1.numb1 | FROM (([Станции(Схема)] AS t1 INNER JOIN Имена_ОЭС ON t1.OES = Имена_ОЭС.oes) INNER JOIN Имена_областей ON t1.OBL = Имена_областей.OBL) INNER JOIN Имена_станций ON (Имена_областей.OBL = Им...
Тепло из СТ	0	SELECT Имена_областей.OBL, Имена_областей.NAME, [Тепло из схем теплоснабжения].kod_goroda, Города.Name, Имена_станций.ordnumb, [Тепло из схем теплоснабжения].dannie, * | FROM (([Тепло из схем теплоснабжения] LEFT JOIN Города ON [Тепло из схем теплоснабжения].kod_goroda = Города.code) LEFT JOIN Имена_областей ON Города.область = Имена_областей.OBL) LEFT JOIN Имена_станций ON [Тепло из схем теплоснабжения].NUMB1120 = Имена_станций.NUMB | ORDER BY Имена_областей.OBL, Имена_станций.ordnumb, [Тепло и...
Тепло из СТ_столбцы в строки	128	SELECT [kod_goroda],[NUMB1120], "2025" as year, [2025] as Q from [Тепло из СТ_тепло ТЭС] UNION all SELECT  |  [kod_goroda],[NUMB1120], "2026" as year, [2026] as Q from [Тепло из СТ_тепло ТЭС] UNION all SELECT  |  [kod_goroda],[NUMB1120], "2027" as year, [2027] as Q from [Тепло из СТ_тепло ТЭС] UNION all SELECT  |  [kod_goroda],[NUMB1120], "2028" as year, [2028] as Q from [Тепло из СТ_тепло ТЭС] UNION all SELECT  |  [kod_goroda],[NUMB1120], "2029" as year, [2029] as Q from [Тепло из СТ_тепло ТЭС]...
Тепло из эксель_Q_строки в столбцы	128	SELECT [OES], [numb1120], CDbl("2023") AS [year], [2023] AS Q | FROM [Тепло из эксель_выборка] | UNION ALL | SELECT [OES], [numb1120], CDbl("2024") AS [year], [2024] AS Q | FROM [Тепло из эксель_выборка] | UNION ALL | SELECT [OES], [numb1120], CDbl("2025") AS [year], [2025] AS Q | FROM [Тепло из эксель_выборка] | UNION ALL | SELECT [OES], [numb1120], CDbl("2026") AS [year], [2026] AS Q | FROM [Тепло из эксель_выборка] | UNION ALL | SELECT [OES], [numb1120], CDbl("2027") AS [year], [2027] AS Q | ...
Тепло из эксель_QOTR_выборка	0	SELECT [Тепло из эксель в базу].oes, [Тепло из эксель в базу].NUMB1120, [Тепло из эксель в базу].Значения, [Тепло из эксель в базу].[2023], [Тепло из эксель в базу].[2024], [Тепло из эксель в базу].[2025], [Тепло из эксель в базу].[2026], [Тепло из эксель в базу].[2027], [Тепло из эксель в базу].[2028], [Тепло из эксель в базу].[2029], [Тепло из эксель в базу].[2030], [Тепло из эксель в базу].[2031], [Тепло из эксель в базу].[2032], [Тепло из эксель в базу].[2033], [Тепло из эксель в базу].[2034...
Тепло из эксель_QOTR_строки в столбцы	128	SELECT [OES], [numb1120], CDbl("2023") AS [year], [2023] AS QOTR | FROM [Тепло из эксель_QOTR_выборка] | UNION ALL | SELECT [OES], [numb1120], CDbl("2024") AS [year], [2024] AS QOTR | FROM [Тепло из эксель_QOTR_выборка] | UNION ALL | SELECT [OES], [numb1120], CDbl("2025") AS [year], [2025] AS QOTR | FROM [Тепло из эксель_QOTR_выборка] | UNION ALL | SELECT [OES], [numb1120], CDbl("2026") AS [year], [2026] AS QOTR | FROM [Тепло из эксель_QOTR_выборка] | UNION ALL | SELECT [OES], [numb1120], CDbl("...
Тепло из эксель_выборка	0	SELECT [Тепло из эксель в базу].oes, [Тепло из эксель в базу].NUMB1120, [Тепло из эксель в базу].Значения, [Тепло из эксель в базу].[2023], [Тепло из эксель в базу].[2024], [Тепло из эксель в базу].[2025], [Тепло из эксель в базу].[2026], [Тепло из эксель в базу].[2027], [Тепло из эксель в базу].[2028], [Тепло из эксель в базу].[2029], [Тепло из эксель в базу].[2030], [Тепло из эксель в базу].[2031], [Тепло из эксель в базу].[2032], [Тепло из эксель в базу].[2033], [Тепло из эксель в базу].[2034...
Тепло по городам из СТ	0	SELECT Города.code, Города.Name, [Станции(Схема)].NUMB1120, [Станции(Схема)].NAME, [Станции(Схема)].YEAR, [Станции(Схема)].Q, [Станции(Схема)].QOTR, [Станции(Схема)].TURT, * | FROM [Станции(Схема)] INNER JOIN (Города INNER JOIN Имена_станций ON Города.code = Имена_станций.codegor) ON [Станции(Схема)].NUMB1120 = Имена_станций.NUMB | ORDER BY [Станции(Схема)].numb1; | 
Тепло(ОЭС)	0	SELECT [Тепло(сумма_по_ОЭС)].YEAR, [Тепло(сумма_по_ОЭС)].OES, [Тепло(сумма_по_ОЭС)].[Sum-NUST], [Тепло(сумма_по_ОЭС)].[Sum-Q], [Тепло(сумма_по_ОЭС)].[Sum-QOTR], [Тепло(сумма_по_ОЭС)].[Sum-NT], IIf([sum-NT]>0,[sum-qotr]/[sum-nt]*1000,0) AS Ht, Распределяемое_тепло.Qрас, Распределяемое_тепло.Прирост, [Sum-Q]-[Qрас] AS Delta, Распределяемое_тепло.Hs, Распределяемое_тепло.RI | FROM [Тепло(сумма_по_ОЭС)] LEFT JOIN Распределяемое_тепло ON ([Тепло(сумма_по_ОЭС)].OES = Распределяемое_тепло.code) AND ([Т...
Тепло(сумма_по_ОЭС)	0	SELECT [Станции(Сибирь_Урал)].YEAR, Sum([Станции(Сибирь_Урал)].NUST) AS [Sum-NUST], Sum([Станции(Сибирь_Урал)].Q) AS [Sum-Q], Sum([Станции(Сибирь_Урал)].QOTR) AS [Sum-QOTR], Sum([Станции(Сибирь_Урал)].NT) AS [Sum-NT], [Станции(Сибирь_Урал)].OES | FROM [Станции(Сибирь_Урал)] | WHERE ((([Станции(Сибирь_Урал)].VED)>0)) | GROUP BY [Станции(Сибирь_Урал)].YEAR, [Станции(Сибирь_Урал)].OES | HAVING ((([Станции(Сибирь_Урал)].YEAR)>0)); | 
Топливо(станции)	0	SELECT Имена_станций.NAME, Станции1135_новый.YEAR, Станции1135_новый.NUMB1120, Станции1135_новый.UGOL, Станции1135_новый.DON, Станции1135_новый.PODM, Станции1135_новый.PECH, Доп_угли_1135_новый.vork, Доп_угли_1135_новый.int, Станции1135_новый.ARKT, Станции1135_новый.KUZN, Доп_угли_1135_новый.kuzngd, Доп_угли_1135_новый.kuznt, Доп_угли_1135_новый.kuznss, Доп_угли_1135_новый.kuznun, Станции1135_новый.URAL, Доп_угли_1135_новый.sver, Доп_угли_1135_новый.chel, Доп_угли_1135_новый.kizel, Станции1135_н...
Топливо_в_ПГУ_и_ГТУ	64	INSERT INTO Топливо_Востока_1135_новый ( [year], gaz, numb1120 ) | SELECT 2001 AS [Year], 100 AS gaz, [Нет_топлива(ПГУ)].NUMB | FROM [Нет_топлива(ПГУ)]; | 
Топливо_по_агрегатам	0	SELECT First(Топливо_по_агрегатам_табл.NAME) AS [First-NAME], Топливо_по_агрегатам_табл.ОТЭТ, Топливо_по_агрегатам_табл.ОПЭС, Топливо_по_агрегатам_табл.NAGR, First(Топливо_по_агрегатам_табл.Nazv) AS Nazv, Топливо_по_агрегатам_табл.ordnumb | FROM Топливо_по_агрегатам_табл | GROUP BY Топливо_по_агрегатам_табл.ОТЭТ, Топливо_по_агрегатам_табл.ОПЭС, Топливо_по_агрегатам_табл.NAGR, Топливо_по_агрегатам_табл.ordnumb; | 
топливо2007	0	SELECT Таблица1.name, Таблица1.bt, Станции2006.TURT | FROM Таблица1 INNER JOIN Станции2006 ON Таблица1.code = Станции2006.NUMB1120; | 
Турбины(из_списков)	0	SELECT a.name, a.stcode, a.stnumb, a.Year, a.nt, a.grcode, a.[2010], a.[2011], a.[2012], a.[2013], a.[2014], a.[2015], a.[2016], a.[2017], a.[2018], a.[2019], a.[2020], a.[2021], a.[2022], a.[2023], a.[2024], a.[2025], a.[2026], a.[2027], a.[2028], a.[2029], a.[2030], a.[2031], a.[2032], a.[2033], a.[2034], a.[2035], a.[2036], a.[2037], a.[2038], a.[2039], a.[2040], a.[2041], a.[2042], a.ur | FROM Списки_агрегатов AS a | ORDER BY a.stcode, a.stnumb, a.Year, a.ur; | 
ТЭЦ-2006	0	SELECT IIf([main]>0,[main],[numb]) AS code, Sum([Станции(Схема)].NUST) AS [Sum-NUST] | FROM [Станции(Схема)] INNER JOIN Имена_станций ON [Станции(Схема)].NUMB1120 = Имена_станций.NUMB | WHERE ((([Станции(Схема)].VED)=2 Or ([Станции(Схема)].VED)=3) AND (([Станции(Схема)].YEAR)=2015)) | GROUP BY IIf([main]>0,[main],[numb]) | HAVING (((Sum([Станции(Схема)].NUST))>0)); | 
ТЭЦ-2006-диап	0	SELECT [Имена_станций].[NAME], [Имена_станций].[ordnumb], [ТЭЦ-2006].[Sum-NUST], IIf([sum-nust]>500,1,IIf([sum-nust]>200,2,IIf([sum-nust]>100,3,4))) AS d | FROM [ТЭЦ-2006] INNER JOIN Имена_станций ON [ТЭЦ-2006].[code]=[Имена_станций].[NUMB] | ORDER BY [Имена_станций].[ordnumb]; | 
ТЭЦ-2006-диап-кол	0	SELECT [ТЭЦ-2006-диап].d, Count([ТЭЦ-2006-диап].d) AS [Count-d] | FROM [ТЭЦ-2006-диап] | GROUP BY [ТЭЦ-2006-диап].d; | 
Угли(области)	0	SELECT DISTINCTROW Имена_эк_районов.name AS ername, Имена_эк_районов.er, [Области(Всего+по-вед)].NAME AS NAME1, [Области(Всего+по-вед)].OBL, [Области(Всего+по-вед)].NUMB1, [Области(Всего+по-вед)].YEAR, [Области(Всего+по-вед)].NUST, [Области(Всего+по-вед)].E, [Области(Всего+по-вед)].EOTP, [Области(Всего+по-вед)].EURT, [Области(Всего+по-вед)].EUST, [Области(Всего+по-вед)].Q, [Области(Всего+по-вед)].TURT, [Области(Всего+по-вед)].TUST, [Области(Всего+по-вед)].B, [Области(Всего+по-вед)].GAZ, [Области...
Угли(области_нат)	0	SELECT Max([Имена-итогов].NAME) AS NAME1, First(Имена_эк_районов.name) AS ername, [Рабочий(станции)].ER, [Рабочий(станции)].OBL, Имена_областей.NAME AS oblname, [Имена-итогов].NUMB1, [Рабочий(станции)].YEAR, Sum([Рабочий(станции)].NUST) AS NUST, Sum([Рабочий(станции)].E) AS E, Sum([Рабочий(станции)].Q) AS Q, Sum([Рабочий(станции)].B) AS B, z([int])+z([vork])+z([podm])+z([don])+z([kuzn])+z([sver])+z([chel])+z([kizel])+z([bashk])+z([ekib])+z([karag])+z([nazar])+z([ibor])+z([berez])+z([per])+z([aze...
Удаление записей в Удельные без подчинённых в Станции	32	DELETE * | FROM [Удельные(Схема)] | WHERE NOT EXISTS ( |     SELECT 1 |     FROM [Станции(Схема)] |     WHERE [Удельные(Схема)].[numb1120] = [Станции(Схема)].[numb1120] |     AND [Удельные(Схема)].[year] = [Станции(Схема)].[year] | ); | 
Удаление из агрегатов	32	DELETE Списки_агрегатов.* | FROM Списки_агрегатов | WHERE Списки_агрегатов.oes IN (6); | 
Удаление строк из Станции(Схема)_Аня	32	DELETE [Станции(Схема)].*, [Станции(Схема)].Year | FROM [Станции(Схема)] | WHERE ((([Станции(Схема)].Year)=2020)); | 
Удаление строк_Формулы топлива_Аня	32	DELETE [Формулы_топлива(Схема)].*, [Формулы_топлива(Схема)].Year | FROM [Формулы_топлива(Схема)] | WHERE ((([Формулы_топлива(Схема)].Year)<2021)); | 
Удаление_удельных	32	DELETE [Удельные(Схема)].*, [Удельные(Схема)].Year | FROM [Удельные(Схема)] | WHERE ((([Удельные(Схема)].Year)=2020)); | 
Удаляемые_удельные	48	UPDATE [Удельные(Схема)] INNER JOIN Есть_2006 ON [Удельные(Схема)].[numb1120] = Есть_2006.[numb1120] SET [Удельные(Схема)].w = 1 | WHERE ((([Удельные(Схема)].year)=2020)); | 
Удельные из Катя в Схему	48	UPDATE ([Удельные(Схема)] INNER JOIN [Удельные(Схема)1] AS Kat ON ([Удельные(Схема)].year = Kat.year) AND ([Удельные(Схема)].numb1120 = Kat.numb1120)) INNER JOIN Имена_станций ON [Удельные(Схема)].numb1120 = Имена_станций.NUMB SET [Удельные(Схема)].snk = [Kat]![snk], [Удельные(Схема)].btp = [Kat]![btp], [Удельные(Схема)].sntp = [Kat]![sntp], [Удельные(Схема)].Bk = [Kat]![Bk], [Удельные(Схема)].y = [Kat]![y] | WHERE ((([Имена_станций]![OES])=1) AND (([Удельные(Схема)]![year])>2024)) OR ((([Имена_...
Удельные с ОЭС и облостями	0	SELECT Имена_станций.NAME, Удельные2009.YEAR, Имена_ОЭС.nameoes, Имена_областей.NAME, Удельные2009.k, Удельные2009.Y, Удельные2009.BTP, Удельные2009.SNTP, Удельные2009.BK, Удельные2009.SNK, имена_БЕ.name, имена_ГК.name1 | FROM ((((Удельные2009 INNER JOIN Имена_станций ON Удельные2009.NUMB1120 = Имена_станций.NUMB) LEFT JOIN Имена_ОЭС ON Имена_станций.OES = Имена_ОЭС.oes) LEFT JOIN Имена_областей ON Имена_станций.OBL = Имена_областей.OBL) LEFT JOIN имена_БЕ ON Имена_станций.BE = имена_БЕ.code) LE...
'Удельные(Схема)' без подчиненных в 'Списки_агрегатов'	0	SELECT [Станции(Схема)].NAME, [Станции(Схема)].YEAR, [Станции(Схема)].NUST | FROM [Станции(Схема)] LEFT JOIN Списки_агрегатов ON [Станции(Схема)].[NUMB1120] = Списки_агрегатов.[grcodec] | WHERE (((Списки_агрегатов.grcodec) Is Null)); | 
'Удельные(Схема)' без подчиненных в 'Удельные(Схема)_К'	0	SELECT Имена_станций.NAME, [Удельные(Схема)_К].numb1120, [Удельные(Схема)_К].Year, z([Удельные(Схема)].[Bk]) AS be, z([Удельные(Схема)_К].[Bk]) AS be_K, Abs([be]-[be_K]) AS delta | FROM ([Удельные(Схема)] RIGHT JOIN [Удельные(Схема)_К] ON ([Удельные(Схема)].year = [Удельные(Схема)_К].year) AND ([Удельные(Схема)].[numb1120] = [Удельные(Схема)_К].[numb1120])) INNER JOIN Имена_станций ON [Удельные(Схема)_К].numb1120 = Имена_станций.NUMB | WHERE ((([Удельные(Схема)].numb1120) Is Null) AND (([Удельны...
Удельные(Схема)_перекрестный	16	TRANSFORM Sum([Удельные(Схема)].Bk) AS [Sum-Bk] | SELECT [Удельные(Схема)].numb1120 | FROM [Удельные(Схема)] | GROUP BY [Удельные(Схема)].numb1120 | PIVOT [Удельные(Схема)].Year; | 
Удельные_в_ПГУ_и_ГТУ(bt)	48	UPDATE Станции1135_новый INNER JOIN Новые_bt ON (Станции1135_новый.NUMB1120 = Новые_bt.NUMB1120) AND (Станции1135_новый.YEAR = Новые_bt.YEAR) SET Станции1135_новый.TURT = [bt]; | 
Удельные_в_ПГУ_и_ГТУ(кроме_bt)	64	INSERT INTO Удельные_1135_новый ( [year], numb1120, snk, sntp, btp, Bk, y ) | SELECT 2001 AS [Year], [Нет_удельных(ПГУ_ГТУ)].NUMB, Тепловые_мощности.snk, Тепловые_мощности.sntp, Тепловые_мощности.btp, Тепловые_мощности.bk, Тепловые_мощности.Y | FROM [Нет_удельных(ПГУ_ГТУ)] INNER JOIN Тепловые_мощности ON [Нет_удельных(ПГУ_ГТУ)].Списки_агрегатов.name = Тепловые_мощности.typename; | 
Удельные_ГТУ_ПГУ	0	SELECT [Станции(Схема)].NAME, [Станции(Схема)].OBOR, [Удельные(Схема)].btp, [Удельные(Схема)].Bk, [Удельные(Схема)].y, [Станции(Схема)].numb1 | FROM [Станции(Схема)] INNER JOIN [Удельные(Схема)] ON [Станции(Схема)].NUMB1120 = [Удельные(Схема)].numb1120 | WHERE ((([Станции(Схема)].YEAR)=2008) AND (([Станции(Схема)].OBOR)=90 Or ([Станции(Схема)].OBOR)=91 Or ([Станции(Схема)].OBOR)=20 Or ([Станции(Схема)].OBOR)=21)) | ORDER BY [Станции(Схема)].numb1; | 
Удельные_для_печати	0	SELECT DISTINCTROW Имена_станций.NAME, [Удельные(Щадов)].year, [Удельные(Щадов)].snk, [Удельные(Щадов)].k, [Удельные(Щадов)].obor, [Удельные(Щадов)].btp, [Удельные(Щадов)].sntp, [Удельные(Щадов)].Bk, [Удельные(Щадов)].y, Имена_станций.ordnumb, Имена_станций.OES | FROM [Удельные(Щадов)] INNER JOIN Имена_станций ON [Удельные(Щадов)].numb1120 = Имена_станций.NUMB | WHERE (((Имена_станций.OES)=[ОЭС]) AND ((Имена_станций.COMP)=0 Or (Имена_станций.COMP) Is Null)); | 
Удельные_ЛБ	0	SELECT [Уд_ЛБ].*, * | FROM Имена_станций INNER JOIN Уд_ЛБ ON Имена_станций.NUMB = [Уд_ЛБ].numb1120 | WHERE (((Имена_станций.OES)=7) AND (([Уд_ЛБ].Year)>2020)); | 
Фиксированные_часы	0	SELECT [Рабочий(станции)].OES, Имена_областей.NAME AS oblname, Имена_станций.NAME, [Рабочий(станции)].Year, [Рабочий(станции)].H, [Рабочий(станции)].HFIX, [Рабочий(станции)].NR, [Рабочий(станции)].NUST, IIf([main]>0,1,0) AS [group], IIf([ved]>0,0,1) AS sost | FROM ([Рабочий(станции)] INNER JOIN Имена_станций ON [Рабочий(станции)].NUMB1120 = Имена_станций.NUMB) INNER JOIN Имена_областей ON [Рабочий(станции)].OBL = Имена_областей.OBL | WHERE ((([Рабочий(станции)].HFIX)=1)) | ORDER BY [Рабочий(стан...
Фильтр_станций	0	SELECT w.NUMB1120 | FROM (([Станции(Стратегия)] AS w LEFT JOIN [Доп_угли(Стратегия)] AS d ON (w.NUMB1120 = d.NUMB1120) AND (w.YEAR = d.YEAR)) INNER JOIN Имена_станций ON w.NUMB1120 = Имена_станций.NUMB) INNER JOIN Списки_агрегатов AS t ON w.NUMB1120 = t.stcode | WHERE (((w.OES)<100)) | GROUP BY w.NUMB1120; | 
Формулы Катя в Схему	48	UPDATE Имена_станций INNER JOIN ([Формулы_топлива(Схема)] INNER JOIN [Формулы_топлива(Схема)1] ON ([Формулы_топлива(Схема)].numb1120 = [Формулы_топлива(Схема)1].numb1120) AND ([Формулы_топлива(Схема)].year = [Формулы_топлива(Схема)1].year)) ON Имена_станций.NUMB = [Формулы_топлива(Схема)].numb1120 SET [Формулы_топлива(Схема)].formtxt = [Формулы_топлива(Схема)1]![formtxt] | WHERE (((Имена_станций.OES)=9) AND (([Формулы_топлива(Схема)].year)>2023)) OR (((Имена_станций.OES)=10) AND (([Формулы_топли...
Формулы_Катя	0	SELECT [Формулы_топлива(Схема)Катя].*, * | FROM Имена_станций INNER JOIN [Формулы_топлива(Схема)Катя] ON Имена_станций.NUMB = [Формулы_топлива(Схема)Катя].numb1120 | WHERE (((Имена_станций.OES)=4) AND (([Формулы_топлива(Схема)Катя].Year)>2019)); | 
Формулы_ЛБ	0	SELECT [Формулы_топлива(Схема)ЛБ].*, * | FROM Имена_станций INNER JOIN [Формулы_топлива(Схема)ЛБ] ON Имена_станций.NUMB = [Формулы_топлива(Схема)ЛБ].numb1120 | WHERE (((Имена_станций.OES)=6) AND (([Формулы_топлива(Схема)ЛБ].Year)>2019)) OR (((Имена_станций.OES)=7) AND (([Формулы_топлива(Схема)ЛБ].Year)>2019)); | 
Цена топлива и УРУТ(Схема)	0	SELECT [Станции_для_сводной(Схема)].NUMB1120, [Станции_для_сводной(Схема)].OES, [Станции_для_сводной(Схема)].oesname, [Станции_для_сводной(Схема)].oblname AS oblast, [Станции_для_сводной(Схема)].NAME AS stancia, [Станции_для_сводной(Схема)].NUST, [Станции_для_сводной(Схема)].EURT, [Станции_для_сводной(Схема)].sost, [Станции_для_сводной(Схема)].group, IIf([Станции_для_сводной(Схема)].[OES]<>7 And [Станции_для_сводной(Схема)].[OES]<>9,IIf([gaz]>0 And Nz([avg_gaz_c],0)=0,[gaz]*[gaz_obl_c],[gaz]*Nz(...
Цена топлива по группам обор	0	SELECT DISTINCT [Части ст_для цены топлива].NUMB1120, [Части ст_для цены топлива].kod_stan, [Части ст_для цены топлива].OBL, [Части ст_для цены топлива].OES, [Части ст_для цены топлива].NUST, [Части ст_для цены топлива].EURT, [Части ст_для цены топлива].sost, [Части ст_для цены топлива].group, IIf([Части ст_для цены топлива].[OES]<>7 And [Части ст_для цены топлива].[OES]<>9,IIf([gaz]>0 And Nz([avg_gaz_c],0)=0,[gaz]*[gaz_obl_c]*[Kgaz],[gaz]*Nz([avg_gaz_c],0)*[Kgaz]),IIf([gaz]>0 And Nz([avg_gaz_c]...
Части ст_для цены топлива	0	SELECT [Станции(Схема)].numb1, [Станции(Схема)].NUMB1120, Имена_станций.NAME, IIf([Имена_станций].[MAIN]>0,[Имена_станций].[MAIN],[Станции(Схема)].[NUMB1120]) AS kod_stan, [Станции(Схема)].Year, IIf([Имена_станций].[форэм]=1,1,0) AS OPT_ROZN, Nz([Станции(Схема)].NUST,0) AS NUST, Nz([Станции(Схема)].E,0) AS E, Nz([Станции(Схема)].Q,0) AS Q, Nz([Станции(Схема)].EUST,0) AS EUST, Nz([Станции(Схема)].TUST,0) AS TUST, Nz([Станции(Схема)].B,0) AS B, Nz([Станции(Схема)].GAZ,0) AS GAZ, Nz([Станции(Схема)...
Часы	0	SELECT [Рабочий(станции)].YEAR, [Рабочий(станции)].NUMB1120, Имена_станций.NAME, [Рабочий(станции)].H, [Рабочий(станции)].HFIX | FROM [Рабочий(станции)] INNER JOIN Имена_станций ON [Рабочий(станции)].NUMB1120 = Имена_станций.NUMB | WHERE ((([Рабочий(станции)].YEAR)>0) AND (([Рабочий(станции)].NUST)>0)); | 
Часы-по-отчетному-году	48	UPDATE [Рабочий(станции)] SET [Рабочий(станции)].H = IIf([nust]>0,Round([e]/[nust]*1000,1),0) | WHERE ((([Рабочий(станции)].YEAR)=2024)); | 
ЧЧNт	0	SELECT Имена_станций.NAME, [Станции(Схема)].YEAR, [Qotr]/[nt]*1000 AS H | FROM [Станции(Схема)] INNER JOIN Имена_станций ON [Станции(Схема)].NUMB1120 = Имена_станций.NUMB | WHERE ((([Станции(Схема)].NT)>0) AND (([Станции(Схема)].OES)=3) AND (([Станции(Схема)].VED)>0)) | ORDER BY [Станции(Схема)].numb1, [Станции(Схема)].YEAR; | 
Щадов2005	0	SELECT [Имена_станций].[NAME], [Станции(Схема)].[NUST], [Станции(Схема)].[B], [Станции(Схема)].[UGOL], [Станции(Схема)].[NUMB1120], [Станции(Схема)].[numb1] | FROM [Станции(Схема)] INNER JOIN Имена_станций ON [Станции(Схема)].[NUMB1120]=[Имена_станций].[NUMB] | WHERE ((([Станции(Схема)].[UGOL])>0) And (([Станции(Схема)].[YEAR])=2005) And (([Имена_станций].[MAIN])=0 Or ([Имена_станций].[MAIN]) Is Null)); | 
Щадов2005_2020	0	SELECT Щадов2005.NAME, Щадов2005.NUST AS N2005, Щадов2020.NUST AS N2020, Щадов2005.UGOL AS U2005, Щадов2020.UGOL AS U2020, [Щадов2005]![UGOL]/[Щадов2005]![B]*100 AS d2005, [Щадов2020]![UGOL]/[Щадов2020]![B]*100 AS d2020 | FROM Щадов2005 LEFT JOIN Щадов2020 ON Щадов2005.NUMB1120 = Щадов2020.NUMB1120 | WHERE (((Щадов2020.NUST)>1.5*[Щадов2005]![NUST]) AND (([Щадов2005]![UGOL]/[Щадов2005]![B])>0.3)) OR ((([Щадов2005]![UGOL]/[Щадов2005]![B])>0.3) AND (([Щадов2020]![UGOL])>1.5*[Щадов2005]![UGOL])) OR ...
Щадов2020	0	SELECT [Имена_станций].[NAME], [Станции(Схема)].[NUST], [Станции(Схема)].[B], [Станции(Схема)].[UGOL], [Станции(Схема)].[NUMB1120], [Станции(Схема)].[numb1] | FROM [Станции(Схема)] INNER JOIN Имена_станций ON [Станции(Схема)].[NUMB1120]=[Имена_станций].[NUMB] | WHERE ((([Станции(Схема)].[UGOL])>0) And (([Станции(Схема)].[YEAR])=2020) And (([Имена_станций].[MAIN])=0 Or ([Имена_станций].[MAIN]) Is Null)); | 
Э_в_дефициты	48	UPDATE Дефициты INNER JOIN [Сумма_по_областям(таблица)] ON ([Дефициты].[oes]=[Сумма_по_областям(таблица)].[OES]) AND ([Дефициты].[year]=[Сумма_по_областям(таблица)].[YEAR]) AND ([Дефициты].[obl]=[Сумма_по_областям(таблица)].[OBL]) SET Дефициты.E = [Сумма_по_областям(таблица)]![E], Дефициты.Nust = [Сумма_по_областям(таблица)]![Nust]; | 
Электропотребление_и_др	0	SELECT [Имена_областей].[РЭУ], [PRES].[GOD], [PRES].[EP], -([MXEES]+[ZME]+[REZE]+[expmbe]+[expmde]+[perme])+([RMAESE]+[RMGESE]+[RMTESE]+[RMNTRE]+[impmde]+[impmbe]+[polme]) AS Dmaxees, [PRES].[MXRES], [PRES].[MXOES], [PRES].[MXEES], [PRES].[PERE], [PRES].[POLE], [PRES].[EXPED], [PRES].[EXPEB], [PRES].[IMPED], [PRES].[IMPEB], [PRES].[VRAOE], [PRES].[IZRAOE], [PRES].[REZR], [PRES].[ZMR], [PRES].[Z2MR], [PRES].[VRAOMR], [PRES].[IZRAOMR], [PRES].[RMAESR], [PRES].[RMGESR], [PRES].[RMTESR], [PRES].[RMN...
ЭнеТЭС	0	SELECT НеТЭС.obl, НеТЭС.name, Sum(НеТЭС.[2008]) AS 2008, Sum(НеТЭС.[2009]) AS 2009, Sum(НеТЭС.[2010]) AS 2010, Sum(НеТЭС.[2011]) AS 2011, Sum(НеТЭС.[2012]) AS 2012, Sum(НеТЭС.[2013]) AS 2013, Sum(НеТЭС.[2014]) AS 2014, Sum(НеТЭС.[2015]) AS 2015, Sum(НеТЭС.[2016]) AS 2016, Sum(НеТЭС.[2017]) AS 2017, Sum(НеТЭС.[2018]) AS 2018, Sum(НеТЭС.[2019]) AS 2019, Sum(НеТЭС.[2020]) AS 2020 | FROM НеТЭС | GROUP BY НеТЭС.obl, НеТЭС.name; | 
Эпотр_в_дефициты	48	UPDATE Дефициты INNER JOIN Эпотр ON Дефициты.obl = Эпотр.reu SET Дефициты.Eпотр = [Эпотр]![2030] | WHERE (((Дефициты.year)=2030)); | 
