"PROCEDURE_NAME","PROCEDURE_TYPE","PROCEDURE_DEFINITION"
"~sq_cВолга~sq_cДоп_угли","2","PARAMETERS __numb1120 Value, __year Value;
SELECT DISTINCTROW *
FROM Доп_угли2020 AS Волга
WHERE (([__numb1120] = numb1120)) AND ([__year] = year);
"
"~sq_cВосток~sq_cДоп_угли","2","PARAMETERS __numb1120 Value, __year Value;
SELECT DISTINCTROW *
FROM Доп_угли2017 AS Восток
WHERE (([__numb1120] = numb1120)) AND ([__year] = year);
"
"~sq_cвыбор_варианта~sq_cСписок_вариантов","2","SELECT DISTINCTROW *
FROM [Список-вариантов];
"
"~sq_cВыбор_варианта1~sq_cСписок_вариантов","2","SELECT DISTINCTROW *
FROM [Список-вариантов];
"
"~sq_cДиаграмма~sq_cdiagr","2","PARAMETERS __numb Value;
SELECT DISTINCTROW *
FROM (SELECT [Станции(архив)].year, [Станции(архив)].E, [Станции(архив)].numb1120 FROM [Станции(архив)])  AS Диаграмма
WHERE ([__numb] = numb1120);
"
"~sq_cДля_фильтра~sq_cсписок","2","SELECT Имена_станций.NAME, Имена_станций.NUMB
FROM Имена_станций;
"
"~sq_cНастройка_отчета~sq_cСписок_запросов","2","SELECT DISTINCTROW *
FROM Список_запросов;
"
"~sq_cНастройка_отчета~sq_cСписок_макетов","2","SELECT DISTINCTROW *
FROM Список_макетов;
"
"~sq_cНастройка_отчета~sq_cСписок_объектов","2","SELECT DISTINCTROW *
FROM Список_объектов;
"
"~sq_cОбновление_классификатора_станций~sq_cclass","2","SELECT DISTINCTROW *
FROM Имена_станций;
"
"~sq_cПоставки угля~sq_cL1","2","SELECT [Станции_получатели_угля].[Name], [Станции_получатели_угля].[numb], [Станции_получатели_угля].[s1]
FROM Станции_получатели_угля;
"
"~sq_cПоставки угля~sq_cТарифные расстояния","2","PARAMETERS __numb Value;
SELECT DISTINCTROW *
FROM расчетный_тариф AS [Поставки угля]
WHERE ([__numb] = numb);
"
"~sq_cРедактирование(котлы)~sq_cclass","2","SELECT [Имена_станций].[ordnumb], [Имена_станций].[NAME], [Имена_станций].[NUMB]
FROM Имена_станций;
"
"~sq_cРедактирование(котлы)~sq_cКотлы","2","PARAMETERS __numb1120 Value;
SELECT DISTINCTROW *
FROM Котлы AS [Редактирование(котлы)]
WHERE ([__numb1120] = numb1120);
"
"~sq_cРедактирование_натуры~sq_cНатура","2","SELECT DISTINCTROW *
FROM Натура99;
"
"~sq_cРедактирование_отчетных_данных~sq_cnat","2","PARAMETERS __linkcode Value, __linkyear Value;
SELECT DISTINCTROW *
FROM Натура99 AS Редактирование_отчетных_данных
WHERE (([__linkcode] = numb1120)) AND ([__linkyear] = year);
"
"~sq_cРедактирование_отчетных_данных~sq_cstan","2","SELECT w.*, имена_станций.MAIN, имена_станций.форэм
FROM Станции2022 AS w INNER JOIN имена_станций ON w.NUMB1120 = имена_станций.NUMB
ORDER BY w.numb1, w.Year;
"
"~sq_cРедактирование_типовых_удельных~sq_ctypelist","2","SELECT DISTINCTROW *
FROM Типовые_удельные_расходы;
"
"~sq_cСеверо-Запад~sq_cДоп_угли","2","PARAMETERS __numb1120 Value, __year Value;
SELECT DISTINCTROW *
FROM Доп_угли2002 AS [Северо-Запад]
WHERE (([__numb1120] = numb1120)) AND ([__year] = year);
"
"~sq_cСети_редактор~sq_cREU1","2","SELECT [Имена_областей].[РЭУ], [Имена_областей].[OBL], [Имена_областей].[OES]
FROM Имена_областей
ORDER BY [Имена_областей].[OES];
"
"~sq_cСети_редактор~sq_cREU2","2","SELECT [Имена_областей].[РЭУ], [Имена_областей].[OBL], [Имена_областей].[OES]
FROM Имена_областей
ORDER BY [Имена_областей].[OES];
"
"~sq_cСети_редактор~sq_cСети","2","SELECT DISTINCTROW *
FROM перетоки_табл;
"
"~sq_cСибирь~sq_cДоп_угли","2","PARAMETERS __numb1120 Value, __year Value;
SELECT DISTINCTROW *
FROM Доп_угли2002 AS Сибирь
WHERE (([__numb1120] = numb1120)) AND ([__year] = year);
"
"~sq_cСоставные-станции~sq_cРазбивка","2","PARAMETERS __link Value;
SELECT DISTINCTROW *
FROM Разбивка2007 AS [Составные-станции]
WHERE ([__link] = numb1120);
"
"~sq_cСправка~sq_caf","2","SELECT name, n
FROM Список_полей
WHERE table=""a"";
"
"~sq_cСправка~sq_cflist","2","SELECT *
FROM Список_полей
WHERE table<>""a"";
"
"~sq_cСправка~sq_cso","2","SELECT [name], opt, vars
FROM Список_объектов;
"
"~sq_cТеплопотребление~sq_c9-ПС","2","PARAMETERS __code Value, __год Value;
SELECT DISTINCTROW *
FROM Теплопотребление_АО AS Теплопотребление
WHERE (([__code] = code)) AND ([__год] = год);
"
"~sq_cТеплопотребление~sq_cГорода","2","PARAMETERS __code Value;
SELECT DISTINCTROW *
FROM Города AS Теплопотребление
WHERE ([__code] = АО);
"
"~sq_cТеплопотребление~sq_cИсточники_тепла","2","PARAMETERS __code Value;
SELECT DISTINCTROW *
FROM (SELECT [Имена_станций].[NAME], [Станции2003].[Q], [Имена_станций].[codegor], [Имена_станций].[OBL], [Имена_станций].[NUMB] FROM Станции2003 INNER JOIN Имена_станций ON [Станции2003].[NUMB1120]=[Имена_станций].[NUMB] WHERE ((([Станции2003].[Q])>0) And (([Имена_станций].[MAIN])=0 Or ([Имена_станций].[MAIN]) Is Null) And (([Имена_станций].[Ведомство])=1)); )  AS Теплопотребление
WHERE ([__code] = obl);
"
"~sq_cТеплопотребление~sq_cПром_потребители","2","PARAMETERS __code Value;
SELECT DISTINCTROW *
FROM Потребители_тепла AS Теплопотребление
WHERE ([__code] = АО);
"
"~sq_cТеплопотребление1~sq_c9-ПС","2","PARAMETERS __code Value, __год Value;
SELECT DISTINCTROW *
FROM Теплопотребление_АО AS Теплопотребление1
WHERE (([__code] = code)) AND ([__год] = год);
"
"~sq_cТеплопотребление1~sq_cDocWord","2","PARAMETERS __codegor Value;
SELECT DISTINCTROW *
FROM (SELECT Города.* FROM Города; )  AS Теплопотребление1
WHERE ([__codegor] = code);
"
"~sq_cТеплопотребление1~sq_cГорода","2","PARAMETERS __code Value;
SELECT DISTINCTROW *
FROM Города AS Теплопотребление1
WHERE ([__code] = АО);
"
"~sq_cТеплопотребление1~sq_cИсточники_тепла","2","PARAMETERS __code Value;
SELECT DISTINCTROW *
FROM (SELECT [Имена_станций].[NAME], [Станции2003].[Q], [Имена_станций].[codegor], [Имена_станций].[OBL] FROM Станции2003 INNER JOIN Имена_станций ON [Станции2003].[NUMB1120]=[Имена_станций].[NUMB] WHERE ((([Станции2003].[Q])>0) And (([Имена_станций].[MAIN])=0 Or ([Имена_станций].[MAIN]) Is Null) And (([Имена_станций].[Ведомство])=1)); )  AS Теплопотребление1
WHERE ([__code] = obl);
"
"~sq_cТеплопотребление1~sq_cПром_потребители","2","PARAMETERS __code Value;
SELECT DISTINCTROW *
FROM Потребители_тепла AS Теплопотребление1
WHERE ([__code] = АО);
"
"~sq_cУрал~sq_cДоп_угли","2","PARAMETERS __numb1120 Value, __year Value;
SELECT DISTINCTROW *
FROM Доп_угли2002 AS Урал
WHERE (([__numb1120] = numb1120)) AND ([__year] = year);
"
"~sq_cУсловие~sq_clistproch0","2","SELECT name, field, class, cond
FROM Список_условий
WHERE (((class)=""прочее""));
"
"~sq_cУсловие~sq_cliststan","2","SELECT [Имена_станций].[NAME], [имена_станций].[numb], ""w.numb1120"" AS field, ""query"" AS source
FROM Имена_станций;
"
"~sq_cУсловие~sq_cСписок11","2","SELECT [Список_условий].[name], [Список_условий].[field], [Список_условий].[class], [Список_условий].[cond]
FROM Список_условий
WHERE ((([Список_условий].[class])=""ведомство""));
"
"~sq_cУсловие~sq_cСписок13","2","SELECT [Список_условий].[name], [Список_условий].[field], [Список_условий].[class], [Список_условий].[cond]
FROM Список_условий
WHERE ((([Список_условий].[class])=""годы""));
"
"~sq_cУсловие~sq_cСписок15","2","SELECT [Список_условий].[name], [Список_условий].[field], [Список_условий].[class], [Список_условий].[cond]
FROM Список_условий
WHERE ((([Список_условий].[class])=""топливо""));
"
"~sq_cУсловие~sq_cСписок21","2","SELECT [Имена_областей].[NAME], [Имена_областей].[OBL], ""w.obl"" AS field, ""query"" AS source
FROM Имена_областей;
"
"~sq_cУсловие~sq_cСписок27","2","SELECT [Имена_эк_районов].[NAME], [Имена_эк_районов].[er], ""w.er"" AS field, ""query"" AS source
FROM Имена_эк_районов;
"
"~sq_cУсловие~sq_cСписок29","2","SELECT [Список_условий].[name], [Список_условий].[field], [Список_условий].[class], [Список_условий].[cond]
FROM Список_условий
WHERE ((([Список_условий].[class])=""дн""));
"
"~sq_cУсловие~sq_cСписок31","2","SELECT [Список_условий].[name], [Список_условий].[field], [Список_условий].[class], [Список_условий].[cond]
FROM Список_условий
WHERE ((([Список_условий].[class])=""оборуд""));
"
"~sq_cУсловие~sq_cСписок39","2","SELECT NAME, oes, ""w.oes"" AS field, ""query"" AS source
FROM Имена_ОЭС;
"
"~sq_cУсловие~sq_cСписок5","2","SELECT [Список_условий].[name], [Список_условий].[field], [Список_условий].[class], [Список_условий].[cond]
FROM Список_условий
WHERE ((([Список_условий].[class])=""уровень""));
"
"~sq_cУсловие~sq_cСписок61","2","SELECT [Список_условий].[name], [Список_условий].[field], [Список_условий].[class], [Список_условий].[cond]
FROM Список_условий
WHERE ((([Список_условий].[class])=""турбины""));
"
"~sq_cФорма1~sq_cГорода","2","SELECT DISTINCTROW *
FROM Города;
"
"~sq_cФорма1~sq_cФорма2","2","PARAMETERS __code Value;
SELECT DISTINCTROW *
FROM (SELECT Города.* FROM Города; )  AS Форма1
WHERE ([__code] = code);
"
"~sq_cЦентр~sq_cДоп_угли","2","PARAMETERS __numb1120 Value, __year Value;
SELECT DISTINCTROW *
FROM Доп_угли2002 AS Центр
WHERE (([__numb1120] = numb1120)) AND ([__year] = year);
"
"~sq_cЮг~sq_cДоп_угли","2","PARAMETERS __numb1120 Value, __year Value;
SELECT DISTINCTROW *
FROM Доп_угли2002 AS Юг
WHERE (([__numb1120] = numb1120)) AND ([__year] = year);
"
"~sq_dNT~sq_dQ","2","PARAMETERS __numb1120 Value;
SELECT DISTINCTROW *
FROM [Q(90-94)] AS NT
WHERE ([__numb1120] = numb1120);
"
"~sq_dОборудование(турбины)~sq_dТурбины","2","PARAMETERS __numb1120 Value;
SELECT DISTINCTROW *
FROM Турбины AS [Оборудование(турбины)]
WHERE ([__numb1120] = numb1120);
"
"~sq_dОборудование~sq_dКотлы","2","PARAMETERS __numb1120 Value;
SELECT DISTINCTROW *
FROM Котлы AS Оборудование
WHERE ([__numb1120] = numb1120);
"
"~sq_dОборудование~sq_dТурбины","2","PARAMETERS __numb1120 Value;
SELECT DISTINCTROW *
FROM Турбины AS Оборудование
WHERE ([__numb1120] = numb1120);
"
"~sq_dСправка(тест)~sq_dЗаголовок","2","PARAMETERS __h01 Value;
SELECT DISTINCTROW *
FROM [СправкаП(заголовок)] AS [Справка(тест)]
WHERE ([__h01] = h01);
"
"~sq_f9-ПС","2","SELECT DISTINCTROW *
FROM Теплопотребление_АО;
"
"~sq_fDocWord","2","SELECT Города.*
FROM Города;
"
"~sq_fвыбор_варианта","2","SELECT DISTINCTROW *
FROM main;
"
"~sq_fГорода","2","SELECT DISTINCTROW *
FROM Города;
"
"~sq_fДиаграмма","2","SELECT DISTINCTROW *
FROM Имена_станций;
"
"~sq_fДоп_угли","2","SELECT DISTINCTROW *
FROM Доп_угли2022;
"
"~sq_fИсточники_тепла","2","SELECT [Имена_станций].[NAME], [Станции2003].[Q], [Имена_станций].[codegor], [Имена_станций].[OBL], [Имена_станций].[NUMB]
FROM Станции2003 INNER JOIN Имена_станций ON [Станции2003].[NUMB1120]=[Имена_станций].[NUMB]
WHERE ((([Станции2003].[Q])>0) And (([Имена_станций].[MAIN])=0 Or ([Имена_станций].[MAIN]) Is Null) And (([Имена_станций].[Ведомство])=1));
"
"~sq_fКлассификатор_станций","2","SELECT DISTINCTROW *
FROM Имена_станций;
"
"~sq_fКотлы","2","SELECT DISTINCTROW *
FROM Котлы;
"
"~sq_fНастройка_отчета","2","SELECT DISTINCTROW *
FROM main;
"
"~sq_fНатура","2","SELECT DISTINCTROW *
FROM Натура99;
"
"~sq_fНатура1","2","SELECT DISTINCTROW *
FROM Натура99;
"
"~sq_fОбновление_классификатора_станций","2","SELECT DISTINCTROW *
FROM main;
"
"~sq_fПром_потребители","2","SELECT DISTINCTROW *
FROM Потребители_тепла;
"
"~sq_fРазбивка","2","SELECT DISTINCTROW *
FROM Разбивка2007;
"
"~sq_fРедактирование(котлы)","2","SELECT First(Имена_станций.NAME) AS NAME, Имена_станций.NUMB AS numb1120
FROM Имена_станций INNER JOIN Котлы ON Имена_станций.NUMB = Котлы.numb1120
GROUP BY Имена_станций.NUMB, Имена_станций.ordnumb
ORDER BY Имена_станций.ordnumb;
"
"~sq_fРедактирование_отчетных_данных","2","SELECT DISTINCTROW *
FROM main;
"
"~sq_fРедактирование_типовых_удельных","2","SELECT DISTINCTROW *
FROM main;
"
"~sq_fСети","2","SELECT DISTINCTROW *
FROM перетоки_табл;
"
"~sq_fСписки_агрегатов","2","SELECT DISTINCTROW *
FROM main;
"
"~sq_fСписок_вариантов","2","SELECT DISTINCTROW *
FROM [Список-вариантов];
"
"~sq_fСписок_запросов","2","SELECT DISTINCTROW *
FROM Список_запросов;
"
"~sq_fСписок_макетов","2","SELECT DISTINCTROW *
FROM Список_макетов;
"
"~sq_fСписок_объектов","2","SELECT DISTINCTROW *
FROM Список_объектов;
"
"~sq_fСписок_условий","2","SELECT DISTINCTROW *
FROM Список_условий;
"
"~sq_fСтанции_отчет","2","SELECT w.*, имена_станций.MAIN, имена_станций.форэм
FROM Станции2022 AS w INNER JOIN имена_станций ON w.NUMB1120 = имена_станций.NUMB
ORDER BY w.numb1, w.Year;
"
"~sq_fСтоимость","2","SELECT DISTINCTROW *
FROM Стоимость2020;
"
"~sq_fТеплопотребление","2","SELECT DISTINCTROW *
FROM Теплопотребление_АО;
"
"~sq_fТиповые_удельные_расходы","2","SELECT DISTINCTROW *
FROM Типовые_удельные_расходы;
"
"~sq_fТурбины","2","SELECT DISTINCTROW *
FROM Турбины;
"
"~sq_fУсловие","2","SELECT DISTINCTROW *
FROM main;
"
"~sq_fФорма1","2","SELECT Потребители_тепла.*
FROM Потребители_тепла
WHERE ((([Потребители_тепла].[Примечание]) Is Not Null) And (([Потребители_тепла].[codest])<>0));
"
"~sq_rNT","2","SELECT DISTINCTROW *
FROM [Ввод/демонтаж(90-94)];
"
"~sq_rQ","2","SELECT DISTINCTROW *
FROM [Q(90-94)];
"
"~sq_rДля_Редактирования","2","SELECT w.*, d.*, MAIN, форэм
FROM ([Станции(архив)] AS w LEFT JOIN [Доп_угли(архив)] AS d ON (w.year =d.YEAR) AND (w.numb1120 =d.NUMB1120)) INNER JOIN Имена_станций ON w.numb1120 = Имена_станций.NUMB;
"
"~sq_rКотлы","2","SELECT DISTINCTROW *
FROM Котлы;
"
"~sq_rМакет1_14","2","SELECT *
FROM [ОЭС(всего+по_топл+КЭС/ТЭЦ)];
"
"~sq_rМакет1_15(Европа)","2","SELECT *
FROM [ОЭС(всего+по_топл+КЭС/ТЭЦ)];
"
"~sq_rСтанции(архив)","2","SELECT DISTINCTROW *
FROM [Станции(архив)];
"
"~sq_rСтруктура-производства","2","SELECT DISTINCTROW *
FROM [Структура-производства];
"
"~sq_rТурбины","2","SELECT DISTINCTROW *
FROM Турбины;
"
"2007_для_Гладышевой","3","SELECT Имена_станций.NAME, Имена_ОЭС.name AS oesname, Имена_областей.NAME AS oblname, Имена_станций.ordnumb, Станции2007.YEAR, Станции2007.NUST, Станции2007.E, Станции2007.EOTP, Станции2007.EURT, Станции2007.EUST, Станции2007.Q, Станции2007.TURT, Станции2007.TUST, Станции2007.B, Станции2007.GAZ, Доп_угли2007.gazpp, Станции2007.MAZUT, Станции2007.TORF, Станции2007.SLAN, Станции2007.GTT, Станции2007.PROCH, Станции2007.UGOL, Станции2007.DON, Станции2007.PODM, Станции2007.PECH, Доп_угли2007.int, Доп_угли2007.vork, Станции2007.ARKT, Станции2007.KUZN, Станции2007.URAL, Доп_угли2007.sver, Доп_угли2007.chel, Доп_угли2007.kizel, Станции2007.BASHK, Станции2007.EKIB, Станции2007.KARAG, Станции2007.KAN, Доп_угли2007.nazar, Доп_угли2007.ibor, Доп_угли2007.berez, Доп_угли2007.per, Станции2007.IRKUT, Доп_угли2007.azey, Доп_угли2007.mug, Доп_угли2007.cher, Доп_угли2007.jer, Станции2007.HAK, Станции2007.TUV, Станции2007.BUR, Доп_угли2007.gusin, Доп_угли2007.tugn, Станции2007.CHIT, Доп_угли2007.har, Доп_угли2007.urt, Станции2007.NER, Доп_угли2007.neru, Доп_угли2007.pyak, Станции2007.RAICH, Доп_угли2007.rai, Доп_угли2007.erk, Станции2007.URG, Станции2007.PRIM, Станции2007.LUCH, Станции2007.MAG, Станции2007.SAH, Станции2007.USHUM, Станции2007.QOTR, Станции2007.SNK, Станции2007.EWTP, Станции2007.NT, Станции2007.OBOR, Станции2007.VED, Станции2007.OBL, Станции2007.DEP, Станции2007.OES, Станции2007.ER, Станции2007.NUMB1120, Имена_станций.Ведомство AS вед, IIf([ved]=1 Or [ved]=4,1,IIf([ved]=2 Or [ved]=3,2,0)) AS кэстэц, Имена_станций.D, Имена_станций.R, IIf([ved]>0,0,1) AS sost, IIf([main]>0,1,0) AS [group], Имена_станций.FO, Имена_станций.форэм, Станции2007.NTsum, Станции2007.GK, Станции2007.BE, имена_ГК.name AS namegk, имена_БЕ.name AS namebe, Города.Name AS Town
FROM ((((((Станции2007 INNER JOIN Имена_станций ON Станции2007.[NUMB1120] = Имена_станций.[NUMB]) INNER JOIN Имена_ОЭС ON Станции2007.[OES] = Имена_ОЭС.[oes]) INNER JOIN Имена_областей ON Станции2007.[OBL] = Имена_областей.[OBL]) LEFT JOIN Доп_угли2007 ON (Станции2007.[NUMB1120] = Доп_угли2007.[NUMB1120]) AND (Станции2007.[YEAR] = Доп_угли2007.[YEAR])) LEFT JOIN имена_ГК ON Станции2007.[GK] = имена_ГК.[code]) LEFT JOIN имена_БЕ ON Станции2007.[BE] = имена_БЕ.[code]) LEFT JOIN Города ON Имена_станций.[codegor] = Города.[code];
"
"Cost","2","SELECT DISTINCTROW Имена_станций.NAME, STAN.Year, STAN.OBL, IIf(STAN.gaz>0,z(STOIM.gaz)/z(STAN.gaz),0) AS GAZ_c, IIf(DUG.gazpp>0,z(STOIM.gazpp)/z(DUG.gazpp),0) AS gazpp_c, IIf(DUG.gaz_prir>0,z(STOIM.gaz_prir)/z(DUG.gaz_prir),0) AS gaz_prir_c, IIf(STAN.mazut>0,z(STOIM.mazut)/z(STAN.mazut),0) AS MAZUT_c, IIf(DUG.disel>0,z(STOIM.disel)/z(DUG.disel),0) AS disel_c, IIf(DUG.maztop>0,z(STOIM.maztop)/z(DUG.maztop),0) AS maztop_c, IIf(DUG.gtt>0,z(STOIM.gtt)/z(DUG.gtt),0) AS gtt_c, IIf(DUG.nft_proch>0,z(STOIM.nft_proch)/z(DUG.nft_proch),0) AS nft_proch_c, IIf(STAN.torf>0,z(STOIM.torf)/z(STAN.torf),0) AS TORF_c, IIf(STAN.ISK_GAZ>0,z(STOIM.isk_gaz)/z(STAN.isk_gaz),0) AS ISK_GAZ_c, IIf(DUG.domen_g>0,z(STOIM.domen_g)/z(DUG.domen_g),0) AS domen_g_c, IIf(DUG.koks_g>0,z(STOIM.koks_g)/z(DUG.koks_g),0) AS koks_g_c, IIf(DUG.prochgaz>0,z(STOIM.prochgaz)/z(DUG.prochgaz),0) AS prochgaz_c, IIf(STAN.proch>0,z(STOIM.proch)/z(STAN.proch),0) AS PROCH_c, IIf(DUG.tvproch>0,z(STOIM.tvproch)/z(DUG.tvproch),0) AS tvproch_c, IIf(DUG.szh_gaz>0,z(STOIM.szh_gaz)/z(DUG.szh_gaz),0) AS szh_gaz_c, IIf(DUG.inoe>0,z(STOIM.inoe)/z(DUG.inoe),0) AS inoe_c, IIf(STAN.don>0,z(STOIM.don)/z(STAN.don),0) AS DON_c, IIf(STAN.podm>0,z(STOIM.podm)/z(STAN.podm),0) AS PODM_c, IIf(STAN.pech>0,z(STOIM.pech)/z(STAN.pech),0) AS PECH_c, IIf(DUG.vork>0,z(STOIM.vork)/z(DUG.vork),0) AS vork_c, IIf(DUG.intin>0,z(STOIM.intin)/z(DUG.intin),0) AS intin_c, IIf(STAN.kuzn>0,z(STOIM.kuzn)/z(STAN.kuzn),0) AS KUZN_c, IIf(DUG.kuzngd>0,z(STOIM.kuzngd)/z(DUG.kuzngd),0) AS kuzngd_c, IIf(DUG.kuznt>0,z(STOIM.kuznt)/z(DUG.kuznt),0) AS kuznt_c, IIf(DUG.kuznss>0,z(STOIM.kuznss)/z(DUG.kuznss),0) AS kuznss_c, IIf(DUG.kuznun>0,z(STOIM.kuznun)/z(DUG.kuznun),0) AS kuznun_c, IIf(STAN.ural>0,z(STOIM.ural)/z(STAN.ural),0) AS URAL_c, IIf(DUG.sver>0,z(STOIM.sver)/z(DUG.sver),0) AS sver_c, IIf(DUG.chel>0,z(STOIM.chel)/z(DUG.chel),0) AS chel_c, IIf(DUG.kizel>0,z(STOIM.kizel)/z(DUG.kizel),0) AS kizel_c, IIf(STAN.bashk>0,z(STOIM.bashk)/z(STAN.bashk),0) AS BASHK_c, IIf(STAN.kazah>0,z(STOIM.kazah)/z(STAN.kazah),0) AS KAZAH_c, IIf(DUG.ekib>0,z(STOIM.ekib)/z(DUG.ekib),0) AS ekib_c, IIf(DUG.maikub>0,z(STOIM.maikub)/z(DUG.maikub),0) AS maikub_c, IIf(DUG.karag>0,z(STOIM.karag)/z(DUG.karag),0) AS karag_c, IIf(DUG.karajyra>0,z(STOIM.karajyra)/z(DUG.karajyra),0) AS karajyra_c, IIf(DUG.teniz>0,z(STOIM.teniz)/z(DUG.teniz),0) AS teniz_c, IIf(STAN.kan>0,z(STOIM.kan)/z(STAN.kan),0) AS KAN_c, IIf(DUG.nazar>0,z(STOIM.nazar)/z(DUG.nazar),0) AS nazar_c, IIf(DUG.ibor>0,z(STOIM.ibor)/z(DUG.ibor),0) AS ibor_c, IIf(DUG.berez>0,z(STOIM.berez)/z(DUG.berez),0) AS berez_c, IIf(DUG.per>0,z(STOIM.per)/z(DUG.per),0) AS per_c, IIf(DUG.irbei>0,z(STOIM.irbei)/z(DUG.irbei),0) AS irbei_c, IIf(DUG.kansk>0,z(STOIM.kansk)/z(DUG.kansk),0) AS kansk_c, IIf(STAN.irkut>0,z(STOIM.irkut)/z(STAN.irkut),0) AS IRKUT_c, IIf(DUG.azey>0,z(STOIM.azey)/z(DUG.azey),0) AS azey_c, IIf(DUG.mug>0,z(STOIM.mug)/z(DUG.mug),0) AS mug_c, IIf(DUG.cher>0,z(STOIM.cher)/z(DUG.cher),0) AS cher_c, IIf(STAN.tung>0,z(STOIM.tung)/z(STAN.tung),0) AS TUNG_c, IIf(DUG.jer>0,z(STOIM.jer)/z(DUG.jer),0) AS jer_c, IIf(DUG.karab>0,z(STOIM.karab)/z(DUG.karab),0) AS karab_c, IIf(STAN.hak>0,z(STOIM.hak)/z(STAN.hak),0) AS HAK_c, IIf(STAN.tuv>0,z(STOIM.tuv)/z(STAN.tuv),0) AS TUV_c, IIf(STAN.bur>0,z(STOIM.bur)/z(STAN.bur),0) AS BUR_c, IIf(DUG.gusin>0,z(STOIM.gusin)/z(DUG.gusin),0) AS gusin_c, IIf(DUG.tugn>0,z(STOIM.tugn)/z(DUG.tugn),0) AS tugn_c, IIf(DUG.okino>0,z(STOIM.okino)/z(DUG.okino),0) AS okino_c, IIf(STAN.chit>0,z(STOIM.chit)/z(STAN.chit),0) AS CHIT_c, IIf(DUG.har>0,z(STOIM.har)/z(DUG.har),0) AS har_c, IIf(DUG.urt>0,z(STOIM.urt)/z(DUG.urt),0) AS urt_c, IIf(DUG.tataur>0,z(STOIM.tataur)/z(DUG.tataur),0) AS tataur_c, IIf(DUG.tarbag>0,z(STOIM.tarbag)/z(DUG.tarbag),0) AS tarbag_c, IIf(DUG.zab_kam>0,z(STOIM.zab_kam)/z(DUG.zab_kam),0) AS zab_kam_c, IIf(STAN.amur>0,z(STOIM.amur)/z(STAN.amur),0) AS AMUR_c, IIf(DUG.rai>0,z(STOIM.rai)/z(DUG.rai),0) AS rai_c, IIf(DUG.erk>0,z(STOIM.erk)/z(DUG.erk),0) AS erk_c, IIf(DUG.ogodj>0,z(STOIM.ogodj)/z(DUG.ogodj),0) AS ogodj_c, IIf(DUG.svo>0,z(STOIM.svo)/z(DUG.svo),0) AS svo_c, IIf(STAN.urg>0,z(STOIM.urg)/z(STAN.urg),0) AS URG_c, IIf(STAN.ushum>0,z(STOIM.ushum)/z(STAN.ushum),0) AS USHUM_c, IIf(STAN.prim>0,z(STOIM.prim)/z(STAN.prim),0) AS PRIM_c, IIf(DUG.bikin>0,z(STOIM.bikin)/z(DUG.bikin),0) AS bikin_c, IIf(DUG.razdol>0,z(STOIM.razdol)/z(DUG.razdol),0) AS razdol_c, IIf(DUG.hankai>0,z(STOIM.hankai)/z(DUG.hankai),0) AS hankai_c, IIf(STAN.yakut>0,z(STOIM.yakut)/z(STAN.yakut),0) AS YAKUT_c, IIf(DUG.neru>0,z(STOIM.neru)/z(DUG.neru),0) AS neru_c, IIf(DUG.zyryan>0,z(STOIM.zyryan)/z(DUG.zyryan),0) AS zyryan_c, IIf(DUG.pyak>0,z(STOIM.pyak)/z(DUG.pyak),0) AS pyak_c, IIf(STAN.mag>0,z(STOIM.mag)/z(STAN.mag),0) AS MAG_c, IIf(STAN.chukot>0,z(STOIM.chukot)/z(STAN.chukot),0) AS CHUKOT_c, IIf(DUG.anad>0,z(STOIM.anad)/z(DUG.anad),0) AS anad_c, IIf(DUG.bering>0,z(STOIM.bering)/z(DUG.bering),0) AS bering_c, IIf(STAN.kamch>0,z(STOIM.kamch)/z(STAN.kamch),0) AS KAMCH_c, IIf(STAN.sah>0,z(STOIM.sah)/z(STAN.sah),0) AS SAH_c, STAN.NUMB1120, IIf(STAN.ved>0,0,1) AS sost, IIf(main>0,1,0) AS [group] INTO Цена2024
FROM ((Станции2024 AS STAN LEFT JOIN Доп_угли2024 AS DUG ON STAN.NUMB1120 = DUG.NUMB1120) LEFT JOIN Стоимость2024 AS STOIM ON STAN.NUMB1120 = STOIM.NUMB1120) INNER JOIN Имена_станций ON STAN.NUMB1120 = Имена_станций.NUMB
WHERE IIf(main>0,1,0)=0
ORDER BY STAN.numb1;
"
"Cost_ee","2","SELECT Станции2021.NUMB1120, Станции2021.year, Затраты_2021!Zatr_E/(Станции2021!EOTP*1000) AS cena_e, Имена_станций.NAME, Имена_станций.ordnumb, Затраты_2021!Zatr_Q/(Станции2021!Q*1000) AS cena_q, Затраты_2021!Zatr_P/(Станции2021!NUST*1000) AS cena_p INTO Цена_энергии_2021
FROM Станции2021 INNER JOIN (Затраты_2021 INNER JOIN Имена_станций ON Затраты_2021.NUMB1120=Имена_станций.NUMB) ON Станции2021.NUMB1120=Затраты_2021.NUMB1120
WHERE (((Затраты_2021.code_zatr)=10))
ORDER BY Имена_станций.ordnumb;
"
"EWTP по годам","2","TRANSFORM Sum([Станции(архив)].ewtp) AS [Sum-ewtp]
SELECT [Станции(архив)].name, [Станции(архив)].numb1
FROM [Станции(архив)]
WHERE ((([Станции(архив)].year)=1990 Or ([Станции(архив)].year)=2000 Or ([Станции(архив)].year)=2005 Or ([Станции(архив)].year)=2010 Or ([Станции(архив)].year)=2015 Or ([Станции(архив)].year)=2020) AND (([Станции(архив)].ved)>0))
GROUP BY [Станции(архив)].name, [Станции(архив)].numb1
ORDER BY [Станции(архив)].numb1
PIVOT [Станции(архив)].Year;
"
"HT2002","3","SELECT DISTINCTROW Рабочий.NAME, Рабочий.YEAR, Рабочий.E, Рабочий.EWTP, Рабочий.EUST, Рабочий.EURT, IIf([qotr]>0,z([EWTP])/z([QOTR])*1000,0) AS Y, IIf([ewtp]>0,IIf([e]<>[ewtp],z(Рабочий!EURT)-IIf(z([k])>0,z(KOEFF!k),1.5)*(1-z(Рабочий!EWTP)/z(Рабочий!E))*100,[eurt]),0) AS BTP, IIf([ewtp]>0,z(([EOTP])-(z([E])-z([EWTP]))*(1-z([SNK])/100))/z([EWTP]),0) AS sntp, IIf(z([e])>z([ewtp]),(z([EUST])-z([EWTP])*z([SNTP])*z([BTP])/1000)/((z([E])-z([EWTP]))*(1-z([SNK])/100))*1000,z([btp])) AS BK, Рабочий.NUMB1120, Рабочий.SNK
FROM Станции2002 AS Рабочий LEFT JOIN KOEFF ON Рабочий.NUMB1120=KOEFF.NUMB
WHERE (((Рабочий.NUST)>0))
ORDER BY Рабочий.numb1;
"
"Ht86","2","SELECT DISTINCTROW Рабочий.NAME, Рабочий.Year, KOEFF.k, IIf([ved]>1,IIf([qotr]>0,z([EWTP])/z([QOTR])*1000,0),0) AS Y, IIf([ved]>1 And z([ewtp])>0,IIf([e]<>[ewtp],z(Рабочий!EURT)-z(KOEFF!k)*(1-z(Рабочий!EWTP)/z(Рабочий!E))*100,[eurt]),0) AS BTP, IIf([ved]>1 And [ewtp]>0,z(([EOTP])-(z([E])-z([EWTP]))*(1-z([SNK])/100))/z([EWTP]),0) AS SNTP, IIf([ved]>1 And [ved]<4 And z([ewtp])>0,IIf(z([e])>z([ewtp]),(z([EUST])-z([EWTP])*z([SNTP])*z([BTP])/1000)/((z([E])-z([EWTP]))*(1-z([SNK])/100))*1000,z([btp])),[eurt]) AS BK, Рабочий.NUMB1120, Рабочий.SNK INTO Удельные2024
FROM Рабочий LEFT JOIN KOEFF ON Рабочий.NUMB1120 = KOEFF.NUMB
WHERE (((Рабочий.NUST)>0) AND ((Рабочий.VED)>0))
ORDER BY Рабочий.numb1;
"
"HTархив","3","SELECT DISTINCTROW Рабочий.name, Рабочий.Year, IIf([qotr]>0,z([EWTP])/z([QOTR])*1000,0) AS Y, Рабочий.E, Рабочий.ewtp, Рабочий.eust, Рабочий.eurt, IIf([ewtp]>0,IIf([e]<>[ewtp],z([Рабочий]![EURT])-IIf(z([k])>0,z([KOEFF]![k]),1.5)*(1-z([Рабочий]![EWTP])/z([Рабочий]![E]))*100,[eurt]),0) AS BTP, IIf([ewtp]>0,z(([EOTP])-(z([E])-z([EWTP]))*(1-z([SNK])/100))/z([EWTP]),0) AS sntp, IIf(z([e])>z([ewtp]),(z([EUST])-z([EWTP])*z([SNTP])*z([BTP])/1000)/((z([E])-z([EWTP]))*(1-z([SNK])/100))*1000,z([btp])) AS BK, Рабочий.numb1120, Рабочий.snk
FROM [Станции(архив)] AS Рабочий LEFT JOIN KOEFF ON Рабочий.numb1120 = KOEFF.NUMB
WHERE (((Рабочий.Year)>1997) AND ((Рабочий.nust)>0))
ORDER BY Рабочий.numb1, Рабочий.Year, Рабочий.Year;
"
"NT","2","TRANSFORM Avg(Станции8994.nt) AS Avg_nt
SELECT Станции8994.numb1120 AS Выражение1, First(Станции8994.name) AS name, First(Станции8994.obl) AS obl, First(Станции8994.oes) AS oes, First(Станции8994.ved) AS ved
FROM Станции8994
WHERE (((Станции8994.year)>0))
GROUP BY Станции8994.numb1120
PIVOT Станции8994.year;
"
"Ptp","3","SELECT станции95.NAME AS Выражение1, станции95!EWTP/станции95!E*100 AS Ptp95, станции96!EWTP/станции96!E*100 AS Ptp96, станции97!EWTP/станции97!E*100 AS Ptp97, станции98!EWTP/станции98!E*100 AS Ptp98
FROM станции95, станции96, станции97, Станции98
WHERE (((станции95.VED)>1));
"
"Source","3","SELECT DISTINCTROW [Станции99-1].*
FROM [Станции99-1]
WHERE ((([Станции99-1].OES)=6));
"
"Structure","2","SELECT Рабочий.NAME, Рабочий.YEAR, IIf(Рабочий!gaz>0,z(Рабочий!gaz)*100/z(Рабочий!B),0) AS GAZ, IIf(Доп_угли2015!gazpp>0,z(Доп_угли2015!gazpp)*100/z(Рабочий!B),0) AS gazpp, IIf(Рабочий!mazut>0,z(Рабочий!mazut)*100/z(Рабочий!B),0) AS MAZUT, IIf(Рабочий!torf>0,z(Рабочий!torf)*100/z(Рабочий!B),0) AS TORF, IIf(Рабочий!proch>0,z(Рабочий!proch)*100/z(Рабочий!B),0) AS PROCH, IIf(Рабочий!ugol>0,z(Рабочий!ugol)*100/z(Рабочий!B),0) AS UGOL, IIf(Рабочий!don>0,z(Рабочий!don)*100/z(Рабочий!B),0) AS DON, IIf(Рабочий!podm>0,z(Рабочий!podm)*100/z(Рабочий!B),0) AS PODM, IIf(Рабочий!pech>0,z(Рабочий!pech)*100/z(Рабочий!B),0) AS PECH, IIf(Доп_угли2015!vork>0,z(Доп_угли2015!vork)*100/z(Рабочий!B),0) AS vork, IIf(Доп_угли2015!int>0,z(Доп_угли2015!int)*100/z(Рабочий!B),0) AS intin, IIf(Рабочий!kuzn>0,z(Рабочий!kuzn)*100/z(Рабочий!B),0) AS KUZN, IIf(Доп_угли2015!kuzngd>0,z(Доп_угли2015!kuzngd)*100/z(Рабочий!B),0) AS kuzngd, IIf(Доп_угли2015!kuznt>0,z(Доп_угли2015!kuznt)*100/z(Рабочий!B),0) AS kuznt, IIf(Доп_угли2015!kuznss>0,z(Доп_угли2015!kuznss)*100/z(Рабочий!B),0) AS kuznss, IIf(Доп_угли2015!kuznun>0,z(Доп_угли2015!kuznun)*100/z(Рабочий!B),0) AS kuznun, IIf(Рабочий!ural>0,z(Рабочий!ural)*100/z(Рабочий!B),0) AS URAL, IIf(Доп_угли2015!sver>0,z(Доп_угли2015!sver)*100/z(Рабочий!B),0) AS sver, IIf(Доп_угли2015!chel>0,z(Доп_угли2015!chel)*100/z(Рабочий!B),0) AS chel, IIf(Доп_угли2015!kizel>0,z(Доп_угли2015!kizel)*100/z(Рабочий!B),0) AS kizel, IIf(Рабочий!bashk>0,z(Рабочий!bashk)*100/z(Рабочий!B),0) AS BASHK, IIf(Рабочий!kazah>0,z(Рабочий!kazah)*100/z(Рабочий!B),0) AS KAZAH, IIf(Доп_угли2015!ekib>0,z(Доп_угли2015!ekib)*100/z(Рабочий!B),0) AS ekib, IIf(Доп_угли2015!maikub>0,z(Доп_угли2015!maikub)*100/z(Рабочий!B),0) AS maikub, IIf(Рабочий!karag>0,z(Рабочий!karag)*100/z(Рабочий!B),0) AS KARAG, IIf(Рабочий!kan>0,z(Рабочий!kan)*100/z(Рабочий!B),0) AS KAN, IIf(Доп_угли2015!nazar>0,z(Доп_угли2015!nazar)*100/z(Рабочий!B),0) AS nazar, IIf(Доп_угли2015!ibor>0,z(Доп_угли2015!ibor)*100/z(Рабочий!B),0) AS ibor, IIf(Доп_угли2015!berez>0,z(Доп_угли2015!berez)*100/z(Рабочий!B),0) AS berez, IIf(Доп_угли2015!per>0,z(Доп_угли2015!per)*100/z(Рабочий!B),0) AS per, IIf(Доп_угли2015!irbei>0,z(Доп_угли2015!irbei)*100/z(Рабочий!B),0) AS irbei, IIf(Доп_угли2015!kansk>0,z(Доп_угли2015!kansk)*100/z(Рабочий!B),0) AS kansk, IIf(Рабочий!irkut>0,z(Рабочий!irkut)*100/z(Рабочий!B),0) AS IRKUT, IIf(Доп_угли2015!azey>0,z(Доп_угли2015!azey)*100/z(Рабочий!B),0) AS azey, IIf(Доп_угли2015!mug>0,z(Доп_угли2015!mug)*100/z(Рабочий!B),0) AS mug, IIf(Доп_угли2015!cher>0,z(Доп_угли2015!cher)*100/z(Рабочий!B),0) AS cher, IIf(Рабочий!tung>0,z(Рабочий!tung)*100/z(Рабочий!B),0) AS TUNG, IIf(Доп_угли2015!jer>0,z(Доп_угли2015!jer)*100/z(Рабочий!B),0) AS jer, IIf(Доп_угли2015!karab>0,z(Доп_угли2015!karab)*100/z(Рабочий!B),0) AS karab, IIf(Рабочий!hak>0,z(Рабочий!hak)*100/z(Рабочий!B),0) AS HAK, IIf(Рабочий!tuv>0,z(Рабочий!tuv)*100/z(Рабочий!B),0) AS TUV, IIf(Рабочий!bur>0,z(Рабочий!bur)*100/z(Рабочий!B),0) AS BUR, IIf(Доп_угли2015!gusin>0,z(Доп_угли2015!gusin)*100/z(Рабочий!B),0) AS gusin, IIf(Доп_угли2015!tugn>0,z(Доп_угли2015!tugn)*100/z(Рабочий!B),0) AS tugn, IIf(Доп_угли2015!okino>0,z(Доп_угли2015!okino)*100/z(Рабочий!B),0) AS okino, IIf(Рабочий!chit>0,z(Рабочий!chit)*100/z(Рабочий!B),0) AS CHIT, IIf(Доп_угли2015!har>0,z(Доп_угли2015!har)*100/z(Рабочий!B),0) AS har, IIf(Доп_угли2015!urt>0,z(Доп_угли2015!urt)*100/z(Рабочий!B),0) AS urt, IIf(Доп_угли2015!tataur>0,z(Доп_угли2015!tataur)*100/z(Рабочий!B),0) AS tataur, IIf(Доп_угли2015!tarbag>0,z(Доп_угли2015!tarbag)*100/z(Рабочий!B),0) AS tarbag, IIf(Доп_угли2015!zab_kam>0,z(Доп_угли2015!zab_kam)*100/z(Рабочий!B),0) AS zab_kam, IIf(Рабочий!amur>0,z(Рабочий!amur)*100/z(Рабочий!B),0) AS AMUR, IIf(Доп_угли2015!rai>0,z(Доп_угли2015!rai)*100/z(Рабочий!B),0) AS rai, IIf(Доп_угли2015!erk>0,z(Доп_угли2015!erk)*100/z(Рабочий!B),0) AS erk, IIf(Рабочий!urg>0,z(Рабочий!urg)*100/z(Рабочий!B),0) AS URG, IIf(Рабочий!ushum>0,z(Рабочий!ushum)*100/z(Рабочий!B),0) AS USHUM, IIf(Рабочий!prim>0,z(Рабочий!prim)*100/z(Рабочий!B),0) AS PRIM, IIf(Доп_угли2015!bikin>0,z(Доп_угли2015!bikin)*100/z(Рабочий!B),0) AS bikin, IIf(Доп_угли2015!razdol>0,z(Доп_угли2015!razdol)*100/z(Рабочий!B),0) AS razdol, IIf(Доп_угли2015!hankai>0,z(Доп_угли2015!hankai)*100/z(Рабочий!B),0) AS hankai, IIf(Рабочий!yakut>0,z(Рабочий!yakut)*100/z(Рабочий!B),0) AS YAKUT, IIf(Доп_угли2015!neru>0,z(Доп_угли2015!neru)*100/z(Рабочий!B),0) AS neru, IIf(Доп_угли2015!zyryan>0,z(Доп_угли2015!zyryan)*100/z(Рабочий!B),0) AS zyryan, IIf(Доп_угли2015!pyak>0,z(Доп_угли2015!pyak)*100/z(Рабочий!B),0) AS pyak, IIf(Рабочий!mag>0,z(Рабочий!mag)*100/z(Рабочий!B),0) AS MAG, IIf(Рабочий!chukot>0,z(Рабочий!chukot)*100/z(Рабочий!B),0) AS CHUKOT, IIf(Доп_угли2015!anad>0,z(Доп_угли2015!anad)*100/z(Рабочий!B),0) AS anad, IIf(Доп_угли2015!bering>0,z(Доп_угли2015!bering)*100/z(Рабочий!B),0) AS bering, IIf(Рабочий!kamch>0,z(Рабочий!kamch)*100/z(Рабочий!B),0) AS KAMCH, IIf(Рабочий!sah>0,z(Рабочий!sah)*100/z(Рабочий!B),0) AS SAH, Рабочий.NUMB1120, Рабочий.numb1 INTO Структура_топлива2015
FROM (Рабочий LEFT JOIN Доп_угли2015 ON (Рабочий.YEAR=Доп_угли2015.YEAR) AND (Рабочий.NUMB1120=Доп_угли2015.NUMB1120)) INNER JOIN Имена_станций ON Рабочий.NUMB1120=Имена_станций.NUMB
ORDER BY Рабочий.numb1;
"
"TmprryQryFrLnkFldsCrtn0123456789","3","SELECT;
"
"Udel_zatrati","2","SELECT Станции2021.NUMB1120, Станции2021.Year, Имена_станций.NAME, Имена_станций.ordnumb, Затраты_2021!Zatr_E/(Станции2021!EOTP*1000) AS cena_e, Затраты_2021!Zatr_Q/(Станции2021!Q*1000) AS cena_q, Затраты_2021!Zatr_E/(Станции2021!EUST) AS cena_Be, Затраты_2021!Zatr_Q/(Станции2021!TUST) AS cena_Bt INTO Затраты_топливо_2021
FROM Станции2021 INNER JOIN (Затраты_2021 INNER JOIN Имена_станций ON Затраты_2021.NUMB1120 = Имена_станций.NUMB) ON Станции2021.NUMB1120 = Затраты_2021.NUMB1120
WHERE (((Затраты_2021.code_zatr)=110))
ORDER BY Имена_станций.ordnumb;
"
"Update","2","UPDATE DISTINCTROW Destination, Source SET Destination.NUST = source!NUST, Destination.E = source!E, Destination.EOTP = source!Eotp, Destination.EURT = source!Eurt, Destination.EUST = source!Eust, Destination.Q = source!q, Destination.TURT = source!turt, Destination.TUST = source!tust, Destination.B = source!b, Destination.GAZ = source!gaz, Destination.MAZUT = source!mazut, Destination.TORF = source!torf, Destination.SLAN = source!slan, Destination.GTT = source!gtt, Destination.PROCH = source!proch, Destination.UGOL = source!ugol, Destination.DON = source!don, Destination.PODM = source!podm, Destination.PECH = source!pech, Destination.ARKT = source!arkt, Destination.KUZN = source!kuzn, Destination.URAL = source!ural, Destination.BASHK = source!bashk, Destination.EKIB = source!Ekib, Destination.KARAG = source!karag, Destination.KAN = source!kan, Destination.IRKUT = source!irkut, Destination.HAK = source!hak, Destination.TUV = source!tuv, Destination.BUR = source!bur, Destination.CHIT = source!chit, Destination.NER = source!ner, Destination.RAICH = source!raich, Destination.URG = source!urg, Destination.PRIM = source!prim, Destination.LUCH = source!luch, Destination.MAG = source!mag, Destination.SAH = source!sah, Destination.QOTR = source!qotr, Destination.EWTP = source!Ewtp, Destination.NT = source!nt;
"
"Анализ удельных на ТЭЦ","3","SELECT [Станции_89-2001].NAME, [Станции_89-2001].Year, [Станции_89-2001].E, [Станции_89-2001].ewtp, [ewtp]/[e]*100 AS ptp, [Станции_89-2001].eurt, [Станции_89-2001].NUMB1120
FROM [Станции_89-2001]
WHERE ((([Станции_89-2001].E)>0))
ORDER BY [Станции_89-2001].numb1, [Станции_89-2001].Year;
"
"Анализ_удельных","3","SELECT Весь_отчет.name, Весь_отчет.year, Весь_отчет.E, Весь_отчет.ewtp
FROM Весь_отчет INNER JOIN Имена_станций ON Весь_отчет.numb1120=Имена_станций.NUMB
WHERE (((Весь_отчет.year)>1997) AND ((Весь_отчет.ewtp)>0) AND ((Весь_отчет.obl)=30) AND ((Имена_станций.MAIN) Is Null))
ORDER BY Весь_отчет.numb1, Весь_отчет.year;
"
"АПБ_буфер-отчет","2","UPDATE АПБ_2009 INNER JOIN АПБ_буфер ON АПБ_2009.name=АПБ_буфер.name SET АПБ_2009.E12 = [data];
"
"вед_сост_стан_обн","2","UPDATE Станции2000, вед_сост_стан SET Станции2000.VED = вед_сост_стан![Min-VED];
"
"ведомства_составных_станций","2","SELECT First(Имена_станций_1.NAME) AS [First-NAME], Min(Станции2000.VED) AS [Min-VED], Имена_станций_1.NUMB INTO вед_сост_стан
FROM Станции2000, Имена_станций INNER JOIN Имена_станций AS Имена_станций_1 ON Имена_станций.MAIN=Имена_станций_1.NUMB
WHERE (((Имена_станций.MAIN)>0))
GROUP BY Имена_станций_1.NUMB;
"
"Ведомство_для_составных_станций","2","SELECT First(Имена_станций_1.NAME) AS NAME, Имена_станций.MAIN, Min(Станции98.VED) AS Min_VED INTO [Ведомства-для-составных-станций]
FROM Станции98, Имена_станций INNER JOIN Имена_станций AS Имена_станций_1 ON Имена_станций.MAIN=Имена_станций_1.NUMB
WHERE (((Имена_станций_1.OES)=4))
GROUP BY Имена_станций.MAIN
HAVING (((Имена_станций.MAIN)>0));
"
"Весь_отчет","2","SELECT [Станции(архив)].*
FROM [Станции(архив)]
UNION SELECT [Станции2022].*
FROM [Станции2022]
UNION SELECT 
    0 AS name,
    [Станции(Схема)_25-29].year,
    [Станции(Схема)_25-29].nust,
    0 AS nr,
    0 AS E,
    0 AS eotp,
    0 AS eurt,
    0 AS eust,
    0 AS Q,
    0 AS turt,
    0 AS tust,
    0 AS B,
    0 AS gaz,
    0 AS mazut,
    0 AS torf,
    0 AS slan,
    0 AS proch,
    0 AS ugol,
    0 AS don,
    0 AS podm,
    0 AS pech,
    0 AS arkt,
    0 AS kuzn,
    0 AS ural,
    0 AS bashk,
    0 AS kazah,
    0 AS kan,
    0 AS tung,
    0 AS irkut,
    0 AS hak,
    0 AS tuv,
    0 AS bur,
    0 AS chit,
    0 AS yakut,
    0 AS amur,
    0 AS urg,
    0 AS ushum,
    0 AS prim,
    0 AS mag,
    0 AS chukot,
    0 AS kamch,
    0 AS sah,
    0 AS qotr,
    0 AS snk,
    0 AS SNT,
    0 AS ewtp,
    0 AS nt,
    0 AS NTsum,
    [Станции(Схема)_25-29].obor,
    [Станции(Схема)_25-29].ved,
    [Станции(Схема)_25-29].вед,
    [Станции(Схема)_25-29].obl,
    [Станции(Схема)_25-29].dep,
    [Станции(Схема)_25-29].oes,
    [Станции(Схема)_25-29].EES,
    [Станции(Схема)_25-29].er,
    [Станции(Схема)_25-29].gk,
    [Станции(Схема)_25-29].be,
    [Станции(Схема)_25-29].numb1120,
    [Станции(Схема)_25-29].numb1
FROM [Станции(Схема)_25-29]
WHERE Year IN (2023,2024,2025)
ORDER BY [numb1], [year];
"
"Весь_отчет_1","2","SELECT [Станции(архив)].*
FROM [Станции(архив)]
UNION 
SELECT [Станции2022].*
FROM [Станции2022]
UNION SELECT 
   0 as name,
    [Станции(Схема)_25-29].year,
    [Станции(Схема)_25-29].nust,
    [Станции(Схема)_25-29].nr,
    [Станции(Схема)_25-29].E,
    [Станции(Схема)_25-29].eotp,
    [Станции(Схема)_25-29].eurt,
    [Станции(Схема)_25-29].eust,
    [Станции(Схема)_25-29].Q,
    [Станции(Схема)_25-29].turt,
    [Станции(Схема)_25-29].tust,
    [Станции(Схема)_25-29].B,
    [Станции(Схема)_25-29].gaz,
    [Станции(Схема)_25-29].mazut,
    [Станции(Схема)_25-29].torf,
    [Станции(Схема)_25-29].slan,
    [Станции(Схема)_25-29].proch,
    [Станции(Схема)_25-29].ugol,
    [Станции(Схема)_25-29].don,
    [Станции(Схема)_25-29].podm,
    [Станции(Схема)_25-29].pech,
    0 as arkt,
    [Станции(Схема)_25-29].kuzn,
    [Станции(Схема)_25-29].ural,
    [Станции(Схема)_25-29].bashk,
    [Станции(Схема)_25-29].kazah,
    [Станции(Схема)_25-29].kan,
    [Станции(Схема)_25-29].tung,
    [Станции(Схема)_25-29].irkut,
    [Станции(Схема)_25-29].hak,
    [Станции(Схема)_25-29].tuv,
    [Станции(Схема)_25-29].bur,
    [Станции(Схема)_25-29].chit,
    [Станции(Схема)_25-29].yakut,
    [Станции(Схема)_25-29].amur,
    [Станции(Схема)_25-29].urg,
    [Станции(Схема)_25-29].ushum,
    [Станции(Схема)_25-29].prim,
    [Станции(Схема)_25-29].mag,
    [Станции(Схема)_25-29].chukot,
    [Станции(Схема)_25-29].kamch,
    [Станции(Схема)_25-29].sah,
    [Станции(Схема)_25-29].qotr,
    [Станции(Схема)_25-29].snk,
    0 as SNT,
    [Станции(Схема)_25-29].ewtp,
    [Станции(Схема)_25-29].nt,
    [Станции(Схема)_25-29].NTsum,
    [Станции(Схема)_25-29].obor,
    [Станции(Схема)_25-29].ved,
    [Станции(Схема)_25-29].вед,
    [Станции(Схема)_25-29].obl,
    [Станции(Схема)_25-29].dep,
    [Станции(Схема)_25-29].oes,
    0 as EES,
    [Станции(Схема)_25-29].er,
    [Станции(Схема)_25-29].gk,
    [Станции(Схема)_25-29].be,
    [Станции(Схема)_25-29].numb1120,
    [Станции(Схема)_25-29].numb1
FROM [Станции(Схема)_25-29]
WHERE Year IN (2023,2024,2025)
ORDER BY [numb1], [year];
"
"Весь_отчет_копия","2","SELECT [Станции(архив)].*
FROM [Станции(архив)]
UNION SELECT [Станции2022].*
FROM [Станции2022]
UNION SELECT 
    0 AS name,
    [Станции(Схема)_25-29].year,
    [Станции(Схема)_25-29].nust,
    0 AS nr,
    0 AS E,
    0 AS eotp,
    0 AS eurt,
    0 AS eust,
    0 AS Q,
    0 AS turt,
    0 AS tust,
    0 AS B,
    0 AS gaz,
    0 AS mazut,
    0 AS torf,
    0 AS slan,
    0 AS proch,
    0 AS ugol,
    0 AS don,
    0 AS podm,
    0 AS pech,
    0 AS arkt,
    0 AS kuzn,
    0 AS ural,
    0 AS bashk,
    0 AS kazah,
    0 AS kan,
    0 AS tung,
    0 AS irkut,
    0 AS hak,
    0 AS tuv,
    0 AS bur,
    0 AS chit,
    0 AS yakut,
    0 AS amur,
    0 AS urg,
    0 AS ushum,
    0 AS prim,
    0 AS mag,
    0 AS chukot,
    0 AS kamch,
    0 AS sah,
    0 AS qotr,
    0 AS snk,
    0 AS SNT,
    0 AS ewtp,
    0 AS nt,
    0 AS NTsum,
    [Станции(Схема)_25-29].obor,
    [Станции(Схема)_25-29].ved,
    [Станции(Схема)_25-29].вед,
    [Станции(Схема)_25-29].obl,
    [Станции(Схема)_25-29].dep,
    [Станции(Схема)_25-29].oes,
    [Станции(Схема)_25-29].EES,
    [Станции(Схема)_25-29].er,
    [Станции(Схема)_25-29].gk,
    [Станции(Схема)_25-29].be,
    [Станции(Схема)_25-29].numb1120,
    [Станции(Схема)_25-29].numb1
FROM [Станции(Схема)_25-29]
WHERE Year = 2023
ORDER BY [numb1], [year];
"
"Восток","3","SELECT DISTINCTROW [Рабочий-для-ввода].NAME, [Рабочий-для-ввода].YEAR, [Рабочий-для-ввода].NUST, [Рабочий-для-ввода].E, [Рабочий-для-ввода].EOTP, [Рабочий-для-ввода].EURT, [Рабочий-для-ввода].EUST, [Рабочий-для-ввода].Q, [Рабочий-для-ввода].TURT, [Рабочий-для-ввода].TUST, [Рабочий-для-ввода].B, [Рабочий-для-ввода].GAZ, [Рабочий-для-ввода].MAZUT, [Рабочий-для-ввода].UGOL, [Рабочий-для-ввода].RAICH AS Выражение1, [Рабочий-для-ввода].PRIM, [Рабочий-для-ввода].URG, [Рабочий-для-ввода].LUCH, [Рабочий-для-ввода].NER AS Выражение2, [Рабочий-для-ввода].BUR, [Рабочий-для-ввода].IRKUT, [Рабочий-для-ввода].KAN, [Рабочий-для-ввода].CHIT, [Рабочий-для-ввода].MAG, [Рабочий-для-ввода].SAH, [Рабочий-для-ввода].PROCH, [Рабочий-для-ввода].QOTR, [Рабочий-для-ввода].SNK, [Рабочий-для-ввода].EWTP, [Рабочий-для-ввода].NT, IIf([comp]=1,[numb],[main]) AS numbm, Имена_станций.ordnumb, [Рабочий-для-ввода].SNt, [Рабочий-для-ввода].NUMB1120
FROM [Рабочий-для-ввода] INNER JOIN Имена_станций ON [Рабочий-для-ввода].NUMB1120=Имена_станций.NUMB
WHERE ((([Рабочий-для-ввода].OES)=7 Or ([Рабочий-для-ввода].OES)=9))
ORDER BY Имена_станций.ordnumb;
"
"Восточные_угли","2","SELECT NAME , YEAR,numb1120,oes,obl, yakut AS data,27 AS toplcode
FROM [Рабочий(станции)] AS w
WHERE (((yakut)>0))
union
SELECT NAME , YEAR,numb1120,oes,obl,amur  AS data,29 AS toplcode
FROM [Рабочий(станции)] AS w
WHERE (((amur)>0))
union
SELECT  NAME,YEAR,numb1120,oes,obl, prim AS data, 28 AS toplcode
FROM [Рабочий(станции)] AS w
WHERE (((prim)>0))
union
SELECT NAME , YEAR, numb1120,oes,obl,ushum  AS data, 31 AS toplcode
FROM [Рабочий(станции)] AS w
WHERE (((ushum)>0))
union
SELECT NAME ,YEAR,numb1120,oes,obl, urg  AS data, 30 AS toplcode
FROM [Рабочий(станции)] AS w
WHERE (((urg)>0))
union
SELECT NAME ,YEAR,numb1120,oes,obl, chukot  AS data, 34 AS toplcode
FROM [Рабочий(станции)] AS w
WHERE (((chukot)>0))
union
SELECT NAME ,YEAR,numb1120,oes,obl, kamch  AS data, 35 AS toplcode
FROM [Рабочий(станции)] AS w
WHERE (((kamch)>0))
union
SELECT NAME ,YEAR,numb1120,oes,obl, sah  AS data, 33 AS toplcode
FROM [Рабочий(станции)] AS w
WHERE (((sah)>0))
UNION SELECT NAME ,YEAR,numb1120,oes,obl, mag AS data, 32 AS toplcode
FROM [Рабочий(станции)] AS w
WHERE (((mag)>0));
"
"Все_годы","3","SELECT Справка.NUMB1120
FROM Справка
GROUP BY Справка.NUMB1120;
"
"Все_Затраты","2","SELECT *
FROM [Затраты_2018]
UNION ALL
SELECT *
FROM [Затраты_2019]
UNION ALL
SELECT *
FROM [Затраты_2020]
UNION ALL
SELECT *
FROM [Затраты_2021]
UNION ALL
SELECT *
FROM [Затраты_2022]
UNION ALL SELECT *
FROM [Затраты_2023];
"
"Все_угли+показатели","2","SELECT Европ_угли.*
FROM Европ_угли
UNION SELECT Сибирские_угли.*
FROM Сибирские_угли
UNION SELECT Восточные_угли.*
FROM Восточные_угли
UNION SELECT  Показатели_в_столбец.*
FROM  Показатели_в_столбец;
"
"Выработка за 2021 год","2","SELECT NAME , numb1120, E, EWTP,EOTP,EUST,EURT,Q,QOTR,TURT,TUST,B,GAZ,MAZUT,UGOL,PROCH, SNK, Snt from [Волга2021]
UNION 
SELECT NAME ,numb1120,E, EWTP,EOTP,EUST,EURT,Q,QOTR,TURT,TUST,B,GAZ,MAZUT,UGOL,PROCH, SNK, Snt from  [Восток2021]
UNION
SELECT NAME , numb1120, E, EWTP,EOTP,EUST,EURT,Q,QOTR,TURT,TUST,B,GAZ,MAZUT,UGOL,PROCH, SNK, Snt from  [Северо_Запад2021]
UNION
SELECT NAME , numb1120, E, EWTP,EOTP,EUST,EURT,Q,QOTR,TURT,TUST,B,GAZ,MAZUT,UGOL,PROCH, SNK, Snt from  [Сибирь2021]
UNION
SELECT NAME , numb1120, E, EWTP,EOTP,EUST,EURT,Q,QOTR,TURT,TUST,B,GAZ,MAZUT,UGOL,PROCH, SNK, Snt from  [Урал2021]
UNION
SELECT NAME , numb1120, E, EWTP,EOTP,EUST,EURT,Q,QOTR,TURT,TUST,B,GAZ,MAZUT,UGOL,PROCH, SNK, Snt from  [Центр2021]
UNION SELECT NAME , numb1120, E, EWTP,EOTP,EUST,EURT,Q,QOTR,TURT,TUST,B,GAZ,MAZUT,UGOL,PROCH, SNK, Snt from  [Юг2021];
"
"Газ по годам","2","TRANSFORM Sum([Станции(архив)].gaz) AS [Sum-gaz]
SELECT [Станции(архив)].numb1120
FROM [Станции(архив)]
WHERE ((([Станции(архив)].year)=2016 Or ([Станции(архив)].year)=2017 Or ([Станции(архив)].year)=2018 Or ([Станции(архив)].year)=2019 Or ([Станции(архив)].year)=2020 Or ([Станции(архив)].year)=2021))
GROUP BY [Станции(архив)].numb1120
ORDER BY [Станции(архив)].numb1120
PIVOT [Станции(архив)].Year;
"
"Год","2","UPDATE Станции99 SET Станции99.[YEAR] = 1999;
"
"Год ввода и КПД по группам оборудования","3","SELECT [Станции(архив)].numb1120, [Станции(архив)].name, Типы_оборудования.gruppa_oborud, Списки_агрегатов.[2023], Списки_агрегатов.Year AS yearin, [Станции(архив)].Year, Списки_агрегатов.stnumb, [Станции_для_сводной(архив)].nov_Belyaev, [Станции_для_сводной(архив)].KPD_el, [Станции_для_сводной(архив)].KPD, [Станции_для_сводной(архив)].KIUM, [Станции_для_сводной(архив)].oblname, [Станции_для_сводной(архив)].BLST_V, [Станции_для_сводной(архив)].W, [Станции_для_сводной(архив)].B, [Станции_для_сводной(архив)].obor
FROM [Станции_для_сводной(архив)] INNER JOIN (([Станции(архив)] INNER JOIN Списки_агрегатов ON [Станции(архив)].numb1120 = Списки_агрегатов.grcode) INNER JOIN Типы_оборудования ON [Станции(архив)].obor = Типы_оборудования.code) ON ([Станции_для_сводной(архив)].Year = [Станции(архив)].year) AND ([Станции_для_сводной(архив)].numb1120 = [Станции(архив)].numb1120)
WHERE (((Списки_агрегатов.[2023])>0) AND ((Списки_агрегатов.Year)<2024) AND (([Станции(архив)].Year)=2023) AND (([Станции_для_сводной(архив)].KPD_el)<100) AND ((Списки_агрегатов.ur)=1) AND (([Станции_для_сводной(архив)].W)>0) AND (([Станции_для_сводной(архив)].B)>0))
ORDER BY [Станции(архив)].numb1, Списки_агрегатов.stnumb;
"
"Год_режимы","3","SELECT First(Имена_станций.NAME) AS [First-NAME], [станции95(режимы)].NUMB, Sum([станции95(режимы)].Q) AS [Sum-Q], Имена_станций.ordnumb
FROM [станции95(режимы)] INNER JOIN Имена_станций ON [станции95(режимы)].NUMB=Имена_станций.NUMB
GROUP BY [станции95(режимы)].NUMB, Имена_станций.ordnumb
ORDER BY Имена_станций.ordnumb;
"
"Год_режимы_91","3","SELECT First(Имена_станций.NAME) AS [First-NAME], [станции91(режимы)].NUMB, Sum([станции91(режимы)].Q) AS [Sum-Q], Имена_станций.ordnumb
FROM [станции91(режимы)] INNER JOIN Имена_станций ON [станции91(режимы)].NUMB=Имена_станций.NUMB
GROUP BY [станции91(режимы)].NUMB, Имена_станций.ordnumb
ORDER BY Имена_станций.ordnumb;
"
"годовые-ОРГРЭС98","3","SELECT First(ОРГРЭС98.name) AS [First-name], ОРГРЭС98.NUMB, Avg(ОРГРЭС98.NUST) AS [Avg-NUST], Avg(ОРГРЭС98.NT) AS [Avg-NT], Sum(ОРГРЭС98.Q) AS [Sum-Q], Sum(ОРГРЭС98.QOTR) AS [Sum-QOTR]
FROM ОРГРЭС98
GROUP BY ОРГРЭС98.NUMB;
"
"Годы_в_столбцах","2","TRANSFORM Sum([Все_угли+показатели].data) AS [Sum-data]
SELECT Имена_станций.ordnumb, [Все_угли+показатели].numb1120, [Все_угли+показатели].toplcode, [Все_угли+показатели].oes, First(Классификтор_топлива.name) AS toplname, First(Имена_станций.NAME) AS name, First([Все_угли+показатели].obl) AS obl, First(Имена_ОЭС.name) AS oesname, First(Имена_областей.NAME) AS oblname
FROM ((([Все_угли+показатели] INNER JOIN Имена_станций ON [Все_угли+показатели].numb1120=Имена_станций.NUMB) INNER JOIN Классификтор_топлива ON [Все_угли+показатели].toplcode=Классификтор_топлива.code) INNER JOIN Имена_ОЭС ON [Все_угли+показатели].oes=Имена_ОЭС.oes) INNER JOIN Имена_областей ON [Все_угли+показатели].obl=Имена_областей.OBL
GROUP BY Имена_станций.ordnumb, [Все_угли+показатели].numb1120, [Все_угли+показатели].toplcode, [Все_угли+показатели].oes
ORDER BY Имена_станций.ordnumb, [Все_угли+показатели].toplcode
PIVOT [Все_угли+показатели].YEAR;
"
"Для_графиков_удельных","3","SELECT Весь_отчет.name, Весь_отчет.year, [ewtp]/[E]*100 AS p, Весь_отчет.eurt
FROM Весь_отчет
WHERE (((Весь_отчет.year)>1995) AND ((Весь_отчет.E)>0))
ORDER BY Весь_отчет.numb1, Весь_отчет.year;
"
"для_отчета","3","SELECT DISTINCTROW [Имена-итогов].NUMB1, First([Имена-итогов].NAME) AS NAME1, w.OES AS oes, w.OBL, w.YEAR, Sum(w.NUST) AS NUST, Sum(w.E) AS E, Sum(w.EOTP) AS EOTP, IIf([EOTP]>0,[EUST]/[EOTP]*1000,0) AS EURT, Sum(w.EUST) AS EUST, Sum(w.Q) AS Q, IIf([Q]>0,[TUST]/[Q]*1000,0) AS TURT, Sum(w.TUST) AS TUST, Sum(w.B) AS B, Sum(w.GAZ) AS GAZ, Sum(w.MAZUT) AS MAZUT, Sum(w.TORF) AS TORF, Sum(w.SLAN) AS SLAN, Sum(w.PROCH) AS PROCH, Sum(w.UGOL) AS UGOL, Sum(w.DON) AS DON, Sum(w.PODM) AS PODM, Sum(w.PECH) AS PECH, Sum(w.ARKT) AS ARKT, Sum(w.KUZN) AS KUZN, Sum(w.URAL) AS URAL, Sum(w.BASHK) AS BASHK, Sum(w.EKIB) AS EKIB, Sum(w.KARAG) AS KARAG, Sum(w.KAN) AS KAN, Sum(w.IRKUT) AS IRKUT, Sum(w.HAK) AS HAK, Sum(w.TUV) AS TUV, Sum(w.BUR) AS BUR, Sum(w.CHIT) AS CHIT, Sum(w.YAKUT) AS YAKUT, Sum(w.AMUR) AS AMUR, Sum(w.URG) AS URG, Sum(w.PRIM) AS PRIM, Sum(w.LUCH) AS LUCH, Sum(w.MAG) AS MAG, Sum(w.SAH) AS SAH, Sum(w.QOTR) AS QOTR, Sum(w.EWTP) AS EWTP, Sum(w.NT) AS NT, First(Имена_областей.NAME) AS oblname, First(Имена_ОЭС.name) AS oesname, Sum(d.nazar) AS nazar, Sum(d.ibor) AS ibor, Sum(d.berez) AS berez, Sum(d.per) AS per, Sum(d.gusin) AS gusin, Sum(d.tugn) AS tugn, Sum(d.azey) AS azey, Sum(d.cher) AS cher, Sum(d.vork) AS vork, Sum(d.int) AS [int], Sum(d.sver) AS sver, Sum(d.chel) AS chel, Sum(d.kizel) AS kizel, Sum(d.kuzngd) AS kuzngd, Sum(d.kuznt) AS kuznt, Sum(d.kuznss) AS kuznss, Sum(d.kuznun) AS kuznun
FROM (((Станции2017 AS w LEFT JOIN [Имена-итогов] ON w.VED=[Имена-итогов].VED) INNER JOIN Имена_ОЭС ON w.OES=Имена_ОЭС.oes) LEFT JOIN доп_угли2017 AS d ON (w.NUMB1120=d.NUMB1120) AND (w.YEAR=d.YEAR)) INNER JOIN Имена_областей ON w.OBL=Имена_областей.OBL
WHERE (((w.VED)>0) AND ((w.YEAR)=2014 Or (w.YEAR)=2015 Or (w.YEAR)=2016 Or (w.YEAR)=2017))
GROUP BY [Имена-итогов].NUMB1, w.OES, w.OBL, w.YEAR
HAVING ((([Имена-итогов].NUMB1)=1) AND ((w.YEAR)>0));
"
"Добавление в 1340","2","INSERT INTO [Приложения к приказу 1340] ( name, code, [year] )
SELECT [Приложения к приказу 1340].name, [Приложения к приказу 1340].code, 2023 AS [year]
FROM [Приложения к приказу 1340]
WHERE ((([Приложения к приказу 1340].[year])=2022));
"
"Добавление в Доп_угли(архив)_Аня","2","INSERT INTO [Доп_угли(архив)]
SELECT DISTINCTROW Доп_угли2024.*
FROM Доп_угли2024 LEFT JOIN [Доп_угли(архив)] ON Доп_угли2024.NUMB1120 = [Доп_угли(архив)].NUMB1120;
"
"Добавление в Удельные(архив)_Аня","2","INSERT INTO [Удельные(архив)]
SELECT DISTINCTROW Удельные2023.*
FROM Удельные2023 LEFT JOIN [Удельные(архив)] ON Удельные2023.NUMB1120 = [Удельные(архив)].NUMB1120;
"
"Добавление в Цена(архив)_Аня","2","INSERT INTO [Цена(архив)]
SELECT DISTINCTROW Цена2021.*
FROM Цена2021 LEFT JOIN [Цена(архив)] ON Цена2021.NUMB1120 = [Цена(архив)].NUMB1120;
"
"Добавление записей в Станции(архив)_Аня","2","INSERT INTO [Станции(архив)]
SELECT DISTINCTROW Станции2024.*
FROM Станции2024 LEFT JOIN [Станции(архив)] ON Станции2024.NUMB1120 = [Станции(архив)].numb1120;
"
"Добавление из Станции_Схема в Удельные_анализ","2","INSERT INTO Удельные_анализ ( E, eurt, [year], numb1120, D_ewtp, D_otr, name )
SELECT DISTINCTROW [Просмотр перспективных удельных].E, [Просмотр перспективных удельных].EURT, [Просмотр перспективных удельных].YEAR, [Просмотр перспективных удельных].NUMB1120, [Просмотр перспективных удельных].D_ewtp, [Просмотр перспективных удельных].D_otr, [Просмотр перспективных удельных].NAME
FROM Удельные_анализ INNER JOIN [Просмотр перспективных удельных] ON Удельные_анализ.numb1120=[Просмотр перспективных удельных].NUMB1120
WHERE ((([Просмотр перспективных удельных].YEAR)>2018));
"
"Добавление лет в Натуру_Аня","2","INSERT INTO Натура99 ( [YEAR], NUMB1120, NUMB1, OBL, OES, DEP, ER, VED1, NAME )
SELECT [Станции(Схема)].YEAR, [Станции(Схема)].NUMB1120, [Станции(Схема)].numb1, [Станции(Схема)].OBL, [Станции(Схема)].OES, [Станции(Схема)].DEP, [Станции(Схема)].ER, [Станции(Схема)].VED, [Станции(Схема)].NAME
FROM Натура99 INNER JOIN [Станции(Схема)] ON Натура99.NUMB1120=[Станции(Схема)].NUMB1120
WHERE ((([Станции(Схема)].YEAR)=2020) AND (([Станции(Схема)].UGOL)>0));
"
"Добавление_в_станции_из_оборуд","2","INSERT INTO Станции_из_оборудования ( Выражение1, numb1120 )
SELECT First(Имена_станций.NAME) AS [First-NAME], Турбины.numb1120
FROM (Турбины LEFT JOIN Станции_из_оборудования ON Турбины.numb1120=Станции_из_оборудования.numb1120) INNER JOIN Имена_станций ON Турбины.numb1120=Имена_станций.NUMB
WHERE (((Станции_из_оборудования.numb1120) Is Null))
GROUP BY Турбины.numb1120;
"
"Доля пром по отр","3","SELECT [Доля промышленности].OES, Теплопотребление_АО.Name, ([лдцб]/[пром]*100) AS dлдцб, ([топл]/[пром]*100) AS dтопл, ([хнх]/[пром]*100) AS dхнх, (([чмет]+([цмет]))/[пром]*100) AS dмет
FROM [Доля промышленности] LEFT JOIN Теплопотребление_АО ON [Доля промышленности].Name=Теплопотребление_АО.Name
WHERE (((Теплопотребление_АО.год)=""2004""))
ORDER BY [Доля промышленности].OES, Теплопотребление_АО.Name;
"
"Доля промышленности","2","TRANSFORM Avg([пром]/[потп]*100) AS dprom
SELECT Теплопотребление_АО.Name, Имена_областей.OES
FROM Теплопотребление_АО INNER JOIN Имена_областей ON Теплопотребление_АО.code=Имена_областей.OBL
GROUP BY Теплопотребление_АО.Name, Имена_областей.OES
ORDER BY Имена_областей.OES
PIVOT Теплопотребление_АО.год;
"
"Доля топлива в затратах на ээ","3","SELECT Затраты_2.NUMB1120, Имена_станций.NAME, [Затраты_2]![110]/[Затраты_2]![10] AS d_topl, [Затраты_2]![10]-[Затраты_2]![110] AS proch_zatr, Затраты_2.zatraty, Cost_ee.cena_e
FROM (Затраты_2 INNER JOIN Имена_станций ON Затраты_2.NUMB1120 = Имена_станций.NUMB) INNER JOIN Cost_ee ON Имена_станций.ordnumb = Cost_ee.ordnumb
WHERE (((Затраты_2.zatraty)="" Zatr_E""))
ORDER BY Имена_станций.ordnumb, Затраты_2.zatraty;
"
"Доп_угли(весь_отчет)","2","table [Доп_угли(архив)]
UNION table [Доп_угли2013];
"
"Доп_угли_10-17год_Катя","2","table  [Доп_угли2010]
UNION table [Доп_угли2011];
UNION table [Доп_угли2012];
UNION table [Доп_угли2013];
UNION table [Доп_угли2014];UNION table [Доп_угли2015];UNION table [Доп_угли2016];UNION table [Доп_угли2017];
"
"Доп_угли_1135_все_годы","2","SELECT DISTINCTROW [Доп_угли_1135(до_2005)].*
FROM [Доп_угли_1135(до_2005)]
UNION SELECT DISTINCTROW [Доп_угли_1135].*
FROM [Доп_угли_1135]
where(year>1999);
"
"Доп_угли_99-2001","2","SELECT YEAR,nazar,ibor, berez,per, gusin,tugn, azey,cher,jer,vork,int,sver,chel,kizel,NUMB1120
FROM [Доп_угли(архив)]
UNION SELECT YEAR,nazar,ibor, berez, per,gusin,tugn, azey,cher,jer,vork,int,sver,chel,kizel,NUMB1120
FROM Доп_угли2003;
"
"Доп_угли90+98+99+2000+2001","2","SELECT [Доп_угли(архив)].*
FROM [Доп_угли(архив)]
where year=1990 or year=1998 or year=1999
union
SELECT [Доп_угли2000].*
FROM [Доп_угли2000]
UNION SELECT [Доп_угли2001].*
FROM [Доп_угли2001];
"
"Доп_угли99-2000","3","SELECT YEAR, nazar, ibor, berez, per, gusin, tugn, azey, cher, vork, int, sver, chel, kizel, NUMB1120
FROM [Доп_угли(архив)];
"
"Европ_угли","2","SELECT w.NAME AS NAME, YEAR,numb1120,oes,obl, DON AS data, 6  AS toplcode
FROM [Рабочий(станции)] AS w
WHERE (((DON)>0))
union
SELECT w.NAME AS NAME, YEAR,numb1120,oes,obl,pech AS data, 7.5  AS toplcode
FROM [Рабочий(станции)] AS w
WHERE (((pech)>0))
union
SELECT d.NAME AS NAME, YEAR,numb1120,oes,obl,vork AS data, 8  AS toplcode
FROM [Рабочий(доп_угли)] AS d
WHERE (((d.vork)>0))
union
SELECT d.NAME AS NAME, YEAR,numb1120,oes,obl,intin  AS data, 9  AS toplcode
FROM [Рабочий(доп_угли)] AS d
WHERE (((intin)>0))
union
SELECT w.NAME AS NAME,YEAR,numb1120,oes,obl, podm AS data,7  AS toplcode
FROM [Рабочий(станции)] AS w
WHERE (((podm)>0))
union
SELECT w.NAME AS NAME, YEAR, numb1120,oes,obl,ural AS data,10.5  AS toplcode
FROM [Рабочий(станции)] AS w
WHERE (((ural)>0))
union
SELECT d.NAME AS NAME, YEAR,numb1120,oes,obl,sver  AS data, 11 AS toplcode
FROM [Рабочий(доп_угли)] AS d
WHERE (((d.sver)>0))
union
SELECT d.NAME AS NAME, YEAR,numb1120,oes,obl,chel  AS data, 12 AS toplcode
FROM [Рабочий(доп_угли)] AS d
WHERE (((d.chel)>0))
union
SELECT d.NAME AS NAME, YEAR,numb1120,oes,obl,kizel  AS data, 13 AS toplcode
FROM [Рабочий(доп_угли)] AS d
WHERE (((d.kizel)>0))
union
SELECT w.NAME AS NAME,YEAR,numb1120,oes,obl, bashk AS data, 14 AS toplcode
FROM [Рабочий(станции)] AS w
WHERE (((bashk)>0))
union
SELECT w.NAME AS NAME,YEAR,numb1120,oes,obl,kazah AS data, 15 AS toplcode
FROM [Рабочий(станции)] AS w
WHERE (((kazah)>0))
UNION SELECT w.NAME AS NAME,YEAR,numb1120,oes,obl, karag AS data, 16 AS toplcode
FROM [Рабочий(станции)] AS w
WHERE (((karag)>0));
"
"Замена_многоточий","2","UPDATE Списки_агрегатов INNER JOIN Имена_станций ON Списки_агрегатов.stcode=Имена_станций.NUMB SET Списки_агрегатов.name = repstring(Списки_агрегатов!name,""..."",Format(maxval([2001],[2002],[2003],[2004],[2005],[2010],[2015],[2020]),""#""))
WHERE (((InStr(Списки_агрегатов!name,""...""))>0));
"
"Замена_Т","2","UPDATE Списки_агрегатов SET Списки_агрегатов.name = repstring([name],""T"",""Т"")
WHERE (((InStr([name],""T""))>0));
"
"Запись_показателей_ОРГРЭС","2","UPDATE Разбивка2002 INNER JOIN Рабочая_ОРГРЭС ON Разбивка2002.NUMB1120=Рабочая_ОРГРЭС.Code SET Разбивка2002.SNt = IIf([q]>0,(Рабочая_ОРГРЭС!Value/1000)/[Q]*1000,0);
"
"Заполнение gaz_prir","2","UPDATE [Доп_угли(архив)] AS DOP INNER JOIN [Станции(архив)] AS STAN ON (DOP.YEAR = STAN.YEAR) AND (DOP.NUMB1120 = STAN.NUMB1120) SET DOP.gaz_prir = IIf([STAN]![GAZ]>0,IIf([DOP]![gazpp]>0,[STAN]![GAZ]-[DOP]![gazpp],[STAN]![GAZ]),0)
WHERE ((([DOP]![YEAR])=2017));
"
"Заполнение_тепловых_мощностей","2","UPDATE (Списки_агрегатов LEFT JOIN Турбины ON (Списки_агрегатов.stcode=Турбины.numb1120) AND (Списки_агрегатов.stnumb=Турбины.stnumb)) LEFT JOIN Тепловые_мощности ON Списки_агрегатов.name=Тепловые_мощности.typename SET Списки_агрегатов.nt = IIf(Списки_агрегатов!year<2000,Турбины!nt,IIf(Турбины!opesname=Списки_агрегатов!name,Турбины!nt,Тепловые_мощности!nt));
"
"Заполнение-разбивки","2","INSERT INTO Разбивка ( NAME, numb1120 )
SELECT Имена_станций.NAME, Имена_станций.NUMB
FROM Имена_станций, Станции98
WHERE (((Имена_станций.MAIN)>0));
"
"Запрос угли 2000","3","SELECT Станции2000.NAME AS Выражение1, Станции2000.UGOL AS Выражение2, Станции2000.DON AS Выражение3, Станции2000.PODM AS Выражение4, Станции2000.ARKT AS Выражение5, Станции2000.KUZN AS Выражение6, Доп_угли2000.sver, Доп_угли2000.chel, Доп_угли2000.kizel, Станции2000.BASHK AS Выражение7, Станции2000.EKIB AS Выражение8, Станции2000.KARAG AS Выражение9, Доп_угли2000.nazar, Доп_угли2000.ibor, Доп_угли2000.berez, Доп_угли2000.azey, Доп_угли2000.cher, Доп_угли2000.vork, Доп_угли2000.int, Станции2000.HAK AS Выражение10, Станции2000.TUV AS Выражение11, Станции2000.BUR AS Выражение12, Станции2000.CHIT AS Выражение13, Станции2000.NER AS Выражение14, Станции2000.RAICH AS Выражение15, Станции2000.URG AS Выражение16, Станции2000.PRIM AS Выражение17, Станции2000.LUCH AS Выражение18, Станции2000.MAG AS Выражение19, Станции2000.SAH AS Выражение20
FROM Станции2000, Доп_угли2000
WHERE (((Станции2000.OBOR) Is Null))
ORDER BY Станции2000.OES;
"
"Запрос1","3","SELECT Станции2001.numb1, Станции2001.NAME, Станции2001.UGOL, Станции2001.DON, Станции2001.PODM, Станции2001.ARKT, Станции2001.PECH, Станции2001.KUZN, Станции2001.URAL, Станции2001.BASHK, Станции2001.EKIB, Станции2001.KARAG, Станции2001.KAN, Станции2001.IRKUT, Станции2001.HAK, Станции2001.TUV, Станции2001.BUR, Станции2001.CHIT, Станции2001.NER AS Выражение1, Станции2001.RAICH AS Выражение2, Станции2001.URG, Станции2001.PRIM, Станции2001.LUCH, Станции2001.SAH, Станции2001.MAG
FROM Станции2001
WHERE (((Станции2001.UGOL)>0))
ORDER BY Станции2001.numb1;
"
"Запрос2","2","TRANSFORM Sum([Станции(архив)].nt) AS [Sum-nt]
SELECT [Станции(архив)].numb1, [Станции(архив)].name
FROM [Станции(архив)]
WHERE ((([Станции(архив)].year)=1990 Or ([Станции(архив)].year)=1998) AND (([Станции(архив)].oes)=5))
GROUP BY [Станции(архив)].numb1, [Станции(архив)].name
PIVOT [Станции(архив)].year;
"
"Запрос3","3","SELECT Таблица1.Name, Имена_станций.OBL, Имена_областей.NAME
FROM (Таблица1 INNER JOIN Имена_станций ON Таблица1.Name=Имена_станций.NAME) INNER JOIN Имена_областей ON Имена_станций.OBL=Имена_областей.OBL;
"
"Запрос4","3","SELECT [EWTP по годам].name, [EWTP по годам].numb1, [EWTP по годам].[1990], [EWTP по годам].[2004]
FROM [EWTP по годам]
WHERE ((([EWTP по годам].[1990])>0) AND (([EWTP по годам].[2004]) Is Null));
"
"Запрос5","3","SELECT Sum(Станции2005.NUST) AS [Sum-NUST], Sum(Станции2005.EUST) AS [Sum-EUST], Sum(Станции2005.EOTP) AS [Sum-EOTP]
FROM Станции2005
WHERE (((Станции2005.VED)=2 Or (Станции2005.VED)=3) AND ((Abs(z([gaz])+z([mazut])-z([b])))<1));
"
"Имена_ПГУ","2","UPDATE Списки_агрегатов INNER JOIN Имена_станций ON Списки_агрегатов.stcode=Имена_станций.NUMB SET Списки_агрегатов.name = Списки_агрегатов!name & ""-"" & Format(maxval([2001],[2002],[2003],[2004],[2005],[2010],[2015],[2020]),""#"")
WHERE (((InStr(Списки_агрегатов!name,""ПГУ""))>""0"") And ((InStr(Списки_агрегатов!name,""-""))=""0""));
"
"'Имена_станций1' без подчиненных в 'Имена_станций'","3","SELECT Имена_станций1.NAME, Имена_станций1.NUMB
FROM Имена_станций1 LEFT JOIN Имена_станций ON Имена_станций1.[NUMB] = Имена_станций.[NUMB]
WHERE (((Имена_станций.NUMB) Is Null));
"
"Количество агрегатов по группам","2","SELECT 
  Списки_агрегатов.grcode,
  First(Списки_агрегатов.stcode) AS [First-stcode],
  2023 AS Год,
  Count(Списки_агрегатов.[2023]) AS Количество
FROM Списки_агрегатов
WHERE Списки_агрегатов.ur = 1 AND Списки_агрегатов.[2023] > 0
GROUP BY Списки_агрегатов.grcode

UNION ALL

SELECT 
  Списки_агрегатов.grcode,
  First(Списки_агрегатов.stcode),
  2022,
  Count(Списки_агрегатов.[2022])
FROM Списки_агрегатов
WHERE Списки_агрегатов.ur = 1 AND Списки_агрегатов.[2022] > 0
GROUP BY Списки_агрегатов.grcode

UNION ALL

SELECT 
  Списки_агрегатов.grcode,
  First(Списки_агрегатов.stcode),
  2021,
  Count(Списки_агрегатов.[2021])
FROM Списки_агрегатов
WHERE Списки_агрегатов.ur = 1 AND Списки_агрегатов.[2021] > 0
GROUP BY Списки_агрегатов.grcode

UNION ALL

SELECT 
  Списки_агрегатов.grcode,
  First(Списки_агрегатов.stcode),
  2020,
  Count(Списки_агрегатов.[2020])
FROM Списки_агрегатов
WHERE Списки_агрегатов.ur = 1 AND Списки_агрегатов.[2020] > 0
GROUP BY Списки_агрегатов.grcode

UNION ALL

SELECT 
  Списки_агрегатов.grcode,
  First(Списки_агрегатов.stcode),
  2019,
  Count(Списки_агрегатов.[2019])
FROM Списки_агрегатов
WHERE Списки_агрегатов.ur = 1 AND Списки_агрегатов.[2019] > 0
GROUP BY Списки_агрегатов.grcode

UNION ALL SELECT 
  Списки_агрегатов.grcode,
  First(Списки_агрегатов.stcode),
  2018,
  Count(Списки_агрегатов.[2018])
FROM Списки_агрегатов
WHERE Списки_агрегатов.ur = 1 AND Списки_агрегатов.[2018] > 0
GROUP BY Списки_агрегатов.grcode

UNION ALL SELECT 
  Списки_агрегатов.grcode,
  First(Списки_агрегатов.stcode),
  2017,
  Count(Списки_агрегатов.[2017])
FROM Списки_агрегатов
WHERE Списки_агрегатов.ur = 1 AND Списки_агрегатов.[2017] > 0
GROUP BY Списки_агрегатов.grcode;
"
"Копирование коэффициентов натуры по gaz_prir, maztop","2","UPDATE Натура99 SET Натура99.gaz_prir = [Натура99]![GAZ], Натура99.maztop = [Натура99]![MAZUT]
WHERE (((Натура99.YEAR)>2009));
"
"Копирование показателей","2","UPDATE Станции2009 INNER JOIN Станции_ЕНЭС ON (Станции2009.YEAR=Станции_ЕНЭС.YEAR) AND (Станции2009.NUMB1120=Станции_ЕНЭС.NUMB1120) SET Станции2009.E = Станции_ЕНЭС!E, Станции2009.Q = Станции_ЕНЭС!Q
WHERE (((Станции_ЕНЭС.YEAR)=2009));
"
"Копирование Стации в Доп_угли","2","UPDATE [Доп_угли(архив)] INNER JOIN [Станции(архив)] ON ([Доп_угли(архив)].YEAR=[Станции(архив)].year) AND ([Доп_угли(архив)].NUMB1120=[Станции(архив)].numb1120) SET [Доп_угли(архив)].bikin = [Станции(архив)]!luch;
"
"Макс_код_линии","3","SELECT перетоки_табл.oes, Max(перетоки_табл.id) AS [Max-id]
FROM перетоки_табл
GROUP BY перетоки_табл.oes;
"
"Макс_уголь","3","SELECT First(Имена_станций.NAME) AS [First-NAME], Max(Станции_89_2000.ugol) AS [Max-ugol], Станции_89_2000.NUMB1120, Имена_станций.ordnumb
FROM Станции_89_2000 INNER JOIN Имена_станций ON Станции_89_2000.NUMB1120=Имена_станций.NUMB
WHERE (((Станции_89_2000.ER)=11 Or (Станции_89_2000.ER)=12) AND ((Имена_станций.MAIN)=0 Or (Имена_станций.MAIN) Is Null))
GROUP BY Станции_89_2000.NUMB1120, Имена_станций.ordnumb
HAVING (((Max(Станции_89_2000.ugol))>0));
"
"Макс_уголь+угли2000","3","SELECT Макс_уголь.[First-NAME], Макс_уголь.[Max-ugol], Станции2000.UGOL AS Выражение1, Станции2000.DON AS Выражение2, Станции2000.PODM AS Выражение3, Станции2000.PECH AS Выражение4, Станции2000.ARKT AS Выражение5, Станции2000.KUZN AS Выражение6, Станции2000.URAL AS Выражение7, Станции2000.BASHK AS Выражение8, Станции2000.EKIB AS Выражение9, Станции2000.KARAG AS Выражение10, Станции2000.KAN AS Выражение11, Станции2000.IRKUT AS Выражение12, Станции2000.HAK AS Выражение13, Станции2000.TUV AS Выражение14, Станции2000.BUR AS Выражение15, Станции2000.CHIT AS Выражение16, Станции2000.NER AS Выражение17, Станции2000.RAICH AS Выражение18, Станции2000.URG AS Выражение19, Станции2000.PRIM AS Выражение20, Станции2000.LUCH AS Выражение21, Станции2000.MAG AS Выражение22, Станции2000.SAH AS Выражение23, Доп_угли2000.nazar, Доп_угли2000.ibor, Доп_угли2000.berez, Доп_угли2000.per, Доп_угли2000.gusin, Доп_угли2000.tugn, Доп_угли2000.azey, Доп_угли2000.cher, Доп_угли2000.vork, Доп_угли2000.int, Доп_угли2000.sver, Доп_угли2000.chel, Доп_угли2000.kizel, Макс_уголь.ordnumb, Станции2000.NUMB1120 AS Выражение24
FROM Макс_уголь, Станции2000, Доп_угли2000
ORDER BY Макс_уголь.ordnumb;
"
"Натура_по_углям_1(2004)","3","SELECT Имена_станций.NAME, u.NUMB1120, u.YEAR, u.topl, u.pertop, u.rtop, n.koeff, Классификтор_топлива.koeff AS avkoeff, [rtop]/IIf(n.koeff>0,n.koeff,[avkoeff]) AS rtopn, IIf([ved]>0,0,1) AS sost, IIf([main]>0,1,0) AS [group], Имена_станций.OBL, Имена_станций.OES, Имена_областей.NAME AS oblname, Имена_ОЭС.name AS oesname
FROM ((((Станции_по_углям_2_2004 AS u LEFT JOIN [Станции_по_углям_2(натура)] AS n ON (u.topl=n.topl) AND (u.YEAR=n.YEAR) AND (u.NUMB1120=n.NUMB1120)) LEFT JOIN Классификтор_топлива ON u.topl=Классификтор_топлива.name) INNER JOIN Имена_станций ON u.NUMB1120=Имена_станций.NUMB) INNER JOIN Имена_областей ON Имена_станций.OBL=Имена_областей.OBL) INNER JOIN Имена_ОЭС ON Имена_станций.OES=Имена_ОЭС.oes
WHERE (((u.YEAR)>1998) AND ((u.topl)<>""газ""));
"
"Натура_по_углям_1(архив)","3","SELECT Имена_станций.NAME, u.NUMB1120, u.YEAR, u.topl, u.pertop, u.rtop, n.koeff, Классификтор_топлива.koeff AS avkoeff, [rtop]/IIf(n.koeff>0,n.koeff,[avkoeff]) AS rtopn, IIf([ved]>0,0,1) AS sost, IIf([main]>0,1,0) AS [group], Имена_станций.OBL, Имена_станций.OES, Имена_областей.NAME AS oblname, Имена_ОЭС.name AS oesname
FROM (((([Станции_по_углям_1(архив)] AS u LEFT JOIN [Станции_по_углям_1(натура)] AS n ON (u.NUMB1120=n.NUMB1120) AND (u.YEAR=n.YEAR) AND (u.topl=n.topl)) LEFT JOIN Классификтор_топлива ON u.topl=Классификтор_топлива.name) INNER JOIN Имена_станций ON u.NUMB1120=Имена_станций.NUMB) INNER JOIN Имена_областей ON Имена_станций.OBL=Имена_областей.OBL) INNER JOIN Имена_ОЭС ON Имена_станций.OES=Имена_ОЭС.oes
WHERE (((u.YEAR)>1998));
"
"Натура_по_углям_2(2004)","3","SELECT Имена_станций.NAME, u.NUMB1120, u.YEAR, u.topl, u.pertop, u.rtop, n.koeff, Классификтор_топлива.koeff AS avkoeff, [rtop]/IIf(n.koeff>0,n.koeff,[avkoeff]) AS rtopn, IIf([ved]>0,0,1) AS sost, IIf([main]>0,1,0) AS [group], Имена_станций.OBL, Имена_станций.OES, Имена_областей.NAME AS oblname, Имена_ОЭС.name AS oesname
FROM ((((Станции_по_углям_2_2004 AS u LEFT JOIN [Станции_по_углям_2(натура)] AS n ON (u.NUMB1120=n.NUMB1120) AND (u.YEAR=n.YEAR) AND (u.topl=n.topl)) LEFT JOIN Классификтор_топлива ON u.topl=Классификтор_топлива.name) INNER JOIN Имена_станций ON u.NUMB1120=Имена_станций.NUMB) INNER JOIN Имена_областей ON Имена_станций.OBL=Имена_областей.OBL) INNER JOIN Имена_ОЭС ON Имена_станций.OES=Имена_ОЭС.oes
WHERE (((u.YEAR)>1998) AND ((u.topl)<>""газ""));
"
"Натура_по_углям_2(архив)","3","SELECT Имена_станций.NAME, u.NUMB1120, u.YEAR, u.topl, u.pertop, u.rtop, n.koeff, Классификтор_топлива.koeff AS avkoeff, [rtop]/IIf(n.koeff>0,n.koeff,[avkoeff]) AS rtopn, IIf([ved]>0,0,1) AS sost, IIf([main]>0,1,0) AS [group], Имена_станций.OBL, Имена_станций.OES, Имена_областей.NAME AS oblname, Имена_ОЭС.name AS oesname
FROM (((([Станции_по_углям_2(архив)] AS u LEFT JOIN [Станции_по_углям_2(натура)] AS n ON (u.NUMB1120=n.NUMB1120) AND (u.YEAR=n.YEAR) AND (u.topl=n.topl)) LEFT JOIN Классификтор_топлива ON u.topl=Классификтор_топлива.name) INNER JOIN Имена_станций ON u.NUMB1120=Имена_станций.NUMB) INNER JOIN Имена_областей ON Имена_станций.OBL=Имена_областей.OBL) INNER JOIN Имена_ОЭС ON Имена_станций.OES=Имена_ОЭС.oes
WHERE (((u.YEAR)>1998));
"
"Несоответствие_ОПЭС-ОТЭТ","3","SELECT Списки_агрегатов.stcodeopes, First(ОПЭС.имя) AS [First-имя]
FROM Списки_агрегатов, ОПЭС
WHERE (((Списки_агрегатов.stcode)=0))
GROUP BY Списки_агрегатов.stcodeopes;
"
"Новые коды obor в Станции_Аня","2","UPDATE Имена_станций INNER JOIN Станции2010 ON Имена_станций.NUMB = Станции2010.NUMB1120 SET Станции2010.OBOR = [Имена_станций]![тип]
WHERE (([Имена_станций]![тип]=24)) OR (([Имена_станций]![тип]=23));
"
"Области(всего)","3","SELECT DISTINCTROW w.OES, w.YEAR, Sum(w.NUST) AS NUST, Sum(w.E) AS E, Sum(w.EOTP) AS EOTP, IIf([EOTP]>0,[EUST]/[EOTP]*1000,0) AS EURT, Sum(w.EUST) AS EUST, Sum(w.Q) AS Q, IIf([Q]>0,[TUST]/[Q]*1000,0) AS TURT, Sum(w.TUST) AS TUST, Sum(w.B) AS B, Sum(w.GAZ) AS GAZ, Sum(w.MAZUT) AS MAZUT, Sum(w.TORF) AS TORF, Sum(w.SLAN) AS SLAN, Sum(w.gtt) AS GTT, Sum(w.PROCH) AS PROCH, Sum(w.UGOL) AS UGOL, Sum(w.DON) AS DON, Sum(w.PODM) AS PODM, Sum(w.PECH) AS PECH, Sum(w.ARKT) AS ARKT, Sum(w.KUZN) AS KUZN, Sum(w.URAL) AS URAL, Sum(w.BASHK) AS BASHK, Sum(w.ekib) AS EKIB, Sum(w.KARAG) AS KARAG, Sum(w.KAN) AS KAN, Sum(w.IRKUT) AS IRKUT, Sum(w.HAK) AS HAK, Sum(w.TUV) AS TUV, Sum(w.BUR) AS BUR, Sum(w.CHIT) AS CHIT, Sum(w.ner) AS NER, Sum(w.raich) AS RAICH, Sum(w.URG) AS URG, Sum(w.PRIM) AS PRIM, Sum(w.LUCH) AS LUCH, Sum(w.MAG) AS MAG, Sum(w.SAH) AS SAH, Sum(IIf(w.year=1990,0,w.qotr)) AS QOTR, Sum(IIf(w.year=1990,0,w.ewtp)) AS EWTP, Sum(w.NT) AS NT, First(Имена_ОЭС.name) AS oesname, Sum(wd.nazar) AS nazar, Sum(wd.ibor) AS ibor, Sum(wd.berez) AS berez, Sum(wd.per) AS per, Sum(wd.gusin) AS gusin, Sum(wd.tugn) AS tugn, Sum(wd.azey) AS azey, Sum(wd.cher) AS cher, Sum(wd.vork) AS vork, Sum(wd.int) AS [int], Sum(wd.sver) AS sver, Sum(wd.chel) AS chel, Sum(wd.kizel) AS kizel, Sum(wd.kuzngd) AS kuzngd, Sum(wd.kuznt) AS kuznt, Sum(wd.kuznss) AS kuznss, Sum(wd.kuznun) AS kuznun, First(Имена_областей.АО) AS oblname, w.OBL, 0 AS tt, 0 AS kt
FROM (([Рабочий(станции)] AS w INNER JOIN Имена_ОЭС ON w.OES=Имена_ОЭС.oes) LEFT JOIN [Рабочий(доп_угли)] AS wd ON (w.YEAR=wd.YEAR) AND (w.NUMB1120=wd.NUMB1120)) INNER JOIN Имена_областей ON w.OBL=Имена_областей.OBL
WHERE (((w.VED)>0))
GROUP BY w.OES, w.YEAR, w.OBL, 0
HAVING (((w.YEAR)>0));
"
"Области(Всего+по-вед)","3","SELECT DISTINCTROW First([Имена-итогов].NAME) AS NAME, [Рабочий(станции)].OBL, [Рабочий(станции)].OES, [Имена-итогов].NUMB1, [Рабочий(станции)].YEAR, Sum([Рабочий(станции)].NUST) AS NUST, Sum([Рабочий(станции)].E) AS E, Sum([Рабочий(станции)].EOTP) AS EOTP, IIf([EOTP]>0,[EUST]/[EOTP]*1000,0) AS EURT, Sum([Рабочий(станции)].EUST) AS EUST, Sum([Рабочий(станции)].Q) AS Q, IIf([Q]>0,[TUST]/[Q]*1000,0) AS TURT, Sum([Рабочий(станции)].TUST) AS TUST, Sum([Рабочий(станции)].B) AS B, Sum([Рабочий(станции)].GAZ) AS GAZ, Sum([Рабочий(станции)].MAZUT) AS MAZUT, Sum([Рабочий(станции)].TORF) AS TORF, Sum([Рабочий(станции)].SLAN) AS SLAN, Sum([Рабочий(станции)].GTT) AS GTT, Sum([Рабочий(станции)].PROCH) AS PROCH, Sum([Рабочий(станции)].UGOL) AS UGOL, Sum([Рабочий(станции)].DON) AS DON, Sum([Рабочий(станции)].PODM) AS PODM, Sum([Рабочий(станции)].PECH) AS PECH, Sum([Рабочий(станции)].ARKT) AS ARKT, Sum([Рабочий(станции)].KUZN) AS KUZN, Sum([Рабочий(станции)].URAL) AS URAL, Sum([Рабочий(станции)].BASHK) AS BASHK, Sum([Рабочий(станции)].EKIB) AS EKIB, Sum([Рабочий(станции)].KARAG) AS KARAG, Sum([Рабочий(станции)].KAN) AS KAN, Sum([Рабочий(станции)].IRKUT) AS IRKUT, Sum([Рабочий(станции)].HAK) AS HAK, Sum([Рабочий(станции)].TUV) AS TUV, Sum([Рабочий(станции)].BUR) AS BUR, Sum([Рабочий(станции)].CHIT) AS CHIT, Sum([Рабочий(станции)].NER) AS NER, Sum([Рабочий(станции)].RAICH) AS RAICH, Sum([Рабочий(станции)].URG) AS URG, Sum([Рабочий(станции)].PRIM) AS PRIM, Sum([Рабочий(станции)].LUCH) AS LUCH, Sum([Рабочий(станции)].MAG) AS MAG, Sum([Рабочий(станции)].SAH) AS SAH, Sum([Рабочий(станции)].QOTR) AS QOTR, Sum([Рабочий(станции)].EWTP) AS EWTP, Sum([Рабочий(станции)].NT) AS NT, First([Рабочий(станции)].OES) AS OES, Sum([Рабочий(доп_угли)].nazar) AS nazar, Sum([Рабочий(доп_угли)].ibor) AS ibor, Sum([Рабочий(доп_угли)].berez) AS berez, Sum([Рабочий(доп_угли)].gusin) AS gusin, Sum([Рабочий(доп_угли)].tugn) AS tugn, Sum([Рабочий(доп_угли)].azey) AS azey, Sum([Рабочий(доп_угли)].cher) AS cher, Sum([Рабочий(доп_угли)].vork) AS vork, Sum([Рабочий(доп_угли)].int) AS [int], Sum([Рабочий(доп_угли)].sver) AS sver, Sum([Рабочий(доп_угли)].chel) AS chel, Sum([Рабочий(доп_угли)].kizel) AS kizel
FROM ([Рабочий(станции)] LEFT JOIN [Имена-итогов] ON [Рабочий(станции)].VED=[Имена-итогов].VED) LEFT JOIN [Рабочий(доп_угли)] ON ([Рабочий(станции)].YEAR=[Рабочий(доп_угли)].YEAR) AND ([Рабочий(станции)].NUMB1120=[Рабочий(доп_угли)].NUMB1120)
WHERE ((([Рабочий(станции)].VED)>0))
GROUP BY [Рабочий(станции)].OBL, [Рабочий(станции)].OES, [Имена-итогов].NUMB1, [Рабочий(станции)].YEAR;
"
"Области(КЭС/ТЭЦ)","3","SELECT DISTINCTROW w.OES, w.YEAR, Sum(w.NUST) AS NUST, Sum(w.E) AS E, Sum(w.EOTP) AS EOTP, IIf([EOTP]>0,[EUST]/[EOTP]*1000,0) AS EURT, Sum(w.EUST) AS EUST, Sum(w.Q) AS Q, IIf([Q]>0,[TUST]/[Q]*1000,0) AS TURT, Sum(w.TUST) AS TUST, Sum(w.B) AS B, Sum(w.GAZ) AS GAZ, Sum(w.MAZUT) AS MAZUT, Sum(w.TORF) AS TORF, Sum(w.SLAN) AS SLAN, Sum(w.gtt) AS GTT, Sum(w.PROCH) AS PROCH, Sum(w.UGOL) AS UGOL, Sum(w.DON) AS DON, Sum(w.PODM) AS PODM, Sum(w.PECH) AS PECH, Sum(w.ARKT) AS ARKT, Sum(w.KUZN) AS KUZN, Sum(w.URAL) AS URAL, Sum(w.BASHK) AS BASHK, Sum(w.ekib) AS EKIB, Sum(w.KARAG) AS KARAG, Sum(w.KAN) AS KAN, Sum(w.IRKUT) AS IRKUT, Sum(w.HAK) AS HAK, Sum(w.TUV) AS TUV, Sum(w.BUR) AS BUR, Sum(w.CHIT) AS CHIT, Sum(w.ner) AS NER, Sum(w.raich) AS RAICH, Sum(w.URG) AS URG, Sum(w.PRIM) AS PRIM, Sum(w.LUCH) AS LUCH, Sum(w.MAG) AS MAG, Sum(w.SAH) AS SAH, Sum(IIf(w.year=1990,0,w.qotr)) AS QOTR, Sum(IIf(w.year=1990,0,w.ewtp)) AS EWTP, Sum(w.NT) AS NT, First(Имена_ОЭС.name) AS oesname, Sum(wd.nazar) AS nazar, Sum(wd.ibor) AS ibor, Sum(wd.berez) AS berez, Sum(wd.per) AS per, Sum(wd.gusin) AS gusin, Sum(wd.tugn) AS tugn, Sum(wd.azey) AS azey, Sum(wd.cher) AS cher, Sum(wd.vork) AS vork, Sum(wd.int) AS [int], Sum(wd.sver) AS sver, Sum(wd.chel) AS chel, Sum(wd.kizel) AS kizel, Sum(wd.kuzngd) AS kuzngd, Sum(wd.kuznt) AS kuznt, Sum(wd.kuznss) AS kuznss, Sum(wd.kuznun) AS kuznun, First(Имена_областей.АО) AS oblname, w.OBL, 0 AS tt, IIf([obor]=1,1,IIf([obor]=94,2,3)) AS kt
FROM ((([Рабочий(станции)] AS w INNER JOIN Имена_ОЭС ON w.OES=Имена_ОЭС.oes) LEFT JOIN [Рабочий(доп_угли)] AS wd ON (w.YEAR=wd.YEAR) AND (w.NUMB1120=wd.NUMB1120)) INNER JOIN Имена_областей ON w.OBL=Имена_областей.OBL) INNER JOIN Имена_станций ON w.NUMB1120=Имена_станций.NUMB
WHERE (((w.VED)>0))
GROUP BY w.OES, w.YEAR, w.OBL, IIf([obor]=1,1,IIf([obor]=94,2,3))
HAVING (((w.YEAR)>0));
"
"Обновление 2021 года из балансов ЦДУ","2","UPDATE Станции2021 LEFT JOIN Рабочий2021 ON Станции2021.NUMB1120 = Рабочий2021.numb1120 SET Станции2021.E = [Рабочий2021]![E], Станции2021.EOTP = [Рабочий2021]![EOTP], Станции2021.EURT = [Рабочий2021]![EURT], Станции2021.EUST = [Рабочий2021]![EUST], Станции2021.Q = [Рабочий2021]![Q], Станции2021.TURT = [Рабочий2021]![TURT], Станции2021.TUST = [Рабочий2021]![TUST], Станции2021.B = [Рабочий2021]![B], Станции2021.GAZ = [Рабочий2021]![GAZ], Станции2021.MAZUT = [Рабочий2021]![MAZUT], Станции2021.PROCH = [Рабочий2021]![PROCH], Станции2021.UGOL = [Рабочий2021]![UGOL], Станции2021.QOTR = [Рабочий2021]![QOTR], Станции2021.SNK = [Рабочий2021]![SNK], Станции2021.SNt = [Рабочий2021]![Snt], Станции2021.EWTP = [Рабочий2021]![EWTP];
"
"Обновление EES из Станции(архив)","2","UPDATE Станции2018 INNER JOIN [Станции(архив)] ON (Станции2018.NUMB1120=[Станции(архив)].numb1120) AND (Станции2018.YEAR=[Станции(архив)].year) SET Станции2018.EES = [Станции(архив)]!EES;
"
"Обновление записей в Станции(архив)","2","UPDATE [Станции(архив)] INNER JOIN Станции2020 AS St ON ([Станции(архив)].numb1120 = St.NUMB1120) AND ([Станции(архив)].year = St.YEAR) SET [Станции(архив)].name = St!name, [Станции(архив)].nust = St!nust, [Станции(архив)].nr = St!nr, [Станции(архив)].E = St!e, [Станции(архив)].eotp = St!eotp, [Станции(архив)].eurt = St!eurt, [Станции(архив)].eust = St!eust, [Станции(архив)].Q = St!q, [Станции(архив)].turt = St!turt, [Станции(архив)].tust = St!tust, [Станции(архив)].B = St!b, [Станции(архив)].gaz = St!gaz, [Станции(архив)].isk_gaz = St!isk_gaz, [Станции(архив)].mazut = St!mazut, [Станции(архив)].torf = St!torf, [Станции(архив)].slan = St!slan, [Станции(архив)].proch = St!proch, [Станции(архив)].ugol = St!ugol, [Станции(архив)].don = St!don, [Станции(архив)].podm = St!podm, [Станции(архив)].pech = St!pech, [Станции(архив)].arkt = St!arkt, [Станции(архив)].kuzn = St!kuzn, [Станции(архив)].ural = St!ural, [Станции(архив)].bashk = St!bashk, [Станции(архив)].kazah = St!kazah, [Станции(архив)].kan = St!kan, [Станции(архив)].tung = St!tung, [Станции(архив)].irkut = St!irkut, [Станции(архив)].hak = St!hak, [Станции(архив)].tuv = St!tuv, [Станции(архив)].bur = St!bur, [Станции(архив)].chit = St!chit, [Станции(архив)].yakut = St!yakut, [Станции(архив)].amur = St!amur, [Станции(архив)].urg = St!urg, [Станции(архив)].prim = St!prim, [Станции(архив)].mag = St!mag, [Станции(архив)].sah = St!sah, [Станции(архив)].kamch = St!kamch, [Станции(архив)].ushum = St!ushum, [Станции(архив)].qotr = St!qotr, [Станции(архив)].snk = St!snk, [Станции(архив)].SNT = St!snt, [Станции(архив)].ewtp = St!ewtp, [Станции(архив)].nt = St!nt, [Станции(архив)].NTsum = St!ntsum, [Станции(архив)].obor = St!obor, [Станции(архив)].ved = St!ved, [Станции(архив)].вед = St!вед, [Станции(архив)].obl = St!obl, [Станции(архив)].dep = St!dep, [Станции(архив)].oes = St!oes, [Станции(архив)].ees = St!ees, [Станции(архив)].er = St!er, [Станции(архив)].gk = St!gk, [Станции(архив)].be = St!be
WHERE ((([Станции(архив)].oes)=1) AND (([Станции(архив)].year)=2020));
"
"Обновление имен_Натура99","2","UPDATE Имена_станций INNER JOIN Натура99 ON Имена_станций.NUMB=Натура99.NUMB1120 SET Натура99.NAME = Имена_станций!name
WHERE (((Натура99.YEAR)=2020));
"
"Обновление порядкового номера в Станции(архив)","2","UPDATE Имена_станций INNER JOIN [Станции(архив)] ON Имена_станций.NUMB=[Станции(архив)].numb1120 SET [Станции(архив)].numb1 = Имена_станций!ordnumb;
"
"Обновление порядкового номера в Станциях_Аня","2","UPDATE Станции2014 INNER JOIN (Станции2013 INNER JOIN Имена_станций ON Станции2013.NUMB1120=Имена_станций.NUMB) ON Станции2014.NUMB1120=Имена_станций.NUMB SET Станции2014.numb1 = Имена_станций!ordnumb
WHERE (((Станции2014.OBL)=18));
"
"Обновление порядкового номера в Турбинах","2","UPDATE Имена_станций INNER JOIN Турбины ON Имена_станций.NUMB=Турбины.grcode SET Турбины.numb = Имена_станций!ordnumb;
"
"Обновление типов оборудования Станции(архив)","2","UPDATE Имена_станций INNER JOIN [Станции(архив)] ON Имена_станций.NUMB=[Станции(архив)].numb1120 SET [Станции(архив)].obor = Имена_станций!тип
WHERE ((([Станции(архив)].year)=2012));
"
"Обновление Цена(архив)_Аня","2","UPDATE [Цена(архив)] INNER JOIN Цена2020 AS Cena ON ([Цена(архив)].NUMB1120 = Cena.NUMB1120) AND ([Цена(архив)].YEAR = Cena.YEAR) SET [Цена(архив)].NAME = Cena!name, [Цена(архив)].GAZ_c = Cena!GAZ_c, [Цена(архив)].gazpp_c = Cena!gazpp_c, [Цена(архив)].MAZUT_c = Cena!MAZUT_c, [Цена(архив)].TORF_c = Cena!TORF_c, [Цена(архив)].PROCH_c = Cena!PROCH_c, [Цена(архив)].koksdom_c = [Cena]![koksdom_c], [Цена(архив)].prochgaz_c = [Cena]![prochgaz_c], [Цена(архив)].tvproch_c = [Cena]![tvproch_c], [Цена(архив)].DON_c = Cena!DON_c, [Цена(архив)].PODM_c = Cena!PODM_c, [Цена(архив)].PECH_c = Cena!PECH_c, [Цена(архив)].vork_c = Cena!vork_c, [Цена(архив)].intin_c = Cena!intin_c, [Цена(архив)].KUZN_c = Cena!KUZN_c, [Цена(архив)].kuzngd_c = Cena!kuzngd_c, [Цена(архив)].kuznt_c = Cena!kuznt_c, [Цена(архив)].kuznss_c = Cena!kuznss_c, [Цена(архив)].kuznun_c = Cena!kuznun_c, [Цена(архив)].URAL_c = Cena!URAL_c, [Цена(архив)].sver_c = Cena!sver_c, [Цена(архив)].chel_c = Cena!chel_c, [Цена(архив)].kizel_c = Cena!kizel_c, [Цена(архив)].BASHK_c = Cena!bashk_c, [Цена(архив)].KAZAH_c = Cena!kazah_c, [Цена(архив)].ekib_c = Cena!ekib_c, [Цена(архив)].maikub_c = Cena!maikub_c, [Цена(архив)].KAN_c = Cena!kan_c, [Цена(архив)].nazar_c = Cena!nazar_c, [Цена(архив)].ibor_c = Cena!ibor_c, [Цена(архив)].berez_c = Cena!berez_c, [Цена(архив)].per_c = Cena!per_c, [Цена(архив)].irbei_c = Cena!irbei_c, [Цена(архив)].kansk_c = Cena!kansk_c, [Цена(архив)].TUNG_c = Cena!tung_c, [Цена(архив)].jer_c = Cena!jer_c, [Цена(архив)].karab_c = Cena!karab_c, [Цена(архив)].IRKUT_c = Cena!irkut_c, [Цена(архив)].azey_c = Cena!azey_c, [Цена(архив)].mug_c = Cena!mug_c, [Цена(архив)].cher_c = Cena!cher_c, [Цена(архив)].HAK_c = Cena!hak_c, [Цена(архив)].TUV_c = Cena!tuv_c, [Цена(архив)].BUR_c = Cena!bur_c, [Цена(архив)].gusin_c = Cena!gusin_c, [Цена(архив)].tugn_c = Cena!tugn_c, [Цена(архив)].okino_c = Cena!okino_c, [Цена(архив)].CHIT_c = Cena!chit_c, [Цена(архив)].har_c = Cena!har_c, [Цена(архив)].urt_c = Cena!urt_c, [Цена(архив)].tataur_c = Cena!tataur_c, [Цена(архив)].tarbag_c = Cena!tarbag_c, [Цена(архив)].zab_kam_c = Cena!zab_kam_c, [Цена(архив)].AMUR_c = Cena!amur_c, [Цена(архив)].rai_c = Cena!rai_c, [Цена(архив)].erk_c = Cena!erk_c, [Цена(архив)].URG_c = Cena!urg_c, [Цена(архив)].USHUM_c = Cena!ushum_c, [Цена(архив)].PRIM_c = Cena!prim_c, [Цена(архив)].bikin_c = Cena!bikin_c, [Цена(архив)].razdol_c = Cena!razdol_c, [Цена(архив)].hankai_c = Cena!hankai_c, [Цена(архив)].YAKUT_c = Cena!yakut_c, [Цена(архив)].neru_c = Cena!neru_c, [Цена(архив)].zyryan_c = Cena!zyryan_c, [Цена(архив)].pyak_c = Cena!pyak_c, [Цена(архив)].MAG_c = Cena!mag_c, [Цена(архив)].CHUKOT_c = Cena!chukot_c, [Цена(архив)].anad_c = Cena!anad_c, [Цена(архив)].bering_c = Cena!bering_c, [Цена(архив)].KAMCH_c = Cena!kamch_c, [Цена(архив)].SAH_c = Cena!sah_c, [Цена(архив)].sost = Cena!sost, [Цена(архив)].[group] = Cena!group
WHERE ((([Цена(архив)].YEAR)=2020));
"
"Обновление_ведомств","2","UPDATE Станции99, [Ведомства-для-составных-станций] SET Станции99.VED = [Ведомства-для-составных-станций]!Min_VED;
"
"Обновление_показателей_Доп_угли(архив)_Аня","2","UPDATE [Доп_угли(архив)] AS Arhiv INNER JOIN Доп_угли2024 AS DopUg ON (Arhiv.YEAR = DopUg.YEAR) AND (Arhiv.NUMB1120 = DopUg.NUMB1120) SET Arhiv.NAME = DopUg.NAME, Arhiv.nazar = DopUg.nazar, Arhiv.ibor = DopUg.ibor, Arhiv.berez = DopUg.berez, Arhiv.per = DopUg.per, Arhiv.irbei = DopUg.irbei, Arhiv.kansk = DopUg.kansk, Arhiv.gusin = DopUg.gusin, Arhiv.tugn = DopUg.tugn, Arhiv.okino = DopUg.okino, Arhiv.azey = DopUg.azey, Arhiv.mug = DopUg.mug, Arhiv.cher = DopUg.cher, Arhiv.jer = DopUg.jer, Arhiv.karab = DopUg.karab, Arhiv.vork = DopUg.vork, Arhiv.intin = DopUg.intin, Arhiv.sver = DopUg.sver, Arhiv.chel = DopUg.chel, Arhiv.kizel = DopUg.kizel, Arhiv.har = DopUg.har, Arhiv.urt = DopUg.urt, Arhiv.tataur = DopUg.tataur, Arhiv.tarbag = DopUg.tarbag, Arhiv.zab_kam = DopUg.zab_kam, Arhiv.rai = DopUg.rai, Arhiv.erk = DopUg.erk, Arhiv.neru = DopUg.neru, Arhiv.pyak = DopUg.pyak, Arhiv.zyryan = DopUg.zyryan, Arhiv.gazpp = DopUg.gazpp, Arhiv.kuzngd = DopUg.kuzngd, Arhiv.kuznt = DopUg.kuznt, Arhiv.kuznss = DopUg.kuznss, Arhiv.kuznun = DopUg.kuznun, Arhiv.ekib = DopUg.ekib, Arhiv.maikub = DopUg.maikub, Arhiv.bikin = DopUg.bikin, Arhiv.razdol = DopUg.razdol, Arhiv.hankai = DopUg.hankai, Arhiv.bering = DopUg.bering, Arhiv.anad = DopUg.anad, Arhiv.gaz_prir = DopUg.gaz_prir, Arhiv.disel = DopUg.disel, Arhiv.maztop = DopUg.maztop, Arhiv.nft_proch = DopUg.nft_proch, Arhiv.domen_g = [DopUg].[domen_g], Arhiv.koks_g = [DopUg].[koks_g], Arhiv.prochgaz = DopUg.prochgaz, Arhiv.tvproch = DopUg.tvproch, Arhiv.szh_gaz = [DopUg].[szh_gaz], Arhiv.inoe = [DopUg].[inoe], Arhiv.ogodj = DopUg.ogodj, Arhiv.svo = DopUg.svo, Arhiv.karag = DopUg.karag, Arhiv.karajyra = DopUg.karajyra, Arhiv.teniz = DopUg.teniz;
"
"Обнуление_мощностей","2","UPDATE [Мощности(ОПЭС)] SET [Мощности(ОПЭС)].ne = 0, [Мощности(ОПЭС)].nt = 0, [Мощности(ОПЭС)].p = 0
WHERE ((([Мощности(ОПЭС)].p)=1));
"
"Объединение-таблиц","2","SELECT DISTINCTROW Станции98.*
FROM Станции98
WHERE YEAR=1998
UNION
SELECT DISTINCTROW Станции99.*
FROM Станции99
UNION SELECT DISTINCTROW Станции99.*
FROM Станции99;
"
"'Ошибки вставки' без подчиненных в 'Выбросы ЗВ'","3","SELECT [Ошибки вставки].F1, [Ошибки вставки].F2, [Ошибки вставки].F3
FROM [Ошибки вставки] LEFT JOIN [Выбросы ЗВ] ON [Ошибки вставки].[F2] = [Выбросы ЗВ].[numb1120]
WHERE ((([Выбросы ЗВ].numb1120) Is Null));
"
"ОЭС(всего)","3","SELECT DISTINCTROW w.OES, w.YEAR, Sum(w.NUST) AS NUST, Sum(w.E) AS E, Sum(w.EOTP) AS EOTP, IIf([EOTP]>0,[EUST]/[EOTP]*1000,0) AS EURT, Sum(w.EUST) AS EUST, Sum(w.Q) AS Q, IIf([Q]>0,[TUST]/[Q]*1000,0) AS TURT, Sum(w.TUST) AS TUST, Sum(w.B) AS B, Sum(w.GAZ) AS GAZ, Sum(w.MAZUT) AS MAZUT, Sum(w.TORF) AS TORF, Sum(w.SLAN) AS SLAN, Sum(w.gtt) AS GTT, Sum(w.PROCH) AS PROCH, Sum(w.UGOL) AS UGOL, Sum(w.DON) AS DON, Sum(w.PODM) AS PODM, Sum(w.PECH) AS PECH, Sum(w.ARKT) AS ARKT, Sum(w.KUZN) AS KUZN, Sum(w.URAL) AS URAL, Sum(w.BASHK) AS BASHK, Sum(w.ekib) AS EKIB, Sum(w.KARAG) AS KARAG, Sum(w.KAN) AS KAN, Sum(w.IRKUT) AS IRKUT, Sum(w.HAK) AS HAK, Sum(w.TUV) AS TUV, Sum(w.BUR) AS BUR, Sum(w.CHIT) AS CHIT, Sum(w.ner) AS NER, Sum(w.raich) AS RAICH, Sum(w.URG) AS URG, Sum(w.PRIM) AS PRIM, Sum(w.LUCH) AS LUCH, Sum(w.MAG) AS MAG, Sum(w.SAH) AS SAH, Sum(IIf(w.year=1990,0,w.qotr)) AS QOTR, Sum(IIf(w.year=1990,0,w.ewtp)) AS EWTP, Sum(w.NT) AS NT, First(Имена_ОЭС.name) AS oesname, Sum(wd.nazar) AS nazar, Sum(wd.ibor) AS ibor, Sum(wd.berez) AS berez, Sum(wd.per) AS per, Sum(wd.gusin) AS gusin, Sum(wd.tugn) AS tugn, Sum(wd.azey) AS azey, Sum(wd.cher) AS cher, Sum(wd.vork) AS vork, Sum(wd.int) AS [int], Sum(wd.sver) AS sver, Sum(wd.chel) AS chel, Sum(wd.kizel) AS kizel, Sum(wd.kuzngd) AS kuzngd, Sum(wd.kuznt) AS kuznt, Sum(wd.kuznss) AS kuznss, Sum(wd.kuznun) AS kuznun, ""ОЭС, всего"" AS oblname, 0 AS obl, 0 AS tt, 0 AS kt
FROM ([Рабочий(станции)] AS w INNER JOIN Имена_ОЭС ON w.OES=Имена_ОЭС.oes) LEFT JOIN [Рабочий(доп_угли)] AS wd ON (w.YEAR=wd.YEAR) AND (w.NUMB1120=wd.NUMB1120)
WHERE (((w.VED)>0))
GROUP BY w.OES, w.YEAR, 0, 0
HAVING (((w.YEAR)>0));
"
"ОЭС(всего+по_топл+КЭС/ТЭЦ)","2","SELECT [области(КЭС/ТЭЦ)].*
FROM [области(КЭС/ТЭЦ)]
UNION
SELECT [области(всего)].*
FROM [области(всего)]
UNION
SELECT [ОЭС(всего)].*
FROM [ОЭС(всего)]
UNION SELECT [ОЭС(КЭС/ТЭЦ)].*
FROM [ОЭС(КЭС/ТЭЦ)]
UNION SELECT [ОЭС(по_топл+КЭС/ТЭЦ)].*
FROM [ОЭС(по_топл+КЭС/ТЭЦ)];
"
"ОЭС(всего-и-по-вед)","3","SELECT DISTINCTROW [Имена-итогов].NUMB1, First([Имена-итогов].NAME) AS NAME1, w.OES, w.YEAR, Sum(w.NUST) AS NUST, Sum(w.E) AS E, Sum(w.EOTP) AS EOTP, IIf([EOTP]>0,[EUST]/[EOTP]*1000,0) AS EURT, Sum(w.EUST) AS EUST, Sum(w.Q) AS Q, IIf([Q]>0,[TUST]/[Q]*1000,0) AS TURT, Sum(w.TUST) AS TUST, Sum(w.B) AS B, Sum(w.GAZ) AS GAZ, Sum(w.MAZUT) AS MAZUT, Sum(w.TORF) AS TORF, Sum(w.SLAN) AS SLAN, Sum(w.GTT) AS GTT, Sum(w.PROCH) AS PROCH, Sum(w.UGOL) AS UGOL, Sum(w.DON) AS DON, Sum(w.PODM) AS PODM, Sum(w.PECH) AS PECH, Sum(w.ARKT) AS ARKT, Sum(w.KUZN) AS KUZN, Sum(w.URAL) AS URAL, Sum(w.BASHK) AS BASHK, Sum(w.EKIB) AS EKIB, Sum(w.KARAG) AS KARAG, Sum(w.KAN) AS KAN, Sum(w.IRKUT) AS IRKUT, Sum(w.HAK) AS HAK, Sum(w.TUV) AS TUV, Sum(w.BUR) AS BUR, Sum(w.CHIT) AS CHIT, Sum(w.NER) AS NER, Sum(w.RAICH) AS RAICH, Sum(w.URG) AS URG, Sum(w.PRIM) AS PRIM, Sum(w.LUCH) AS LUCH, Sum(w.MAG) AS MAG, Sum(w.SAH) AS SAH, Sum(w.QOTR) AS QOTR, Sum(w.EWTP) AS EWTP, Sum(w.NT) AS NT, First(Имена_ОЭС.name) AS oesname, Sum(wd.nazar) AS nazar, Sum(wd.ibor) AS ibor, Sum(wd.berez) AS berez, Sum(wd.gusin) AS gusin, Sum(wd.tugn) AS tugn, Sum(wd.azey) AS azey, Sum(wd.cher) AS cher, Sum(wd.vork) AS vork, Sum(wd.int) AS [int], Sum(wd.sver) AS sver, Sum(wd.chel) AS chel, Sum(wd.kizel) AS kizel, Sum(wd.kuzngd) AS kuzngd, Sum(wd.kuznt) AS kuznt, Sum(wd.kuznss) AS kuznss, Sum(wd.kuznun) AS kuznun, Null AS oblname, 0 AS obl
FROM (([Рабочий(станции)] AS w LEFT JOIN [Имена-итогов] ON w.VED=[Имена-итогов].VED) INNER JOIN Имена_ОЭС ON w.OES=Имена_ОЭС.oes) LEFT JOIN [Рабочий(доп_угли)] AS wd ON (w.YEAR=wd.YEAR) AND (w.NUMB1120=wd.NUMB1120)
WHERE (((w.VED)>0))
GROUP BY [Имена-итогов].NUMB1, w.OES, w.YEAR
HAVING (((w.YEAR)>0));
"
"ОЭС(КЭС/ТЭЦ)","3","SELECT DISTINCTROW w.OES, w.YEAR, Sum(w.NUST) AS NUST, Sum(w.E) AS E, Sum(w.EOTP) AS EOTP, IIf([EOTP]>0,[EUST]/[EOTP]*1000,0) AS EURT, Sum(w.EUST) AS EUST, Sum(w.Q) AS Q, IIf([Q]>0,[TUST]/[Q]*1000,0) AS TURT, Sum(w.TUST) AS TUST, Sum(w.B) AS B, Sum(w.GAZ) AS GAZ, Sum(w.MAZUT) AS MAZUT, Sum(w.TORF) AS TORF, Sum(w.SLAN) AS SLAN, Sum(w.gtt) AS GTT, Sum(w.PROCH) AS PROCH, Sum(w.UGOL) AS UGOL, Sum(w.DON) AS DON, Sum(w.PODM) AS PODM, Sum(w.PECH) AS PECH, Sum(w.ARKT) AS ARKT, Sum(w.KUZN) AS KUZN, Sum(w.URAL) AS URAL, Sum(w.BASHK) AS BASHK, Sum(w.ekib) AS EKIB, Sum(w.KARAG) AS KARAG, Sum(w.KAN) AS KAN, Sum(w.IRKUT) AS IRKUT, Sum(w.HAK) AS HAK, Sum(w.TUV) AS TUV, Sum(w.BUR) AS BUR, Sum(w.CHIT) AS CHIT, Sum(w.ner) AS NER, Sum(w.raich) AS RAICH, Sum(w.URG) AS URG, Sum(w.PRIM) AS PRIM, Sum(w.LUCH) AS LUCH, Sum(w.MAG) AS MAG, Sum(w.SAH) AS SAH, Sum(IIf(w.year=1990,0,w.qotr)) AS QOTR, Sum(IIf(w.year=1990,0,w.ewtp)) AS EWTP, Sum(w.NT) AS NT, First(Имена_ОЭС.name) AS oesname, Sum(wd.nazar) AS nazar, Sum(wd.ibor) AS ibor, Sum(wd.berez) AS berez, Sum(wd.per) AS per, Sum(wd.gusin) AS gusin, Sum(wd.tugn) AS tugn, Sum(wd.azey) AS azey, Sum(wd.cher) AS cher, Sum(wd.vork) AS vork, Sum(wd.int) AS [int], Sum(wd.sver) AS sver, Sum(wd.chel) AS chel, Sum(wd.kizel) AS kizel, Sum(wd.kuzngd) AS kuzngd, Sum(wd.kuznt) AS kuznt, Sum(wd.kuznss) AS kuznss, Sum(wd.kuznun) AS kuznun, Null AS oblname, 0 AS obl, 0 AS tt, IIf([obor]=1,1,IIf([obor]=94,2,3)) AS kt
FROM (([Рабочий(станции)] AS w INNER JOIN Имена_ОЭС ON w.OES=Имена_ОЭС.oes) LEFT JOIN [Рабочий(доп_угли)] AS wd ON (w.YEAR=wd.YEAR) AND (w.NUMB1120=wd.NUMB1120)) INNER JOIN Имена_станций ON w.NUMB1120=Имена_станций.NUMB
WHERE (((w.VED)>0))
GROUP BY w.OES, w.YEAR, 0, IIf([obor]=1,1,IIf([obor]=94,2,3))
HAVING (((w.YEAR)>0));
"
"ОЭС(по_топл+КЭС/ТЭЦ)","3","SELECT DISTINCTROW w.OES, w.YEAR, Sum(w.NUST) AS NUST, Sum(w.E) AS E, Sum(w.EOTP) AS EOTP, IIf([EOTP]>0,[EUST]/[EOTP]*1000,0) AS EURT, Sum(w.EUST) AS EUST, Sum(w.Q) AS Q, IIf([Q]>0,[TUST]/[Q]*1000,0) AS TURT, Sum(w.TUST) AS TUST, Sum(w.B) AS B, Sum(w.GAZ) AS GAZ, Sum(w.MAZUT) AS MAZUT, Sum(w.TORF) AS TORF, Sum(w.SLAN) AS SLAN, Sum(w.gtt) AS GTT, Sum(w.PROCH) AS PROCH, Sum(w.UGOL) AS UGOL, Sum(w.DON) AS DON, Sum(w.PODM) AS PODM, Sum(w.PECH) AS PECH, Sum(w.ARKT) AS ARKT, Sum(w.KUZN) AS KUZN, Sum(w.URAL) AS URAL, Sum(w.BASHK) AS BASHK, Sum(w.ekib) AS EKIB, Sum(w.KARAG) AS KARAG, Sum(w.KAN) AS KAN, Sum(w.IRKUT) AS IRKUT, Sum(w.HAK) AS HAK, Sum(w.TUV) AS TUV, Sum(w.BUR) AS BUR, Sum(w.CHIT) AS CHIT, Sum(w.ner) AS NER, Sum(w.raich) AS RAICH, Sum(w.URG) AS URG, Sum(w.PRIM) AS PRIM, Sum(w.LUCH) AS LUCH, Sum(w.MAG) AS MAG, Sum(w.SAH) AS SAH, Sum(IIf(w.year=1990,0,w.qotr)) AS QOTR, Sum(IIf(w.year=1990,0,w.ewtp)) AS EWTP, Sum(w.NT) AS NT, First(Имена_ОЭС.name) AS oesname, Sum(wd.nazar) AS nazar, Sum(wd.ibor) AS ibor, Sum(wd.berez) AS berez, Sum(wd.per) AS per, Sum(wd.gusin) AS gusin, Sum(wd.tugn) AS tugn, Sum(wd.azey) AS azey, Sum(wd.cher) AS cher, Sum(wd.vork) AS vork, Sum(wd.int) AS [int], Sum(wd.sver) AS sver, Sum(wd.chel) AS chel, Sum(wd.kizel) AS kizel, Sum(wd.kuzngd) AS kuzngd, Sum(wd.kuznt) AS kuznt, Sum(wd.kuznss) AS kuznss, Sum(wd.kuznun) AS kuznun, Null AS oblname, 0 AS obl, IIf(z([ugol])+z([torf])+z([proch])=0,1,IIf(z([gaz])=0,2,3)) AS tt, IIf([obor]=1,1,IIf([obor]=94,2,3)) AS kt
FROM (([Рабочий(станции)] AS w INNER JOIN Имена_ОЭС ON w.OES=Имена_ОЭС.oes) LEFT JOIN [Рабочий(доп_угли)] AS wd ON (w.YEAR=wd.YEAR) AND (w.NUMB1120=wd.NUMB1120)) INNER JOIN Имена_станций ON w.NUMB1120=Имена_станций.NUMB
WHERE (((w.VED)>0))
GROUP BY w.OES, w.YEAR, IIf(z([ugol])+z([torf])+z([proch])=0,1,IIf(z([gaz])=0,2,3)), IIf([obor]=1,1,IIf([obor]=94,2,3))
HAVING (((w.YEAR)>0));
"
"ОЭС-итоги","3","SELECT DISTINCTROW [Имена-итогов].NUMB1, First([Имена-итогов].NAME) AS NAME1, [Рабочий(станции)].OES, [Рабочий(станции)].YEAR, Sum([Рабочий(станции)].NUST) AS NUST, Sum([Рабочий(станции)].E) AS E, Sum([Рабочий(станции)].EOTP) AS EOTP, IIf([EOTP]>0,[EUST]/[EOTP]*1000,0) AS EURT, Sum([Рабочий(станции)].EUST) AS EUST, Sum([Рабочий(станции)].Q) AS Q, IIf([Q]>0,[TUST]/[Q]*1000,0) AS TURT, Sum([Рабочий(станции)].TUST) AS TUST, Sum([Рабочий(станции)].B) AS B, Sum([Рабочий(станции)].GAZ) AS GAZ, Sum([Рабочий(станции)].MAZUT) AS MAZUT, Sum([Рабочий(станции)].TORF) AS TORF, Sum([Рабочий(станции)].SLAN) AS SLAN, Sum([Рабочий(станции)].PROCH) AS PROCH, Sum([Рабочий(станции)].UGOL) AS UGOL, Sum([Рабочий(станции)].DON) AS DON, Sum([Рабочий(станции)].PODM) AS PODM, Sum([Рабочий(станции)].PECH) AS PECH, Sum([Рабочий(станции)].ARKT) AS ARKT, Sum([Рабочий(станции)].KUZN) AS KUZN, Sum([Рабочий(станции)].URAL) AS URAL, Sum([Рабочий(станции)].BASHK) AS BASHK, Sum([Рабочий(станции)].KAZAH) AS [Sum-KAZAH], Sum([Рабочий(станции)].KAN) AS KAN, Sum([Рабочий(станции)].IRKUT) AS IRKUT, Sum([Рабочий(станции)].HAK) AS HAK, Sum([Рабочий(станции)].TUV) AS TUV, Sum([Рабочий(станции)].BUR) AS BUR, Sum([Рабочий(станции)].CHIT) AS CHIT, Sum([Рабочий(станции)].AMUR) AS [Sum-AMUR], Sum([Рабочий(станции)].URG) AS URG, Sum([Рабочий(станции)].PRIM) AS PRIM, Sum([Рабочий(станции)].PRIM) AS [Sum-PRIM], Sum([Рабочий(станции)].MAG) AS MAG, Sum([Рабочий(станции)].SAH) AS SAH, Sum([Рабочий(станции)].QOTR) AS QOTR, Sum([Рабочий(станции)].EWTP) AS EWTP, Sum([Рабочий(станции)].NT) AS NT
FROM [Рабочий(станции)] LEFT JOIN [Имена-итогов] ON [Рабочий(станции)].VED = [Имена-итогов].VED
WHERE ((([Рабочий(станции)].VED)>0))
GROUP BY [Имена-итогов].NUMB1, [Рабочий(станции)].OES, [Рабочий(станции)].YEAR
HAVING ((([Имена-итогов].NUMB1)=1 Or ([Имена-итогов].NUMB1)=8) AND (([Рабочий(станции)].OES)=2));
"
"ОЭС-области","3","SELECT DISTINCTROW [Имена-итогов].NUMB1, First([Имена-итогов].NAME) AS NAME1, w.OES AS oes, w.OBL, w.YEAR, Sum(w.NUST) AS NUST, Sum(w.E) AS E, Sum(w.EOTP) AS EOTP, IIf([EOTP]>0,[EUST]/[EOTP]*1000,0) AS EURT, Sum(w.EUST) AS EUST, Sum(w.Q) AS Q, IIf([Q]>0,[TUST]/[Q]*1000,0) AS TURT, Sum(w.TUST) AS TUST, Sum(w.B) AS B, Sum(w.GAZ) AS GAZ, Sum(w.MAZUT) AS MAZUT, Sum(w.TORF) AS TORF, Sum(w.SLAN) AS SLAN, Sum(w.PROCH) AS PROCH, Sum(w.UGOL) AS UGOL, Sum(w.DON) AS DON, Sum(w.PODM) AS PODM, Sum(w.PECH) AS PECH, Sum(w.ARKT) AS ARKT, Sum(w.KUZN) AS KUZN, Sum(w.URAL) AS URAL, Sum(w.BASHK) AS BASHK, Sum(w.KAZAH) AS [Sum-KAZAH], Sum(w.KAN) AS KAN, Sum(w.IRKUT) AS IRKUT, Sum(w.HAK) AS HAK, Sum(w.TUV) AS TUV, Sum(w.BUR) AS BUR, Sum(w.CHIT) AS CHIT, Sum(w.YAKUT) AS YAKUT, Sum(w.AMUR) AS AMUR, Sum(w.URG) AS URG, Sum(w.PRIM) AS PRIM, Sum(w.PRIM) AS [Sum-PRIM], Sum(w.MAG) AS MAG, Sum(w.SAH) AS SAH, Sum(w.QOTR) AS QOTR, Sum(w.EWTP) AS EWTP, Sum(w.NT) AS NT, First(Имена_областей.NAME) AS oblname, First(Имена_ОЭС.name) AS oesname, Sum(d.nazar) AS nazar, Sum(d.ibor) AS ibor, Sum(d.berez) AS berez, Sum(d.per) AS per, Sum(d.gusin) AS gusin, Sum(d.tugn) AS tugn, Sum(d.azey) AS azey, Sum(d.cher) AS cher, Sum(d.vork) AS vork, Sum(d.intin) AS [Sum-intin], Sum(d.sver) AS sver, Sum(d.chel) AS chel, Sum(d.kizel) AS kizel, Sum(d.kuzngd) AS kuzngd, Sum(d.kuznt) AS kuznt, Sum(d.kuznss) AS kuznss, Sum(d.kuznun) AS kuznun
FROM ((([Рабочий(станции)] AS w LEFT JOIN [Имена-итогов] ON w.VED = [Имена-итогов].VED) INNER JOIN Имена_ОЭС ON w.OES = Имена_ОЭС.oes) LEFT JOIN [Рабочий(доп_угли)] AS d ON (w.NUMB1120 = d.NUMB1120) AND (w.YEAR = d.YEAR)) INNER JOIN Имена_областей ON w.OBL = Имена_областей.OBL
WHERE (((w.VED)>0))
GROUP BY [Имена-итогов].NUMB1, w.OES, w.OBL, w.YEAR
HAVING ((([Имена-итогов].NUMB1)=1) AND ((w.YEAR)>0));
"
"ОЭС-области_2002","3","SELECT DISTINCTROW 1 AS NUMB1, First(""Всего"") AS NAME1, w.OES AS oes, w.OBL, w.YEAR, Sum(w.NUST) AS NUST, Sum(w.E) AS E, Sum(w.EOTP) AS EOTP, IIf([EOTP]>0,[EUST]/[EOTP]*1000,0) AS EURT, Sum(w.EUST) AS EUST, Sum(w.Q) AS Q, IIf([Q]>0,[TUST]/[Q]*1000,0) AS TURT, Sum(w.TUST) AS TUST, Sum(w.B) AS B, Sum(w.GAZ) AS GAZ, Sum(w.MAZUT) AS MAZUT, Sum(w.TORF) AS TORF, Sum(w.SLAN) AS SLAN, Sum(w.PROCH) AS PROCH, Sum(w.UGOL) AS UGOL, Sum(w.DON) AS DON, Sum(w.PODM) AS PODM, Sum(w.PECH) AS PECH, Sum(w.ARKT) AS ARKT, Sum(w.KUZN) AS KUZN, Sum(w.URAL) AS URAL, Sum(w.BASHK) AS BASHK, Sum(w.EKIB) AS EKIB, Sum(w.KARAG) AS KARAG, Sum(w.KAN) AS KAN, Sum(w.IRKUT) AS IRKUT, Sum(w.HAK) AS HAK, Sum(w.TUV) AS TUV, Sum(w.BUR) AS BUR, Sum(w.CHIT) AS CHIT, Sum(w.YAKUT) AS YAKUT, Sum(w.AMUR) AS AMUR, Sum(w.URG) AS URG, Sum(w.PRIM) AS PRIM, Sum(w.LUCH) AS LUCH, Sum(w.MAG) AS MAG, Sum(w.SAH) AS SAH, Sum(w.QOTR) AS QOTR, Sum(w.EWTP) AS EWTP, Sum(w.NT) AS NT, First(Имена_областей.NAME) AS oblname, First(Имена_ОЭС.name) AS oesname, Sum(d.nazar) AS nazar, Sum(d.ibor) AS ibor, Sum(d.berez) AS berez, Sum(d.per) AS per, Sum(d.gusin) AS gusin, Sum(d.tugn) AS tugn, Sum(d.azey) AS azey, Sum(d.cher) AS cher, Sum(d.vork) AS vork, Sum(d.int) AS [int], Sum(d.sver) AS sver, Sum(d.chel) AS chel, Sum(d.kizel) AS kizel, Sum(d.kuzngd) AS kuzngd, Sum(d.kuznt) AS kuznt, Sum(d.kuznss) AS kuznss, Sum(d.kuznun) AS kuznun
FROM ((([Рабочий(станции)] AS w INNER JOIN Имена_ОЭС ON w.OES=Имена_ОЭС.oes) LEFT JOIN [Рабочий(доп_угли)] AS d ON (w.YEAR=d.YEAR) AND (w.NUMB1120=d.NUMB1120)) INNER JOIN Имена_областей ON w.OBL=Имена_областей.OBL) INNER JOIN Имена_станций ON w.NUMB1120=Имена_станций.NUMB
WHERE (((Имена_станций.MAIN)=0 Or (Имена_станций.MAIN) Is Null) AND ((w.YEAR)>0))
GROUP BY 1, w.OES, w.OBL, w.YEAR;
"
"ОЭС-области_натура","3","SELECT Max([Имена-итогов].NAME) AS NAME1, w.OES, w.OBL, o.NAME AS oblname, [Имена-итогов].NUMB1, w.YEAR, Sum(w.NUST) AS NUST, Sum(w.E) AS E, Sum(w.B) AS B, z([int])+z([vork])+z([podm])+z([don])+z([kuzn])+z([sver])+z([chel])+z([kizel])+z([bashk])+z([ekib])+z([karag])+z([nazar])+z([ibor])+z([berez])+z([azey])+z([cher])+z([tuv])+z([hak])+z([gusin])+z([tugn])+z([chit])+z([yakut])+z([prim])+z([luch])+z([amur])+z([urg])+z([mag])+z([sah]) AS ugol, Sum(W!DON/IIf(n.don>0,N!DON,0.699)) AS don, Sum(W!podm/IIf(n.podm>0,N!podm,0.274)) AS podm, z([vork])+z([int]) AS pech, Sum(D!vork/IIf(n.vork>0,N!vork,0.677)) AS vork, Sum(D!int/IIf(n.int>0,N!int,0.532)) AS [int], IIf(W!YEAR<=2000,Sum(W!kuzn/IIf(n.kuzn>0,N!kuzn,0.777)),z([kuznt])+z([kuznss])+z([kuzngd])+z([kuznun])) AS kuzn, Sum(IIf(W!YEAR=2000,0,D!kuznt)/0.81) AS kuznt, Sum(IIf(W!YEAR=2000,0,D!kuznss)/0.803) AS kuznss, Sum(IIf(W!YEAR=2000,0,D!kuzngd)/0.718) AS kuzngd, Sum(IIf(W!YEAR=2000,0,D!kuznun)/0.769) AS kuznun, Sum(D!sver/IIf(N!sver>0,N!sver,0.316)) AS sver, Sum(D!chel/IIf(N!chel>0,N!chel,0.422)) AS chel, Sum(D!kizel/IIf(N!kizel>0,N!kizel,0.624)) AS kizel, Sum(W!bashk/IIf(N!bashk>0,N!bashk,0.29)) AS bashk, Sum(W!ekib/IIf(N!ekib>0,N!ekib,0.551)) AS ekib, Sum(W!karag/IIf(N!karag>0,N!karag,0.502)) AS karag, Sum(D!nazar/IIf(N!nazar>0,N!nazar,0.484)) AS nazar, Sum(D!ibor/IIf(N!ibor>0,N!ibor,0.537)) AS ibor, Sum(D!berez/IIf(N!berez>0,N!berez,0.519)) AS berez, Sum(D!per/IIf(N!per>0,N!per,0.537)) AS per, Sum(D!azey/IIf(N!azey>0,N!azey,0.554)) AS azey, Sum(D!cher/IIf(N!cher>0,N!cher,0.613)) AS cher, Sum(W!hak/IIf(N!hak>0,N!hak,0.656)) AS hak, Sum(W!tuv/IIf(N!tuv>0,N!tuv,0.781)) AS tuv, Sum(D!gusin/IIf(N!gusin>0,N!gusin,0.528)) AS gusin, Sum(D!tugn/IIf(N!tugn>0,N!tugn,0.708)) AS tugn, Sum(W!chit/IIf(N!chit>0,N!chit,0.434)) AS chit, Sum(W!yakut/IIf(N!yakut>0,N!yakut,0.876)) AS yakut, Sum(W!amur/IIf(N!amur>0,N!amur,0.38)) AS amur, Sum(W!urg/IIf(N!urg>0,N!urg,0.645)) AS urg, Sum(W!prim/IIf(N!prim>0,N!prim,0.388)) AS prim, Sum(W!luch/IIf(N!luch>0,N!luch,0.256)) AS luch, Sum(W!mag/IIf(N!mag>0,N!mag,0.64)) AS mag, Sum(W!sah/IIf(N!sah>0,N!sah,0.596)) AS sah, First(e.name) AS oesname
FROM (((([Рабочий(станции)] AS w LEFT JOIN Натура99 AS n ON (w.NUMB1120=n.NUMB1120) AND (w.YEAR=n.YEAR)) INNER JOIN [Имена-итогов] ON w.VED=[Имена-итогов].VED) INNER JOIN Имена_областей AS o ON w.OBL=o.OBL) LEFT JOIN [Рабочий(доп_угли)] AS d ON (w.NUMB1120=d.NUMB1120) AND (w.YEAR=d.YEAR)) INNER JOIN Имена_ОЭС AS e ON w.OES=e.oes
WHERE (((w.VED)>0))
GROUP BY w.OES, w.OBL, o.NAME, [Имена-итогов].NUMB1, w.YEAR
HAVING ((([Имена-итогов].NUMB1)=1) AND ((Sum(w.UGOL))>0))
ORDER BY w.OES, [Имена-итогов].NUMB1, w.YEAR;
"
"ОЭС-станции","3","SELECT DISTINCTROW Имена_станций.NAME AS NAME1, w.YEAR, w.NUST, w.E, w.EOTP, w.EURT, w.EUST, w.Q, w.TURT, w.TUST, w.B, w.GAZ, w.MAZUT, w.TORF, w.SLAN, w.PROCH, w.UGOL, w.DON, w.PODM, w.PECH, w.ARKT, w.KUZN, w.URAL, w.BASHK, w.KAZAH, w.KAN, w.IRKUT, w.HAK, w.TUV, w.BUR, w.CHIT, w.YAKUT, w.AMUR, w.URG, w.PRIM, w.PRIM, w.MAG, w.SAH, w.QOTR, w.SNK, w.EWTP, w.NT, w.OBOR, w.VED, w.OBL, w.DEP, w.OES, w.ER, w.NUMB1120, Имена_станций.ordnumb AS numb1, Имена_областей.NAME AS oblname, Имена_станций.MAIN, Имена_ОЭС.name AS oesname, d.nazar, d.ibor, d.berez, d.per, d.gusin, d.tugn, d.azey, d.cher, d.vork, d.intin, d.sver, d.chel, d.kizel, d.kuzngd, d.kuznt, d.kuznss, d.kuznun
FROM ((([Рабочий(станции)] AS w INNER JOIN Имена_областей ON w.OBL = Имена_областей.OBL) INNER JOIN Имена_станций ON w.NUMB1120 = Имена_станций.NUMB) INNER JOIN Имена_ОЭС ON w.OES = Имена_ОЭС.oes) LEFT JOIN [Рабочий(доп_угли)] AS d ON (w.YEAR = d.YEAR) AND (w.NUMB1120 = d.NUMB1120)
WHERE (((w.YEAR)>0) AND ((z([nust])+z([q]))>0));
"
"ОЭС-станции_натура","3","SELECT c.NAME AS Name1, w.YEAR, w.NUST, w.E, w.B, z([don])+z([podm])+z([pech])+z([kuzn])+z([ural])+z([bashk])+z([ekib])+z([karag])+z([kan])+z([irkut])+z([hak])+z([tuv])+z([bur])+z([chit])+z([yakut])+z([amur])+z([prim])+z([urg])+z([luch])+z([mag])+z([sah]) AS ugol, w!DON/IIf(n.don>0,N!DON,0.699) AS don, w.podm/IIf(n.podm>0,N.podm,0.274) AS podm, z([vork])+z([int]) AS pech, d.vork/IIf(n.vork>0,N.vork,0.677) AS Vork, d.int/IIf(n.int>0,N.int,0.532) AS [int], IIf(w.year<=2000,w.kuzn/IIf(n.kuzn>0,n.kuzn,0.777),z([kuznss])+z([kuzngd])+z([kuznt])+z([kuznun])) AS kuzn, IIf(W!YEAR=2000,0,d!kuznss/0.803) AS kuznss, IIf(W!YEAR=2000,0,d!kuzngd/0.718) AS kuzngd, IIf(W!YEAR=2000,0,d!kuznun/0.769) AS kuznun, IIf(W!YEAR=2000,0,d!kuznt/0.81) AS kuznt, z([sver])+z([chel])+z([kizel]) AS ural, d!sver/IIf(n.sver>0,N!sver,0.316) AS sver, d!chel/IIf(n.chel>0,N!chel,0.422) AS chel, d!kizel/IIf(n.kizel>0,N!kizel,0.624) AS kizel, W!bashk/IIf(n.bashk>0,N!bashk,0.29) AS bashk, W!ekib/IIf(n.ekib>0,N!ekib,0.551) AS ekib, W!karag/IIf(n.karag>0,N!karag,0.502) AS karag, z([nazar])+z([ibor])+z([berez])+z([per]) AS kan, d!nazar/IIf(n.nazar>0,N!nazar,0.484) AS nazar, d!ibor/IIf(n.ibor>0,N!ibor,0.537) AS ibor, d!berez/IIf(n.berez>0,N!berez,0.519) AS berez, d!per/IIf(n.per>0,N!per,0.537) AS per, z([azey])+z([cher]) AS irkut, d!azey/IIf(n.azey>0,N!azey,0.554) AS azey, d!cher/IIf(n.cher>0,N!cher,0.613) AS cher, W!hak/IIf(n.hak>0,N!hak,0.656) AS hak, W!tuv/IIf(n.tuv>0,N!tuv,0.781) AS tuv, z([gusin])+z([tugn]) AS bur, d!gusin/IIf(n.gusin>0,N!gusin,0.528) AS gusin, d!tugn/IIf(n.tugn>0,N!tugn,0.708) AS tugn, W!chit/IIf(n.chit>0,N!chit,0.434) AS chit, W!yakut/IIf(n.yakut>0,N!yakut,0.876) AS yakut, W!amur/IIf(n.amur>0,N!amur,0.38) AS amur, W!urg/IIf(n.urg>0,N!urg,0.645) AS urg, W!prim/IIf(n.prim>0,N!prim,0.388) AS prim, W!luch/IIf(n.luch>0,N!luch,0.256) AS luch, W!mag/IIf(n.mag>0,N!mag,0.64) AS mag, W!sah/IIf(N!sah>0,N!sah,0.596) AS sah, w.NUMB1120, c.ordnumb AS numb1, w.DEP, w.OES, w.ER, o.NAME AS oblname, w.VED, IIf(W!VED<3,1,2) AS вед, w.OBL, c.D, c.R, e.name AS oesname
FROM (((([Рабочий(станции)] AS w LEFT JOIN Натура99 AS n ON (w.NUMB1120=n.NUMB1120) AND (w.YEAR=n.YEAR)) LEFT JOIN [Рабочий(доп_угли)] AS d ON (w.NUMB1120=d.NUMB1120) AND (w.YEAR=d.YEAR)) INNER JOIN Имена_станций AS c ON w.NUMB1120=c.NUMB) INNER JOIN Имена_областей AS o ON w.OBL=o.OBL) INNER JOIN Имена_ОЭС AS e ON w.OES=e.oes
WHERE (((w.YEAR)>0) AND ((w.UGOL)>0));
"
"ОЭС-станции_натура_2000","3","SELECT Имена_станций.NAME AS Name1, [Станции(архив)].year, [Станции(архив)].nust, [Станции(архив)].E, [Станции(архив)].B, [Станции(архив)]!DON/IIf(Натура99!DON>0,Натура99!DON,0.699) AS don, [Станции(архив)]!podm/IIf(Натура99!podm>0,Натура99!podm,0.274) AS podm, IIf([int]>0,[int],0)+IIf([vork]>0,[vork],0) AS pech, [Доп_угли(архив)]!vork/IIf(Натура99!vork>0,Натура99!vork,0.677) AS Vork, [Доп_угли(архив)]!int/IIf(Натура99!int>0,Натура99!int,0.532) AS [int], [Станции(архив)]!kuzn/IIf(Натура99!kuzn>0,Натура99!kuzn,0.752) AS kuzn, IIf([sver]>0,[sver],0)+IIf([chel]>0,[chel],0)+IIf([kizel]>0,[kizel],0) AS Ural, [Доп_угли(архив)]!sver/IIf(Натура99!sver>0,Натура99!sver,0.316) AS sver, [Доп_угли(архив)]!chel/IIf(Натура99!chel>0,Натура99!chel,0.422) AS chel, [Доп_угли(архив)]!kizel/IIf(Натура99!kizel>0,Натура99!kizel,0.624) AS kizel, [Станции(архив)]!bashk/IIf(Натура99!bashk>0,Натура99!bashk,0.29) AS bashk, [Станции(архив)]!ekib/IIf(Натура99!ekib>0,Натура99!ekib,0.551) AS ekib, [Станции(архив)]!karag/IIf(Натура99!karag>0,Натура99!karag,0.502) AS karag, IIf([nazar]>0,[nazar],0)+IIf([ibor]>0,[ibor],0)+IIf([berez]>0,[berez],0)+IIf([per]>0,[per],0) AS kan, [Доп_угли(архив)]!nazar/IIf(Натура99!nazar>0,Натура99!nazar,0.484) AS nazar, [Доп_угли(архив)]!ibor/IIf(Натура99!ibor>0,Натура99!ibor,0.537) AS ibor, [Доп_угли(архив)]!berez/IIf(Натура99!berez>0,Натура99!berez,0.519) AS berez, [Доп_угли(архив)]!per/IIf(Натура99!per>0,Натура99!per,0.537) AS per, IIf([azey]>0,[azey],0)+IIf([cher]>0,[cher],0) AS irkut, [Доп_угли(архив)]!azey/IIf(Натура99!azey>0,Натура99!azey,0.554) AS azey, [Доп_угли(архив)]!cher/IIf(Натура99!cher>0,Натура99!cher,0.613) AS cher, [Станции(архив)]!hak/IIf(Натура99!hak>0,Натура99!hak,0.656) AS hak, [Станции(архив)]!tuv/IIf(Натура99!tuv>0,Натура99!tuv,0.781) AS tuv, IIf([gusin]>0,[gusin],0)+IIf([tugn]>0,[tugn],0) AS bur, [Доп_угли(архив)]!gusin/IIf(Натура99!gusin>0,Натура99!gusin,0.528) AS gusin, [Доп_угли(архив)]!tugn/IIf(Натура99!tugn>0,Натура99!tugn,0.708) AS tugn, [Станции(архив)]!chit/IIf(Натура99!chit>0,Натура99!chit,0.434) AS chit, [Станции(архив)]!ner/IIf(Натура99!her>0,Натура99!her,0.876) AS ner, [Станции(архив)]!raich/IIf(Натура99!raich>0,Натура99!raich,0.38) AS raich, [Станции(архив)]!urg/IIf(Натура99!urg>0,Натура99!urg,0.645) AS urg, [Станции(архив)]!prim/IIf(Натура99!prim>0,Натура99!prim,0.388) AS prim, [Станции(архив)]!luch/IIf(Натура99!luch>0,Натура99!luch,0.256) AS luch, [Станции(архив)]!mag/IIf(Натура99!mag>0,Натура99!mag,0.64) AS mag, [Станции(архив)]!sah/IIf(Натура99!sah>0,Натура99!sah,0.596) AS sah, [Станции(архив)].numb1120, Имена_станций.ordnumb AS numb1, [Станции(архив)].dep, [Станции(архив)].oes, [Станции(архив)].er, Имена_областей.NAME AS oblname, [Станции(архив)].ved, IIf([Станции(архив)]!VED<3,1,2) AS вед, [Станции(архив)].obl, Имена_станций.D, Имена_станций.R, Имена_ОЭС.name AS oesname, Имена_станций.MAIN
FROM (((([Станции(архив)] LEFT JOIN Натура99 ON ([Станции(архив)].numb1120=Натура99.NUMB1120) AND ([Станции(архив)].year=Натура99.YEAR)) LEFT JOIN [Доп_угли(архив)] ON ([Станции(архив)].year=[Доп_угли(архив)].YEAR) AND ([Станции(архив)].numb1120=[Доп_угли(архив)].NUMB1120)) INNER JOIN Имена_станций ON [Станции(архив)].numb1120=Имена_станций.NUMB) INNER JOIN Имена_областей ON [Станции(архив)].obl=Имена_областей.OBL) INNER JOIN Имена_ОЭС ON [Станции(архив)].oes=Имена_ОЭС.oes
WHERE ((([Станции(архив)].year)=2000) AND (([Станции(архив)].ugol)>0));
"
"ОЭС-станции_натура_2001","3","SELECT Имена_станций.NAME AS Name1, Станции2001.YEAR, Станции2001.NUST, Станции2001.E, Станции2001.B, [Станции2001]![DON]/IIf([Натура99]![DON]>0,[Натура99]![DON],0.699) AS don, [Станции2001]![podm]/IIf([Натура99]![podm]>0,[Натура99]![podm],0.274) AS podm, IIf([int]>0,[int],0)+IIf([vork]>0,[vork],0) AS pech, [Доп_угли2001]![vork]/IIf([Натура99]![vork]>0,[Натура99]![vork],0.677) AS Vork, [Доп_угли2001]![int]/IIf([Натура99]![int]>0,[Натура99]![int],0.532) AS [int], [Станции2001]![kuzn]/IIf([Натура99]![kuzn]>0,[Натура99]![kuzn],0.752) AS kuzn, IIf([sver]>0,[sver],0)+IIf([chel]>0,[chel],0)+IIf([kizel]>0,[kizel],0) AS Ural, [Доп_угли2001]![sver]/IIf([Натура99]![sver]>0,[Натура99]![sver],0.316) AS sver, [Доп_угли2001]![chel]/IIf([Натура99]![chel]>0,[Натура99]![chel],0.422) AS chel, [Доп_угли2001]![kizel]/IIf([Натура99]![kizel]>0,[Натура99]![kizel],0.624) AS kizel, [Станции2001]![bashk]/IIf([Натура99]![bashk]>0,[Натура99]![bashk],0.29) AS bashk, [Станции2001]![ekib]/IIf([Натура99]![ekib]>0,[Натура99]![ekib],0.551) AS ekib, [Станции2001]![karag]/IIf([Натура99]![karag]>0,[Натура99]![karag],0.502) AS karag, IIf([nazar]>0,[nazar],0)+IIf([ibor]>0,[ibor],0)+IIf([berez]>0,[berez],0)+IIf([per]>0,[per],0) AS kan, [Доп_угли2001]![nazar]/IIf([Натура99]![nazar]>0,[Натура99]![nazar],0.484) AS nazar, [Доп_угли2001]![ibor]/IIf([Натура99]![ibor]>0,[Натура99]![ibor],0.537) AS ibor, [Доп_угли2001]![berez]/IIf([Натура99]![berez]>0,[Натура99]![berez],0.519) AS berez, [Доп_угли2001]![per]/IIf([Натура99]![per]>0,[Натура99]![per],0.537) AS per, IIf([azey]>0,[azey],0)+IIf([cher]>0,[cher],0) AS irkut, [Доп_угли2001]![azey]/IIf([Натура99]![azey]>0,[Натура99]![azey],0.554) AS azey, [Доп_угли2001]![cher]/IIf([Натура99]![cher]>0,[Натура99]![cher],0.613) AS cher, [Станции2001]![hak]/IIf([Натура99]![hak]>0,[Натура99]![hak],0.656) AS hak, [Станции2001]![tuv]/IIf([Натура99]![tuv]>0,[Натура99]![tuv],0.781) AS tuv, IIf([gusin]>0,[gusin],0)+IIf([tugn]>0,[tugn],0) AS bur, [Доп_угли2001]![gusin]/IIf([Натура99]![gusin]>0,[Натура99]![gusin],0.528) AS gusin, [Доп_угли2001]![tugn]/IIf([Натура99]![tugn]>0,[Натура99]![tugn],0.708) AS tugn, [Станции2001]![chit]/IIf([Натура99]![chit]>0,[Натура99]![chit],0.434) AS chit, [Станции2001]![ner]/IIf([Натура99]![ner]>0,[Натура99]![ner],0.876) AS ner, [Станции2001]![raich]/IIf([Натура99]![raich]>0,[Натура99]![raich],0.38) AS raich, [Станции2001]![urg]/IIf([Натура99]![urg]>0,[Натура99]![urg],0.645) AS urg, [Станции2001]![prim]/IIf([Натура99]![prim]>0,[Натура99]![prim],0.388) AS prim, [Станции2001]![luch]/IIf([Натура99]![luch]>0,[Натура99]![luch],0.256) AS luch, [Станции2001]![mag]/IIf([Натура99]![mag]>0,[Натура99]![mag],0.64) AS mag, [Станции2001]![sah]/IIf([Натура99]![sah]>0,[Натура99]![sah],0.596) AS sah, Станции2001.NUMB1120, Имена_станций.ordnumb AS numb1, Станции2001.DEP, Станции2001.OES, Станции2001.ER, Имена_областей.NAME AS oblname, Станции2001.VED, IIf([Станции2001]![VED]<3,1,2) AS вед, Станции2001.OBL, Имена_станций.D, Имена_станций.R, Имена_ОЭС.name AS oesname, Имена_станций.MAIN
FROM ((((Станции2001 LEFT JOIN Натура99 ON (Станции2001.NUMB1120 = Натура99.NUMB1120) AND (Станции2001.YEAR = Натура99.YEAR)) LEFT JOIN Доп_угли2001 ON (Станции2001.YEAR = Доп_угли2001.YEAR) AND (Станции2001.NUMB1120 = Доп_угли2001.NUMB1120)) INNER JOIN Имена_станций ON Станции2001.NUMB1120 = Имена_станций.NUMB) INNER JOIN Имена_областей ON Станции2001.OBL = Имена_областей.OBL) INNER JOIN Имена_ОЭС ON Станции2001.OES = Имена_ОЭС.oes
WHERE (((Станции2001.YEAR)=2001) AND ((Станции2001.UGOL)>0));
"
"ОЭС-станции_натура_2002","3","SELECT Имена_станций.NAME AS Name1, Станции2002.YEAR, Станции2002.NUST, Станции2002.E, Станции2002.B, [Станции2002]![DON]/IIf([Натура99]![DON]>0,[Натура99]![DON],0.699) AS don, [Станции2002]![podm]/IIf([Натура99]![podm]>0,[Натура99]![podm],0.274) AS podm, IIf([int]>0,[int],0)+IIf([vork]>0,[vork],0) AS pech, [Доп_угли2002]![vork]/IIf([Натура99]![vork]>0,[Натура99]![vork],0.677) AS Vork, [Доп_угли2002]![int]/IIf([Натура99]![int]>0,[Натура99]![int],0.532) AS [int], [Станции2002]![kuzn]/IIf([Натура99]![kuzn]>0,[Натура99]![kuzn],0.752) AS kuzn, IIf([sver]>0,[sver],0)+IIf([chel]>0,[chel],0)+IIf([kizel]>0,[kizel],0) AS Ural, [Доп_угли2002]![sver]/IIf([Натура99]![sver]>0,[Натура99]![sver],0.316) AS sver, [Доп_угли2002]![chel]/IIf([Натура99]![chel]>0,[Натура99]![chel],0.422) AS chel, [Доп_угли2002]![kizel]/IIf([Натура99]![kizel]>0,[Натура99]![kizel],0.624) AS kizel, [Станции2002]![bashk]/IIf([Натура99]![bashk]>0,[Натура99]![bashk],0.29) AS bashk, [Станции2002]![ekib]/IIf([Натура99]![ekib]>0,[Натура99]![ekib],0.551) AS ekib, [Станции2002]![karag]/IIf([Натура99]![karag]>0,[Натура99]![karag],0.502) AS karag, IIf([nazar]>0,[nazar],0)+IIf([ibor]>0,[ibor],0)+IIf([berez]>0,[berez],0)+IIf([per]>0,[per],0) AS kan, [Доп_угли2002]![nazar]/IIf([Натура99]![nazar]>0,[Натура99]![nazar],0.484) AS nazar, [Доп_угли2002]![ibor]/IIf([Натура99]![ibor]>0,[Натура99]![ibor],0.537) AS ibor, [Доп_угли2002]![berez]/IIf([Натура99]![berez]>0,[Натура99]![berez],0.519) AS berez, [Доп_угли2002]![per]/IIf([Натура99]![per]>0,[Натура99]![per],0.537) AS per, IIf([azey]>0,[azey],0)+IIf([cher]>0,[cher],0)+IIf([jer]>0,[jer],0) AS irkut, [Доп_угли2002]![azey]/IIf([Натура99]![azey]>0,[Натура99]![azey],0.554) AS azey, [Доп_угли2002]![cher]/IIf([Натура99]![cher]>0,[Натура99]![cher],0.613) AS cher, [Доп_угли2002]![jer]/IIf([Натура99]![jer]>0,[Натура99]![jer],0.7) AS jer, [Станции2002]![hak]/IIf([Натура99]![hak]>0,[Натура99]![hak],0.656) AS hak, [Станции2002]![tuv]/IIf([Натура99]![tuv]>0,[Натура99]![tuv],0.781) AS tuv, IIf([gusin]>0,[gusin],0)+IIf([tugn]>0,[tugn],0) AS bur, [Доп_угли2002]![gusin]/IIf([Натура99]![gusin]>0,[Натура99]![gusin],0.528) AS gusin, [Доп_угли2002]![tugn]/IIf([Натура99]![tugn]>0,[Натура99]![tugn],0.708) AS tugn, IIf([har]>0,[har],0)+IIf([urt]>0,[urt],0) AS Chit, [Доп_угли2002]![har]/IIf([Натура99]![har]>0,[Натура99]![har],0.43) AS har, [Доп_угли2002]![urt]/IIf([Натура99]![urt]>0,[Натура99]![urt],0.62) AS urt, [Станции2002]![ner]/IIf([Натура99]![NER]>0,[Натура99]![NER],0.876) AS ner, [Станции2002]![raich]/IIf([Натура99]![raich]>0,[Натура99]![raich],0.38) AS raich, [Станции2002]![urg]/IIf([Натура99]![urg]>0,[Натура99]![urg],0.645) AS urg, [Станции2002]![prim]/IIf([Натура99]![prim]>0,[Натура99]![prim],0.388) AS prim, [Станции2002]![luch]/IIf([Натура99]![luch]>0,[Натура99]![luch],0.256) AS luch, [Станции2002]![mag]/IIf([Натура99]![mag]>0,[Натура99]![mag],0.64) AS mag, [Станции2002]![sah]/IIf([Натура99]![sah]>0,[Натура99]![sah],0.596) AS sah, [Станции2002]![ushum]/IIf([Натура99]![ushum]>0,[Натура99]![ushum],0.325) AS ushum, Станции2002.NUMB1120, Имена_станций.ordnumb AS numb1, Станции2002.DEP, Станции2002.OES, Станции2002.ER, Имена_областей.NAME AS oblname, Станции2002.VED, IIf([Станции2002]![VED]<3,1,2) AS вед, Станции2002.OBL, Имена_станций.D, Имена_станций.R, Имена_ОЭС.name AS oesname, Имена_станций.MAIN, IIf([ved]>0,0,1) AS sost, IIf([main]>0,1,0) AS [group]
FROM ((((Станции2002 LEFT JOIN Натура99 ON (Станции2002.NUMB1120 = Натура99.NUMB1120) AND (Станции2002.YEAR = Натура99.YEAR)) LEFT JOIN Доп_угли2002 ON (Станции2002.YEAR = Доп_угли2002.YEAR) AND (Станции2002.NUMB1120 = Доп_угли2002.NUMB1120)) INNER JOIN Имена_станций ON Станции2002.NUMB1120 = Имена_станций.NUMB) INNER JOIN Имена_областей ON Станции2002.OBL = Имена_областей.OBL) INNER JOIN Имена_ОЭС ON Станции2002.OES = Имена_ОЭС.oes
WHERE (((Станции2002.YEAR)=2002) AND ((Станции2002.UGOL)>0));
"
"ОЭС-станции_натура_2003","3","SELECT [Имена_станций].[NAME] AS Name1, [Станции2003].[YEAR], [Станции2003].[NUST], [Станции2003].[E], [Станции2003].[B], [Станции2003]![DON]/IIf([Натура99]![DON]>0,[Натура99]![DON],0.699) AS don, [Станции2003]![podm]/IIf([Натура99]![podm]>0,[Натура99]![podm],0.274) AS podm, IIf([int]>0,[int],0)+IIf([vork]>0,[vork],0) AS pech, [Доп_угли2003]![vork]/IIf([Натура99]![vork]>0,[Натура99]![vork],0.677) AS Vork, [Доп_угли2003]![int]/IIf([Натура99]![int]>0,[Натура99]![int],0.532) AS [int], [Станции2003]![kuzn]/IIf([Натура99]![kuzn]>0,[Натура99]![kuzn],0.752) AS kuzn, IIf([sver]>0,[sver],0)+IIf([chel]>0,[chel],0)+IIf([kizel]>0,[kizel],0) AS Ural, [Доп_угли2003]![sver]/IIf([Натура99]![sver]>0,[Натура99]![sver],0.316) AS sver, [Доп_угли2003]![chel]/IIf([Натура99]![chel]>0,[Натура99]![chel],0.422) AS chel, [Доп_угли2003]![kizel]/IIf([Натура99]![kizel]>0,[Натура99]![kizel],0.624) AS kizel, [Станции2003]![bashk]/IIf([Натура99]![bashk]>0,[Натура99]![bashk],0.29) AS bashk, [Станции2003]![ekib]/IIf([Натура99]![ekib]>0,[Натура99]![ekib],0.551) AS ekib, [Станции2003]![karag]/IIf([Натура99]![karag]>0,[Натура99]![karag],0.502) AS karag, IIf([nazar]>0,[nazar],0)+IIf([ibor]>0,[ibor],0)+IIf([berez]>0,[berez],0)+IIf([per]>0,[per],0) AS kan, [Доп_угли2003]![nazar]/IIf([Натура99]![nazar]>0,[Натура99]![nazar],0.484) AS nazar, [Доп_угли2003]![ibor]/IIf([Натура99]![ibor]>0,[Натура99]![ibor],0.537) AS ibor, [Доп_угли2003]![berez]/IIf([Натура99]![berez]>0,[Натура99]![berez],0.519) AS berez, [Доп_угли2003]![per]/IIf([Натура99]![per]>0,[Натура99]![per],0.537) AS per, IIf([azey]>0,[azey],0)+IIf([cher]>0,[cher],0)+IIf([jer]>0,[jer],0) AS irkut, [Доп_угли2003]![azey]/IIf([Натура99]![azey]>0,[Натура99]![azey],0.554) AS azey, [Доп_угли2003]![cher]/IIf([Натура99]![cher]>0,[Натура99]![cher],0.613) AS cher, [Доп_угли2003]![jer]/IIf([Натура99]![jer]>0,[Натура99]![jer],0.7) AS jer, [Станции2003]![hak]/IIf([Натура99]![hak]>0,[Натура99]![hak],0.656) AS hak, [Станции2003]![tuv]/IIf([Натура99]![tuv]>0,[Натура99]![tuv],0.781) AS tuv, IIf([gusin]>0,[gusin],0)+IIf([tugn]>0,[tugn],0) AS bur, [Доп_угли2003]![gusin]/IIf([Натура99]![gusin]>0,[Натура99]![gusin],0.528) AS gusin, [Доп_угли2003]![tugn]/IIf([Натура99]![tugn]>0,[Натура99]![tugn],0.708) AS tugn, IIf([har]>0,[har],0)+IIf([urt]>0,[urt],0) AS Chit, [Доп_угли2003]![har]/IIf([Натура99]![har]>0,[Натура99]![har],0.43) AS har, [Доп_угли2003]![urt]/IIf([Натура99]![urt]>0,[Натура99]![urt],0.62) AS urt, [Станции2003]![ner]/IIf([Натура99]![NER]>0,[Натура99]![NER],0.876) AS ner, [Станции2003]![raich]/IIf([Натура99]![raich]>0,[Натура99]![raich],0.38) AS raich, [Станции2003]![urg]/IIf([Натура99]![urg]>0,[Натура99]![urg],0.645) AS urg, [Станции2003]![prim]/IIf([Натура99]![prim]>0,[Натура99]![prim],0.388) AS prim, [Станции2003]![luch]/IIf([Натура99]![luch]>0,[Натура99]![luch],0.256) AS luch, [Станции2003]![mag]/IIf([Натура99]![mag]>0,[Натура99]![mag],0.64) AS mag, [Станции2003]![sah]/IIf([Натура99]![sah]>0,[Натура99]![sah],0.596) AS sah, [Станции2003]![ushum]/IIf([Натура99]![ushum]>0,[Натура99]![ushum],0.325) AS ushum, [Станции2003].[NUMB1120], [Имена_станций].[ordnumb] AS numb1, [Станции2003].[DEP], [Станции2003].[OES], [Станции2003].[ER], [Имена_областей].[NAME] AS oblname, [Станции2003].[VED], IIf([Станции2003]![VED]<3,1,2) AS вед, [Станции2003].[OBL], [Имена_станций].[D], [Имена_станций].[R], [Имена_ОЭС].[name] AS oesname, [Имена_станций].[MAIN], IIf([ved]>0,0,1) AS sost, IIf([main]>0,1,0) AS [group]
FROM ((((Станции2003 LEFT JOIN Натура99 ON ([Станции2003].[NUMB1120]=[Натура99].[NUMB1120]) AND ([Станции2003].[YEAR]=[Натура99].[YEAR])) LEFT JOIN Доп_угли2003 ON ([Станции2003].[YEAR]=[Доп_угли2003].[YEAR]) AND ([Станции2003].[NUMB1120]=[Доп_угли2003].[NUMB1120])) INNER JOIN Имена_станций ON [Станции2003].[NUMB1120]=[Имена_станций].[NUMB]) INNER JOIN Имена_областей ON [Станции2003].[OBL]=[Имена_областей].[OBL]) INNER JOIN Имена_ОЭС ON [Станции2003].[OES]=[Имена_ОЭС].[oes]
WHERE ((([Станции2003].[YEAR])=2003) And (([Станции2003].[UGOL])>0));
"
"ОЭС-станции_натура_2004","3","SELECT Имена_станций.NAME AS Name1, Станции2004.YEAR, Станции2004.NUST, Станции2004.E, Станции2004.B, [Станции2004]![DON]/IIf([Натура99]![DON]>0,[Натура99]![DON],0.699) AS don, [Станции2004]![podm]/IIf([Натура99]![podm]>0,[Натура99]![podm],0.274) AS podm, IIf([int]>0,[int],0)+IIf([vork]>0,[vork],0) AS pech, [Доп_угли2004]![vork]/IIf([Натура99]![vork]>0,[Натура99]![vork],0.677) AS Vork, [Доп_угли2004]![int]/IIf([Натура99]![int]>0,[Натура99]![int],0.532) AS [int], [Станции2004]![kuzn]/IIf([Натура99]![kuzn]>0,[Натура99]![kuzn],0.752) AS kuzn, IIf([sver]>0,[sver],0)+IIf([chel]>0,[chel],0)+IIf([kizel]>0,[kizel],0) AS Ural, [Доп_угли2004]![sver]/IIf([Натура99]![sver]>0,[Натура99]![sver],0.316) AS sver, [Доп_угли2004]![chel]/IIf([Натура99]![chel]>0,[Натура99]![chel],0.422) AS chel, [Доп_угли2004]![kizel]/IIf([Натура99]![kizel]>0,[Натура99]![kizel],0.624) AS kizel, [Станции2004]![bashk]/IIf([Натура99]![bashk]>0,[Натура99]![bashk],0.29) AS bashk, [Станции2004]![ekib]/IIf([Натура99]![ekib]>0,[Натура99]![ekib],0.551) AS ekib, [Станции2004]![karag]/IIf([Натура99]![karag]>0,[Натура99]![karag],0.502) AS karag, IIf([nazar]>0,[nazar],0)+IIf([ibor]>0,[ibor],0)+IIf([berez]>0,[berez],0)+IIf([per]>0,[per],0) AS kan, [Доп_угли2004]![nazar]/IIf([Натура99]![nazar]>0,[Натура99]![nazar],0.484) AS nazar, [Доп_угли2004]![ibor]/IIf([Натура99]![ibor]>0,[Натура99]![ibor],0.537) AS ibor, [Доп_угли2004]![berez]/IIf([Натура99]![berez]>0,[Натура99]![berez],0.519) AS berez, [Доп_угли2004]![per]/IIf([Натура99]![per]>0,[Натура99]![per],0.537) AS per, IIf([azey]>0,[azey],0)+IIf([cher]>0,[cher],0)+IIf([jer]>0,[jer],0) AS irkut, [Доп_угли2004]![azey]/IIf([Натура99]![azey]>0,[Натура99]![azey],0.554) AS azey, [Доп_угли2004]![cher]/IIf([Натура99]![cher]>0,[Натура99]![cher],0.613) AS cher, [Доп_угли2004]![jer]/IIf([Натура99]![jer]>0,[Натура99]![jer],0.7) AS jer, [Станции2004]![hak]/IIf([Натура99]![hak]>0,[Натура99]![hak],0.656) AS hak, [Станции2004]![tuv]/IIf([Натура99]![tuv]>0,[Натура99]![tuv],0.781) AS tuv, IIf([gusin]>0,[gusin],0)+IIf([tugn]>0,[tugn],0) AS bur, [Доп_угли2004]![gusin]/IIf([Натура99]![gusin]>0,[Натура99]![gusin],0.528) AS gusin, [Доп_угли2004]![tugn]/IIf([Натура99]![tugn]>0,[Натура99]![tugn],0.708) AS tugn, IIf([har]>0,[har],0)+IIf([urt]>0,[urt],0) AS Chit, [Доп_угли2004]![har]/IIf([Натура99]![har]>0,[Натура99]![har],0.43) AS har, [Доп_угли2004]![urt]/IIf([Натура99]![urt]>0,[Натура99]![urt],0.62) AS urt, [Станции2004]![ner]/IIf([Натура99]![NER]>0,[Натура99]![NER],0.876) AS ner, [Станции2004]![raich]/IIf([Натура99]![raich]>0,[Натура99]![raich],0.38) AS raich, [Станции2004]![urg]/IIf([Натура99]![urg]>0,[Натура99]![urg],0.645) AS urg, [Станции2004]![prim]/IIf([Натура99]![prim]>0,[Натура99]![prim],0.388) AS prim, [Станции2004]![luch]/IIf([Натура99]![luch]>0,[Натура99]![luch],0.256) AS luch, [Станции2004]![mag]/IIf([Натура99]![mag]>0,[Натура99]![mag],0.64) AS mag, [Станции2004]![sah]/IIf([Натура99]![sah]>0,[Натура99]![sah],0.596) AS sah, [Станции2004]![ushum]/IIf([Натура99]![ushum]>0,[Натура99]![ushum],0.325) AS ushum, Станции2004.NUMB1120, Имена_станций.ordnumb AS numb1, Станции2004.DEP, Станции2004.OES, Станции2004.ER, Имена_областей.NAME AS oblname, Станции2004.VED, Имена_станций.Ведомство AS вед, Станции2004.OBL, Имена_станций.D, Имена_станций.R, Имена_ОЭС.name AS oesname, Имена_станций.MAIN, IIf([ved]>0,0,1) AS sost, IIf([main]>0,1,0) AS [group]
FROM ((((Станции2004 LEFT JOIN Натура99 ON (Станции2004.YEAR = Натура99.YEAR) AND (Станции2004.NUMB1120 = Натура99.NUMB1120)) LEFT JOIN Доп_угли2004 ON (Станции2004.NUMB1120 = Доп_угли2004.NUMB1120) AND (Станции2004.YEAR = Доп_угли2004.YEAR)) INNER JOIN Имена_станций ON Станции2004.NUMB1120 = Имена_станций.NUMB) INNER JOIN Имена_областей ON Станции2004.OBL = Имена_областей.OBL) INNER JOIN Имена_ОЭС ON Станции2004.OES = Имена_ОЭС.oes
WHERE (((Станции2004.YEAR)=2004) AND ((Станции2004.UGOL)>0));
"
"ОЭС-станции_натура_2005","3","SELECT Имена_станций.NAME AS Name1, Станции2005.YEAR, Станции2005.NUST, Станции2005.E, Станции2005.B, [Станции2005]![DON]/IIf([Натура99]![DON]>0,[Натура99]![DON],0.699) AS don, [Станции2005]![podm]/IIf([Натура99]![podm]>0,[Натура99]![podm],0.274) AS podm, IIf([int]>0,[int],0)+IIf([vork]>0,[vork],0) AS pech, [Доп_угли2005]![vork]/IIf([Натура99]![vork]>0,[Натура99]![vork],0.677) AS Vork, [Доп_угли2005]![int]/IIf([Натура99]![int]>0,[Натура99]![int],0.532) AS [int], [Станции2005]![kuzn]/IIf([Натура99]![kuzn]>0,[Натура99]![kuzn],0.752) AS kuzn, IIf([sver]>0,[sver],0)+IIf([chel]>0,[chel],0)+IIf([kizel]>0,[kizel],0) AS Ural, [Доп_угли2005]![sver]/IIf([Натура99]![sver]>0,[Натура99]![sver],0.316) AS sver, [Доп_угли2005]![chel]/IIf([Натура99]![chel]>0,[Натура99]![chel],0.422) AS chel, [Доп_угли2005]![kizel]/IIf([Натура99]![kizel]>0,[Натура99]![kizel],0.624) AS kizel, [Станции2005]![bashk]/IIf([Натура99]![bashk]>0,[Натура99]![bashk],0.29) AS bashk, [Станции2005]![ekib]/IIf([Натура99]![ekib]>0,[Натура99]![ekib],0.551) AS ekib, [Станции2005]![karag]/IIf([Натура99]![karag]>0,[Натура99]![karag],0.502) AS karag, IIf([nazar]>0,[nazar],0)+IIf([ibor]>0,[ibor],0)+IIf([berez]>0,[berez],0)+IIf([per]>0,[per],0) AS kan, [Доп_угли2005]![nazar]/IIf([Натура99]![nazar]>0,[Натура99]![nazar],0.484) AS nazar, [Доп_угли2005]![ibor]/IIf([Натура99]![ibor]>0,[Натура99]![ibor],0.537) AS ibor, [Доп_угли2005]![berez]/IIf([Натура99]![berez]>0,[Натура99]![berez],0.519) AS berez, [Доп_угли2005]![per]/IIf([Натура99]![per]>0,[Натура99]![per],0.537) AS per, IIf([azey]>0,[azey],0)+IIf([cher]>0,[cher],0)+IIf([jer]>0,[jer],0) AS irkut, [Доп_угли2005]![azey]/IIf([Натура99]![azey]>0,[Натура99]![azey],0.554) AS azey, [Доп_угли2005]![cher]/IIf([Натура99]![cher]>0,[Натура99]![cher],0.613) AS cher, [Доп_угли2005]![jer]/IIf([Натура99]![jer]>0,[Натура99]![jer],0.7) AS jer, [Станции2005]![hak]/IIf([Натура99]![hak]>0,[Натура99]![hak],0.656) AS hak, [Станции2005]![tuv]/IIf([Натура99]![tuv]>0,[Натура99]![tuv],0.781) AS tuv, IIf([gusin]>0,[gusin],0)+IIf([tugn]>0,[tugn],0) AS bur, [Доп_угли2005]![gusin]/IIf([Натура99]![gusin]>0,[Натура99]![gusin],0.528) AS gusin, [Доп_угли2005]![tugn]/IIf([Натура99]![tugn]>0,[Натура99]![tugn],0.708) AS tugn, IIf([har]>0,[har],0)+IIf([urt]>0,[urt],0) AS Chit, [Доп_угли2005]![har]/IIf([Натура99]![har]>0,[Натура99]![har],0.43) AS har, [Доп_угли2005]![urt]/IIf([Натура99]![urt]>0,[Натура99]![urt],0.62) AS urt, [Станции2005]![ner]/IIf([Натура99]![NER]>0,[Натура99]![NER],0.876) AS ner, [Станции2005]![raich]/IIf([Натура99]![raich]>0,[Натура99]![raich],0.38) AS raich, [Станции2005]![urg]/IIf([Натура99]![urg]>0,[Натура99]![urg],0.645) AS urg, [Станции2005]![prim]/IIf([Натура99]![prim]>0,[Натура99]![prim],0.388) AS prim, [Станции2005]![luch]/IIf([Натура99]![luch]>0,[Натура99]![luch],0.256) AS luch, [Станции2005]![mag]/IIf([Натура99]![mag]>0,[Натура99]![mag],0.64) AS mag, [Станции2005]![sah]/IIf([Натура99]![sah]>0,[Натура99]![sah],0.596) AS sah, [Станции2005]![ushum]/IIf([Натура99]![ushum]>0,[Натура99]![ushum],0.325) AS ushum, Станции2005.NUMB1120, Имена_станций.ordnumb AS numb1, Станции2005.DEP, Станции2005.OES, Станции2005.ER, Имена_областей.NAME AS oblname, Станции2005.VED, Имена_станций.Ведомство AS вед, Станции2005.OBL, Имена_станций.D, Имена_станций.R, Имена_ОЭС.name AS oesname, Имена_станций.MAIN, IIf([ved]>0,0,1) AS sost, IIf([main]>0,1,0) AS [group], Имена_станций.форэм
FROM ((((Станции2005 LEFT JOIN Натура99 ON (Станции2005.YEAR = Натура99.YEAR) AND (Станции2005.NUMB1120 = Натура99.NUMB1120)) LEFT JOIN Доп_угли2005 ON (Станции2005.NUMB1120 = Доп_угли2005.NUMB1120) AND (Станции2005.YEAR = Доп_угли2005.YEAR)) INNER JOIN Имена_станций ON Станции2005.NUMB1120 = Имена_станций.NUMB) INNER JOIN Имена_областей ON Станции2005.OBL = Имена_областей.OBL) INNER JOIN Имена_ОЭС ON Станции2005.OES = Имена_ОЭС.oes
WHERE (((Станции2005.YEAR)=2005) AND ((Станции2005.UGOL)>0));
"
"ОЭС-станции_натура_2006","3","SELECT Имена_станций.NAME AS Name1, Станции2006.YEAR, Станции2006.NUST, Станции2006.E, Станции2006.B, [Станции2006]![DON]/IIf([Натура99]![DON]>0,[Натура99]![DON],0.699) AS don, [Станции2006]![podm]/IIf([Натура99]![podm]>0,[Натура99]![podm],0.274) AS podm, IIf([int]>0,[int],0)+IIf([vork]>0,[vork],0) AS pech, [Доп_угли2006]![vork]/IIf([Натура99]![vork]>0,[Натура99]![vork],0.677) AS Vork, [Доп_угли2006]![int]/IIf([Натура99]![int]>0,[Натура99]![int],0.532) AS [int], [Станции2006]![kuzn]/IIf([Натура99]![kuzn]>0,[Натура99]![kuzn],0.752) AS kuzn, IIf([sver]>0,[sver],0)+IIf([chel]>0,[chel],0)+IIf([kizel]>0,[kizel],0) AS Ural, [Доп_угли2006]![sver]/IIf([Натура99]![sver]>0,[Натура99]![sver],0.316) AS sver, [Доп_угли2006]![chel]/IIf([Натура99]![chel]>0,[Натура99]![chel],0.422) AS chel, [Доп_угли2006]![kizel]/IIf([Натура99]![kizel]>0,[Натура99]![kizel],0.624) AS kizel, [Станции2006]![bashk]/IIf([Натура99]![bashk]>0,[Натура99]![bashk],0.29) AS bashk, [Станции2006]![ekib]/IIf([Натура99]![ekib]>0,[Натура99]![ekib],0.551) AS ekib, [Станции2006]![karag]/IIf([Натура99]![karag]>0,[Натура99]![karag],0.502) AS karag, IIf([nazar]>0,[nazar],0)+IIf([ibor]>0,[ibor],0)+IIf([berez]>0,[berez],0)+IIf([per]>0,[per],0) AS kan, [Доп_угли2006]![nazar]/IIf([Натура99]![nazar]>0,[Натура99]![nazar],0.484) AS nazar, [Доп_угли2006]![ibor]/IIf([Натура99]![ibor]>0,[Натура99]![ibor],0.537) AS ibor, [Доп_угли2006]![berez]/IIf([Натура99]![berez]>0,[Натура99]![berez],0.519) AS berez, [Доп_угли2006]![per]/IIf([Натура99]![per]>0,[Натура99]![per],0.537) AS per, IIf([azey]>0,[azey],0)+IIf([cher]>0,[cher],0)+IIf([jer]>0,[jer],0) AS irkut, [Доп_угли2006]![azey]/IIf([Натура99]![azey]>0,[Натура99]![azey],0.554) AS azey, [Доп_угли2006]![cher]/IIf([Натура99]![cher]>0,[Натура99]![cher],0.613) AS cher, [Доп_угли2006]![jer]/IIf([Натура99]![jer]>0,[Натура99]![jer],0.7) AS jer, [Станции2006]![hak]/IIf([Натура99]![hak]>0,[Натура99]![hak],0.656) AS hak, [Станции2006]![tuv]/IIf([Натура99]![tuv]>0,[Натура99]![tuv],0.781) AS tuv, IIf([gusin]>0,[gusin],0)+IIf([tugn]>0,[tugn],0) AS bur, [Доп_угли2006]![gusin]/IIf([Натура99]![gusin]>0,[Натура99]![gusin],0.528) AS gusin, [Доп_угли2006]![tugn]/IIf([Натура99]![tugn]>0,[Натура99]![tugn],0.708) AS tugn, IIf([har]>0,[har],0)+IIf([urt]>0,[urt],0) AS Chit, [Доп_угли2006]![har]/IIf([Натура99]![har]>0,[Натура99]![har],0.47) AS har, [Доп_угли2006]![urt]/IIf([Натура99]![urt]>0,[Натура99]![urt],0.62) AS urt, [Станции2006]![ner]/IIf([Натура99]![NER]>0,[Натура99]![NER],0.876) AS ner, [Станции2006]![raich]/IIf([Натура99]![raich]>0,[Натура99]![raich],0.38) AS raich, [Станции2006]![urg]/IIf([Натура99]![urg]>0,[Натура99]![urg],0.645) AS urg, [Станции2006]![prim]/IIf([Натура99]![prim]>0,[Натура99]![prim],0.388) AS prim, [Станции2006]![luch]/IIf([Натура99]![luch]>0,[Натура99]![luch],0.256) AS luch, [Станции2006]![mag]/IIf([Натура99]![mag]>0,[Натура99]![mag],0.64) AS mag, [Станции2006]![sah]/IIf([Натура99]![sah]>0,[Натура99]![sah],0.596) AS sah, [Станции2006]![ushum]/IIf([Натура99]![ushum]>0,[Натура99]![ushum],0.325) AS ushum, Станции2006.NUMB1120, Имена_станций.ordnumb AS numb1, Станции2006.DEP, Станции2006.OES, Станции2006.ER, Имена_областей.NAME AS oblname, Станции2006.VED, Имена_станций.Ведомство AS вед, Станции2006.OBL, Имена_станций.D, Имена_станций.R, Имена_ОЭС.name AS oesname, Имена_станций.MAIN, IIf([ved]>0,0,1) AS sost, IIf([main]>0,1,0) AS [group], Имена_станций.форэм
FROM ((((Станции2006 LEFT JOIN Натура99 ON (Станции2006.YEAR = Натура99.YEAR) AND (Станции2006.NUMB1120 = Натура99.NUMB1120)) LEFT JOIN Доп_угли2006 ON (Станции2006.NUMB1120 = Доп_угли2006.NUMB1120) AND (Станции2006.YEAR = Доп_угли2006.YEAR)) INNER JOIN Имена_станций ON Станции2006.NUMB1120 = Имена_станций.NUMB) INNER JOIN Имена_областей ON Станции2006.OBL = Имена_областей.OBL) INNER JOIN Имена_ОЭС ON Станции2006.OES = Имена_ОЭС.oes
WHERE (((Станции2006.YEAR)=2006) AND ((Станции2006.UGOL)>0));
"
"ОЭС-станции_натура_2007","3","SELECT Имена_станций.NAME AS Name1, Станции2007.YEAR, Станции2007.NUST, Станции2007.E, Станции2007.B, Станции2007!DON/IIf(Натура99!DON>0,Натура99!DON,0.699) AS don, Станции2007!podm/IIf(Натура99!podm>0,Натура99!podm,0.274) AS podm, IIf([int]>0,[int],0)+IIf([vork]>0,[vork],0) AS pech, Доп_угли2007!vork/IIf(Натура99!vork>0,Натура99!vork,0.677) AS Vork, Доп_угли2007!int/IIf(Натура99!int>0,Натура99!int,0.532) AS [int], Станции2007!kuzn/IIf(Натура99!kuzn>0,Натура99!kuzn,0.752) AS kuzn, IIf([sver]>0,[sver],0)+IIf([chel]>0,[chel],0)+IIf([kizel]>0,[kizel],0) AS Ural, Доп_угли2007!sver/IIf(Натура99!sver>0,Натура99!sver,0.316) AS sver, Доп_угли2007!chel/IIf(Натура99!chel>0,Натура99!chel,0.422) AS chel, Доп_угли2007!kizel/IIf(Натура99!kizel>0,Натура99!kizel,0.624) AS kizel, Станции2007!bashk/IIf(Натура99!bashk>0,Натура99!bashk,0.29) AS bashk, Станции2007!ekib/IIf(Натура99!ekib>0,Натура99!ekib,0.551) AS ekib, Станции2007!karag/IIf(Натура99!karag>0,Натура99!karag,0.502) AS karag, IIf([nazar]>0,[nazar],0)+IIf([ibor]>0,[ibor],0)+IIf([berez]>0,[berez],0)+IIf([per]>0,[per],0) AS kan, Доп_угли2007!nazar/IIf(Натура99!nazar>0,Натура99!nazar,0.484) AS nazar, Доп_угли2007!ibor/IIf(Натура99!ibor>0,Натура99!ibor,0.537) AS ibor, Доп_угли2007!berez/IIf(Натура99!berez>0,Натура99!berez,0.519) AS berez, Доп_угли2007!per/IIf(Натура99!per>0,Натура99!per,0.537) AS per, IIf([azey]>0,[azey],0)+IIf([cher]>0,[cher],0)+IIf([jer]>0,[jer],0)+IIf([mug]>0,[mug],0) AS irkut, Доп_угли2007!azey/IIf(Натура99!azey>0,Натура99!azey,0.554) AS azey, Доп_угли2007!mug/IIf(Натура99!mug>0,Натура99!mug,0.554) AS mug, Доп_угли2007!cher/IIf(Натура99!cher>0,Натура99!cher,0.613) AS cher, Доп_угли2007!jer/IIf(Натура99!jer>0,Натура99!jer,0.7) AS jer, Станции2007!hak/IIf(Натура99!hak>0,Натура99!hak,0.656) AS hak, Станции2007!tuv/IIf(Натура99!tuv>0,Натура99!tuv,0.781) AS tuv, IIf([gusin]>0,[gusin],0)+IIf([tugn]>0,[tugn],0) AS bur, Доп_угли2007!gusin/IIf(Натура99!gusin>0,Натура99!gusin,0.528) AS gusin, Доп_угли2007!tugn/IIf(Натура99!tugn>0,Натура99!tugn,0.708) AS tugn, IIf([har]>0,[har],0)+IIf([urt]>0,[urt],0) AS Chit, Доп_угли2007!har/IIf(Натура99!har>0,Натура99!har,0.47) AS har, Доп_угли2007!urt/IIf(Натура99!urt>0,Натура99!urt,0.62) AS urt, IIf([neru]>0,[neru],0)+IIf([pyak]>0,[pyak],0) AS ner, Доп_угли2007!neru/IIf(Натура99!neru>0,Натура99!neru,0.83) AS neru, Доп_угли2007!pyak/IIf(Натура99!pyak>0,Натура99!pyak,0.83) AS pyak, IIf([rai]>0,[rai],0)+IIf([erk]>0,[erk],0) AS raich, Доп_угли2007!rai/IIf(Натура99!rai>0,Натура99!rai,0.4) AS rai, Доп_угли2007!erk/IIf(Натура99!erk>0,Натура99!erk,0.43) AS erk, Станции2007!urg/IIf(Натура99!urg>0,Натура99!urg,0.645) AS urg, Станции2007!prim/IIf(Натура99!prim>0,Натура99!prim,0.388) AS prim, Станции2007!luch/IIf(Натура99!luch>0,Натура99!luch,0.256) AS luch, Станции2007!mag/IIf(Натура99!mag>0,Натура99!mag,0.64) AS mag, Станции2007!sah/IIf(Натура99!sah>0,Натура99!sah,0.596) AS sah, Станции2007!ushum/IIf(Натура99!ushum>0,Натура99!ushum,0.325) AS ushum, Станции2007.NUMB1120, Имена_станций.ordnumb AS numb1, Станции2007.DEP, Станции2007.OES, Станции2007.ER, Имена_областей.NAME AS oblname, Станции2007.VED, Имена_станций.Ведомство AS вед, Станции2007.OBL, Имена_станций.D, Имена_станций.R, Имена_ОЭС.name AS oesname, Имена_станций.MAIN, IIf([ved]>0,0,1) AS sost, IIf([main]>0,1,0) AS [group], Имена_станций.форэм, Станции2007.GK
FROM ((((Станции2007 LEFT JOIN Натура99 ON (Станции2007.NUMB1120=Натура99.NUMB1120) AND (Станции2007.YEAR=Натура99.YEAR)) LEFT JOIN Доп_угли2007 ON (Станции2007.YEAR=Доп_угли2007.YEAR) AND (Станции2007.NUMB1120=Доп_угли2007.NUMB1120)) INNER JOIN Имена_станций ON Станции2007.NUMB1120=Имена_станций.NUMB) INNER JOIN Имена_областей ON Станции2007.OBL=Имена_областей.OBL) INNER JOIN Имена_ОЭС ON Станции2007.OES=Имена_ОЭС.oes
WHERE (((Станции2007.YEAR)=2007) AND ((Станции2007.UGOL)>0));
"
"ОЭС-станции_натура_2008","3","SELECT Имена_станций.NAME AS Name1, Станции2008.YEAR, Станции2008.NUST, Станции2008.E, Станции2008.B, Станции2008!DON/IIf(Натура99!DON>0,Натура99!DON,0.699) AS don, Станции2008!podm/IIf(Натура99!podm>0,Натура99!podm,0.274) AS podm, IIf([int]>0,[int],0)+IIf([vork]>0,[vork],0) AS pech, Доп_угли2008!vork/IIf(Натура99!vork>0,Натура99!vork,0.677) AS Vork, Доп_угли2008!int/IIf(Натура99!int>0,Натура99!int,0.532) AS [int], Станции2008!kuzn/IIf(Натура99!kuzn>0,Натура99!kuzn,0.752) AS kuzn, IIf([sver]>0,[sver],0)+IIf([chel]>0,[chel],0)+IIf([kizel]>0,[kizel],0) AS Ural, Доп_угли2008!sver/IIf(Натура99!sver>0,Натура99!sver,0.316) AS sver, Доп_угли2008!chel/IIf(Натура99!chel>0,Натура99!chel,0.422) AS chel, Доп_угли2008!kizel/IIf(Натура99!kizel>0,Натура99!kizel,0.624) AS kizel, Станции2008!bashk/IIf(Натура99!bashk>0,Натура99!bashk,0.29) AS bashk, Станции2008!ekib/IIf(Натура99!ekib>0,Натура99!ekib,0.551) AS ekib, Станции2008!karag/IIf(Натура99!karag>0,Натура99!karag,0.502) AS karag, IIf([nazar]>0,[nazar],0)+IIf([ibor]>0,[ibor],0)+IIf([berez]>0,[berez],0)+IIf([per]>0,[per],0) AS kan, Доп_угли2008!nazar/IIf(Натура99!nazar>0,Натура99!nazar,0.484) AS nazar, Доп_угли2008!ibor/IIf(Натура99!ibor>0,Натура99!ibor,0.537) AS ibor, Доп_угли2008!berez/IIf(Натура99!berez>0,Натура99!berez,0.519) AS berez, Доп_угли2008!per/IIf(Натура99!per>0,Натура99!per,0.537) AS per, IIf([azey]>0,[azey],0)+IIf([cher]>0,[cher],0)+IIf([jer]>0,[jer],0)+IIf([mug]>0,[mug],0) AS irkut, Доп_угли2008!azey/IIf(Натура99!azey>0,Натура99!azey,0.554) AS azey, Доп_угли2008!mug/IIf(Натура99!mug>0,Натура99!mug,0.554) AS mug, Доп_угли2008!cher/IIf(Натура99!cher>0,Натура99!cher,0.613) AS cher, Доп_угли2008!jer/IIf(Натура99!jer>0,Натура99!jer,0.7) AS jer, Станции2008!hak/IIf(Натура99!hak>0,Натура99!hak,0.656) AS hak, Станции2008!tuv/IIf(Натура99!tuv>0,Натура99!tuv,0.781) AS tuv, IIf([gusin]>0,[gusin],0)+IIf([tugn]>0,[tugn],0) AS bur, Доп_угли2008!gusin/IIf(Натура99!gusin>0,Натура99!gusin,0.528) AS gusin, Доп_угли2008!tugn/IIf(Натура99!tugn>0,Натура99!tugn,0.708) AS tugn, IIf([har]>0,[har],0)+IIf([urt]>0,[urt],0) AS Chit, Доп_угли2008!har/IIf(Натура99!har>0,Натура99!har,0.47) AS har, Доп_угли2008!urt/IIf(Натура99!urt>0,Натура99!urt,0.62) AS urt, IIf([neru]>0,[neru],0)+IIf([pyak]>0,[pyak],0) AS ner, Доп_угли2008!neru/IIf(Натура99!neru>0,Натура99!neru,0.83) AS neru, Доп_угли2008!pyak/IIf(Натура99!pyak>0,Натура99!pyak,0.83) AS pyak, IIf([rai]>0,[rai],0)+IIf([erk]>0,[erk],0) AS raich, Доп_угли2008!rai/IIf(Натура99!rai>0,Натура99!rai,0.4) AS rai, Доп_угли2008!erk/IIf(Натура99!erk>0,Натура99!erk,0.43) AS erk, Станции2008!urg/IIf(Натура99!urg>0,Натура99!urg,0.645) AS urg, Станции2008!prim/IIf(Натура99!prim>0,Натура99!prim,0.388) AS prim, Станции2008!luch/IIf(Натура99!luch>0,Натура99!luch,0.256) AS luch, Станции2008!mag/IIf(Натура99!mag>0,Натура99!mag,0.64) AS mag, Станции2008!sah/IIf(Натура99!sah>0,Натура99!sah,0.596) AS sah, Станции2008!ushum/IIf(Натура99!ushum>0,Натура99!ushum,0.325) AS ushum, Станции2008.NUMB1120, Имена_станций.ordnumb AS numb1, Станции2008.DEP, Станции2008.OES, Станции2008.ER, Имена_областей.NAME AS oblname, Станции2008.VED, Имена_станций.Ведомство AS вед, Станции2008.OBL, Имена_станций.D, Имена_станций.R, Имена_ОЭС.name AS oesname, Имена_станций.MAIN, IIf([ved]>0,0,1) AS sost, IIf([main]>0,1,0) AS [group], Имена_станций.форэм, Станции2008.GK
FROM ((((Станции2008 LEFT JOIN Натура99 ON (Станции2008.NUMB1120=Натура99.NUMB1120) AND (Станции2008.YEAR=Натура99.YEAR)) LEFT JOIN Доп_угли2008 ON (Станции2008.YEAR=Доп_угли2008.YEAR) AND (Станции2008.NUMB1120=Доп_угли2008.NUMB1120)) INNER JOIN Имена_станций ON Станции2008.NUMB1120=Имена_станций.NUMB) INNER JOIN Имена_областей ON Станции2008.OBL=Имена_областей.OBL) INNER JOIN Имена_ОЭС ON Станции2008.OES=Имена_ОЭС.oes
WHERE (((Станции2008.YEAR)=2008) AND ((Станции2008.UGOL)>0));
"
"ОЭС-станции_натура_2014","3","SELECT Имена_станций.NAME AS Name1, Станции2014.YEAR, Станции2014.NUST, Станции2014.E, Станции2014.B, Станции2014!DON/IIf(Натура99!DON>0,Натура99!DON,0.699) AS don, Станции2014!podm/IIf(Натура99!podm>0,Натура99!podm,0.274) AS podm, IIf([int]>0,[int],0)+IIf([vork]>0,[vork],0) AS pech, Доп_угли2014!vork/IIf(Натура99!vork>0,Натура99!vork,0.677) AS Vork, Доп_угли2014!int/IIf(Натура99!int>0,Натура99!int,0.532) AS [int], Станции2014!kuzn/IIf(Натура99!kuzn>0,Натура99!kuzn,0.752) AS kuzn, IIf([sver]>0,[sver],0)+IIf([chel]>0,[chel],0)+IIf([kizel]>0,[kizel],0) AS Ural, Доп_угли2014!sver/IIf(Натура99!sver>0,Натура99!sver,0.316) AS sver, Доп_угли2014!chel/IIf(Натура99!chel>0,Натура99!chel,0.422) AS chel, Доп_угли2014!kizel/IIf(Натура99!kizel>0,Натура99!kizel,0.624) AS kizel, Станции2014!bashk/IIf(Натура99!bashk>0,Натура99!bashk,0.29) AS bashk, Станции2014!ekib/IIf(Натура99!ekib>0,Натура99!ekib,0.551) AS ekib, Станции2014!karag/IIf(Натура99!karag>0,Натура99!karag,0.502) AS karag, IIf([nazar]>0,[nazar],0)+IIf([ibor]>0,[ibor],0)+IIf([berez]>0,[berez],0)+IIf([per]>0,[per],0) AS kan, Доп_угли2014!nazar/IIf(Натура99!nazar>0,Натура99!nazar,0.484) AS nazar, Доп_угли2014!ibor/IIf(Натура99!ibor>0,Натура99!ibor,0.587) AS ibor, Доп_угли2014!berez/IIf(Натура99!berez>0,Натура99!berez,0.519) AS berez, Доп_угли2014!per/IIf(Натура99!per>0,Натура99!per,0.557) AS per, IIf([jer]>0,[jer],0)+IIf([karab]>0,[karab],0) AS TUNG, Доп_угли2014!jer/IIf(Натура99!jer>0,Натура99!jer,0.7) AS jer, Доп_угли2014!karab/IIf(Натура99!karab>0,Натура99!karab,0.72) AS karab, Станции2014!hak/IIf(Натура99!hak>0,Натура99!hak,0.656) AS hak, Станции2014!tuv/IIf(Натура99!tuv>0,Натура99!tuv,0.781) AS tuv, IIf([azey]>0,[azey],0)+IIf([cher]>0,[cher],0)+IIf([mug]>0,[mug],0) AS irkut, Доп_угли2014!azey/IIf(Натура99!azey>0,Натура99!azey,0.576) AS azey, Доп_угли2014!mug/IIf(Натура99!mug>0,Натура99!mug,0.584) AS mug, Доп_угли2014!cher/IIf(Натура99!cher>0,Натура99!cher,0.613) AS cher, IIf([gusin]>0,[gusin],0)+IIf([tugn]>0,[tugn],0) AS bur, Доп_угли2014!gusin/IIf(Натура99!gusin>0,Натура99!gusin,0.558) AS gusin, Доп_угли2014!tugn/IIf(Натура99!tugn>0,Натура99!tugn,0.711) AS tugn, IIf([har]>0,[har],0)+IIf([urt]>0,[urt],0) AS Chit, Доп_угли2014!har/IIf(Натура99!har>0,Натура99!har,0.47) AS har, Доп_угли2014!urt/IIf(Натура99!urt>0,Натура99!urt,0.62) AS urt, IIf([neru]>0,[neru],0)+IIf([pyak]>0,[pyak],0) AS ner, Доп_угли2014!neru/IIf(Натура99!neru>0,Натура99!neru,0.83) AS neru, Доп_угли2014!pyak/IIf(Натура99!pyak>0,Натура99!pyak,0.83) AS pyak, Станции2014!prim/IIf(Натура99!prim>0,Натура99!prim,0.388) AS prim, IIf([rai]>0,[rai],0)+IIf([erk]>0,[erk],0) AS raich, Доп_угли2014!rai/IIf(Натура99!rai>0,Натура99!rai,0.4) AS rai, Доп_угли2014!erk/IIf(Натура99!erk>0,Натура99!erk,0.43) AS erk, Станции2014!urg/IIf(Натура99!urg>0,Натура99!urg,0.645) AS urg, Станции2014!luch/IIf(Натура99!luch>0,Натура99!luch,0.256) AS luch, Станции2014!mag/IIf(Натура99!mag>0,Натура99!mag,0.64) AS mag, Станции2014!sah/IIf(Натура99!sah>0,Натура99!sah,0.596) AS sah, Станции2014!kamch/IIf(Натура99!kamch>0,Натура99!kamch,0.62) AS KAMCH, Станции2014!ushum/IIf(Натура99!ushum>0,Натура99!ushum,0.325) AS ushum, Станции2014.NUMB1120, Имена_станций.ordnumb AS numb1, Станции2014.DEP, Станции2014.OES, Станции2014.ER, Имена_областей.NAME AS oblname, Станции2014.VED, Имена_станций.Ведомство AS вед, Станции2014.OBL, Имена_станций.D, Имена_станций.R, Имена_ОЭС.name AS oesname, Имена_станций.MAIN, IIf([ved]>0,0,1) AS sost, IIf([main]>0,1,0) AS [group], Имена_станций.форэм, Станции2014.GK
FROM ((((Станции2014 LEFT JOIN Натура99 ON (Станции2014.NUMB1120=Натура99.NUMB1120) AND (Станции2014.YEAR=Натура99.YEAR)) LEFT JOIN Доп_угли2014 ON (Станции2014.YEAR=Доп_угли2014.YEAR) AND (Станции2014.NUMB1120=Доп_угли2014.NUMB1120)) INNER JOIN Имена_станций ON Станции2014.NUMB1120=Имена_станций.NUMB) INNER JOIN Имена_областей ON Станции2014.OBL=Имена_областей.OBL) INNER JOIN Имена_ОЭС ON Станции2014.OES=Имена_ОЭС.oes
WHERE (((Станции2014.YEAR)=2014) AND ((Станции2014.UGOL)>0));
"
"ОЭС-станции_натура_2016","3","SELECT Имена_станций.NAME AS Name1, Станции2016.YEAR, Станции2016.NUST, Станции2016.E, Станции2016.B, Станции2016!DON/IIf(Натура99!DON>0,Натура99!DON,0.699) AS don, Станции2016!podm/IIf(Натура99!podm>0,Натура99!podm,0.274) AS podm, IIf([int]>0,[int],0)+IIf([vork]>0,[vork],0) AS pech, Доп_угли2016!vork/IIf(Натура99!vork>0,Натура99!vork,0.677) AS Vork, Доп_угли2016!int/IIf(Натура99!int>0,Натура99!int,0.532) AS [int], Станции2016!kuzn/IIf(Натура99!kuzn>0,Натура99!kuzn,0.752) AS kuzn, IIf([sver]>0,[sver],0)+IIf([chel]>0,[chel],0)+IIf([kizel]>0,[kizel],0) AS Ural, Доп_угли2016!sver/IIf(Натура99!sver>0,Натура99!sver,0.316) AS sver, Доп_угли2016!chel/IIf(Натура99!chel>0,Натура99!chel,0.422) AS chel, Доп_угли2016!kizel/IIf(Натура99!kizel>0,Натура99!kizel,0.624) AS kizel, Станции2016!bashk/IIf(Натура99!bashk>0,Натура99!bashk,0.29) AS bashk, Станции2016!ekib/IIf(Натура99!ekib>0,Натура99!ekib,0.551) AS ekib, Станции2016!karag/IIf(Натура99!karag>0,Натура99!karag,0.502) AS karag, IIf([nazar]>0,[nazar],0)+IIf([ibor]>0,[ibor],0)+IIf([berez]>0,[berez],0)+IIf([per]>0,[per],0) AS kan, Доп_угли2016!nazar/IIf(Натура99!nazar>0,Натура99!nazar,0.484) AS nazar, Доп_угли2016!ibor/IIf(Натура99!ibor>0,Натура99!ibor,0.587) AS ibor, Доп_угли2016!berez/IIf(Натура99!berez>0,Натура99!berez,0.519) AS berez, Доп_угли2016!per/IIf(Натура99!per>0,Натура99!per,0.557) AS per, IIf([jer]>0,[jer],0)+IIf([karab]>0,[karab],0) AS TUNG, Доп_угли2016!jer/IIf(Натура99!jer>0,Натура99!jer,0.7) AS jer, Доп_угли2016!karab/IIf(Натура99!karab>0,Натура99!karab,0.72) AS karab, Станции2016!hak/IIf(Натура99!hak>0,Натура99!hak,0.656) AS hak, Станции2016!tuv/IIf(Натура99!tuv>0,Натура99!tuv,0.781) AS tuv, IIf([azey]>0,[azey],0)+IIf([cher]>0,[cher],0)+IIf([mug]>0,[mug],0) AS irkut, Доп_угли2016!azey/IIf(Натура99!azey>0,Натура99!azey,0.576) AS azey, Доп_угли2016!mug/IIf(Натура99!mug>0,Натура99!mug,0.584) AS mug, Доп_угли2016!cher/IIf(Натура99!cher>0,Натура99!cher,0.613) AS cher, IIf([gusin]>0,[gusin],0)+IIf([tugn]>0,[tugn],0) AS bur, Доп_угли2016!gusin/IIf(Натура99!gusin>0,Натура99!gusin,0.558) AS gusin, Доп_угли2016!tugn/IIf(Натура99!tugn>0,Натура99!tugn,0.711) AS tugn, IIf([har]>0,[har],0)+IIf([urt]>0,[urt],0) AS Chit, Доп_угли2016!har/IIf(Натура99!har>0,Натура99!har,0.47) AS har, Доп_угли2016!urt/IIf(Натура99!urt>0,Натура99!urt,0.62) AS urt, IIf([neru]>0,[neru],0)+IIf([pyak]>0,[pyak],0) AS yakut, Доп_угли2016!neru/IIf(Натура99!neru>0,Натура99!neru,0.83) AS neru, Доп_угли2016!pyak/IIf(Натура99!pyak>0,Натура99!pyak,0.83) AS pyak, Станции2016!prim/IIf(Натура99!prim>0,Натура99!prim,0.388) AS prim, IIf([rai]>0,[rai],0)+IIf([erk]>0,[erk],0) AS amur, Доп_угли2016!rai/IIf(Натура99!rai>0,Натура99!rai,0.4) AS rai, Доп_угли2016!erk/IIf(Натура99!erk>0,Натура99!erk,0.43) AS erk, Станции2016!urg/IIf(Натура99!urg>0,Натура99!urg,0.645) AS urg, Станции2016!luch/IIf(Натура99!luch>0,Натура99!luch,0.256) AS luch, Станции2016!mag/IIf(Натура99!mag>0,Натура99!mag,0.64) AS mag, Станции2016!sah/IIf(Натура99!sah>0,Натура99!sah,0.596) AS sah, Станции2016!kamch/IIf(Натура99!kamch>0,Натура99!kamch,0.62) AS KAMCH, Станции2016!ushum/IIf(Натура99!ushum>0,Натура99!ushum,0.325) AS ushum, Станции2016.NUMB1120, Имена_станций.ordnumb AS numb1, Станции2016.DEP, Станции2016.OES, Станции2016.ER, Имена_областей.NAME AS oblname, Станции2016.VED, Имена_станций.Ведомство AS вед, Станции2016.OBL, Имена_станций.D, Имена_станций.R, Имена_ОЭС.name AS oesname, Имена_станций.MAIN, IIf([ved]>0,0,1) AS sost, IIf([main]>0,1,0) AS [group], Имена_станций.форэм, Станции2016.GK
FROM ((((Станции2016 LEFT JOIN Натура99 ON (Станции2016.NUMB1120=Натура99.NUMB1120) AND (Станции2016.YEAR=Натура99.YEAR)) LEFT JOIN Доп_угли2016 ON (Станции2016.YEAR=Доп_угли2016.YEAR) AND (Станции2016.NUMB1120=Доп_угли2016.NUMB1120)) INNER JOIN Имена_станций ON Станции2016.NUMB1120=Имена_станций.NUMB) INNER JOIN Имена_областей ON Станции2016.OBL=Имена_областей.OBL) INNER JOIN Имена_ОЭС ON Станции2016.OES=Имена_ОЭС.oes
WHERE (((Станции2016.YEAR)=2016) AND ((Станции2016.UGOL)>0));
"
"ОЭС-станции_натура_архив","3","SELECT Имена_станций.NAME AS Name1, [Станции(архив)].year, [Станции(архив)].nust, [Станции(архив)].E, [Станции(архив)].B, [Станции(архив)]!DON/IIf(Натура99!DON>0,Натура99!DON,0.699) AS don, [Станции(архив)]!podm/IIf(Натура99!podm>0,Натура99!podm,0.274) AS podm, IIf([int]>0,[int],0)+IIf([vork]>0,[vork],0) AS pech, [Доп_угли(архив)]!vork/IIf(Натура99!vork>0,Натура99!vork,0.677) AS Vork, [Доп_угли(архив)]!int/IIf(Натура99!int>0,Натура99!int,0.532) AS [int], [Станции(архив)]!kuzn/IIf(Натура99!kuzn>0,Натура99!kuzn,0.752) AS kuzn, IIf([sver]>0,[sver],0)+IIf([chel]>0,[chel],0)+IIf([kizel]>0,[kizel],0) AS Ural, [Доп_угли(архив)]!sver/IIf(Натура99!sver>0,Натура99!sver,0.316) AS sver, [Доп_угли(архив)]!chel/IIf(Натура99!chel>0,Натура99!chel,0.422) AS chel, [Доп_угли(архив)]!kizel/IIf(Натура99!kizel>0,Натура99!kizel,0.624) AS kizel, [Станции(архив)]!bashk/IIf(Натура99!bashk>0,Натура99!bashk,0.29) AS bashk, [Станции(архив)]!ekib/IIf(Натура99!ekib>0,Натура99!ekib,0.551) AS ekib, [Станции(архив)]!karag/IIf(Натура99!karag>0,Натура99!karag,0.502) AS karag, IIf([nazar]>0,[nazar],0)+IIf([ibor]>0,[ibor],0)+IIf([berez]>0,[berez],0)+IIf([per]>0,[per],0) AS kan, [Доп_угли(архив)]!nazar/IIf(Натура99!nazar>0,Натура99!nazar,0.484) AS nazar, [Доп_угли(архив)]!ibor/IIf(Натура99!ibor>0,Натура99!ibor,0.537) AS ibor, [Доп_угли(архив)]!berez/IIf(Натура99!berez>0,Натура99!berez,0.519) AS berez, [Доп_угли(архив)]!per/IIf(Натура99!per>0,Натура99!per,0.537) AS per, IIf([azey]>0,[azey],0)+IIf([cher]>0,[cher],0)+IIf([jer]>0,[jer],0) AS irkut, [Доп_угли(архив)]!azey/IIf(Натура99!azey>0,Натура99!azey,0.554) AS azey, [Доп_угли(архив)]!cher/IIf(Натура99!cher>0,Натура99!cher,0.613) AS cher, [Доп_угли(архив)]!jer/IIf(Натура99!jer>0,Натура99!jer,0.7) AS jer, [Станции(архив)]!hak/IIf(Натура99!hak>0,Натура99!hak,0.656) AS hak, [Станции(архив)]!tuv/IIf(Натура99!tuv>0,Натура99!tuv,0.781) AS tuv, IIf([gusin]>0,[gusin],0)+IIf([tugn]>0,[tugn],0) AS bur, [Доп_угли(архив)]!gusin/IIf(Натура99!gusin>0,Натура99!gusin,0.528) AS gusin, [Доп_угли(архив)]!tugn/IIf(Натура99!tugn>0,Натура99!tugn,0.708) AS tugn, IIf([Станции(архив)].year>2001,IIf([har]>0,[har],0)+IIf([urt]>0,[urt],0),[chit1]) AS Chit, [Станции(архив)]!chit/IIf(Натура99!chit>0,Натура99!chit,0.45) AS chit1, [Доп_угли(архив)]!har/IIf(Натура99!har>0,Натура99!har,0.43) AS har, [Доп_угли(архив)]!urt/IIf(Натура99!urt>0,Натура99!urt,0.62) AS urt, [Станции(архив)]!yakut/IIf(Натура99!YAKUT>0,Натура99!YAKUT,0.876) AS yakut, [Станции(архив)]!amur/IIf(Натура99!AMUR>0,Натура99!AMUR,0.38) AS amur, [Станции(архив)]!urg/IIf(Натура99!urg>0,Натура99!urg,0.645) AS urg, [Станции(архив)]!prim/IIf(Натура99!prim>0,Натура99!prim,0.388) AS prim, [Станции(архив)]!luch/IIf(Натура99!luch>0,Натура99!luch,0.256) AS luch, [Станции(архив)]!mag/IIf(Натура99!mag>0,Натура99!mag,0.64) AS mag, [Станции(архив)]!sah/IIf(Натура99!sah>0,Натура99!sah,0.596) AS sah, [Станции(архив)]!ushum/IIf(Натура99!ushum>0,Натура99!ushum,0.325) AS ushum, [Станции(архив)].numb1120, Имена_станций.ordnumb AS numb1, [Станции(архив)].dep, [Станции(архив)].oes, [Станции(архив)].er, Имена_областей.NAME AS oblname, [Станции(архив)].ved, Имена_станций.Ведомство AS вед, [Станции(архив)].obl, Имена_станций.D, Имена_станций.R, Имена_ОЭС.name AS oesname, Имена_станций.MAIN, IIf([ved]>0,0,1) AS sost, IIf([main]>0,1,0) AS [group]
FROM (((([Станции(архив)] LEFT JOIN Натура99 ON ([Станции(архив)].year=Натура99.YEAR) AND ([Станции(архив)].numb1120=Натура99.NUMB1120)) LEFT JOIN [Доп_угли(архив)] ON ([Станции(архив)].numb1120=[Доп_угли(архив)].NUMB1120) AND ([Станции(архив)].year=[Доп_угли(архив)].YEAR)) INNER JOIN Имена_станций ON [Станции(архив)].numb1120=Имена_станций.NUMB) INNER JOIN Имена_областей ON [Станции(архив)].obl=Имена_областей.OBL) INNER JOIN Имена_ОЭС ON [Станции(архив)].oes=Имена_ОЭС.oes
WHERE ((([Станции(архив)].year)>1998) AND (([Станции(архив)].ugol)>0));
"
"ОЭС-станции-все-угли","3","SELECT DISTINCTROW Имена_станций.NAME AS NAME1, [Рабочий(станции)].YEAR, [Рабочий(станции)].NUST, [Рабочий(станции)].E, [Рабочий(станции)].B, [Рабочий(станции)].UGOL, [Рабочий(станции)].DON, [Рабочий(станции)].PODM, [Рабочий(станции)].PECH, IIf([Рабочий(станции)]![YEAR]=1999,[Разбивка99]![vork],[Рабочий(станции)]![PECH]*[Разбивка-на-перспективу]![vork]) AS Vork, IIf([Рабочий(станции)]![YEAR]=1999,[Разбивка99]![int],[Рабочий(станции)]![PECH]*[Разбивка-на-перспективу]![int]) AS [int], [Рабочий(станции)].ARKT, [Рабочий(станции)].KUZN, IIf([Рабочий(станции)]![YEAR]=1999,0,[Рабочий(станции)]![kuzn]*[Разбивка-на-перспективу]![kuznt]) AS kuznt, IIf([Рабочий(станции)]![YEAR]=1999,0,[Рабочий(станции)]![kuzn]*[Разбивка-на-перспективу]![kuznss]) AS kuznss, IIf([Рабочий(станции)]![YEAR]=1999,0,[Рабочий(станции)]![kuzn]*[Разбивка-на-перспективу]![kuzngd]) AS kuzngd, IIf([Рабочий(станции)]![YEAR]=1999,0,[Рабочий(станции)]![kuzn]*[Разбивка-на-перспективу]![kuznun]) AS kuznun, IIf([Рабочий(станции)]![YEAR]=1999,[Разбивка99]![sver],[Рабочий(станции)]![Ural]*[Разбивка-на-перспективу]![sver]) AS sver, IIf([Рабочий(станции)]![YEAR]=1999,[Разбивка99]![chel],[Рабочий(станции)]![Ural]*[Разбивка-на-перспективу]![chel]) AS chel, IIf([Рабочий(станции)]![YEAR]=1999,[Разбивка99]![kizel],[Рабочий(станции)]![Ural]*[Разбивка-на-перспективу]![kizel]) AS kizel, [Рабочий(станции)].BASHK, [Рабочий(станции)].EKIB AS Выражение1, [Рабочий(станции)].KARAG, [Рабочий(станции)].KAN, [Рабочий(станции)].IRKUT, IIf([Рабочий(станции)]![YEAR]=1999,[Разбивка99]![azey],[Рабочий(станции)]![irkut]*[Разбивка-на-перспективу]![azey]) AS azey, IIf([Рабочий(станции)]![YEAR]=1999,[Разбивка99]![cher],[Рабочий(станции)]![irkut]*[Разбивка-на-перспективу]![cher]) AS cher, [Рабочий(станции)].HAK, [Рабочий(станции)].TUV, [Рабочий(станции)].BUR, IIf([Рабочий(станции)]![YEAR]=1999,[Разбивка99]![gusin],[Рабочий(Доп_угли)]![gusin]) AS gusin, IIf([Рабочий(станции)]![YEAR]=1999,[Разбивка99]![tugn],[Рабочий(Доп_угли)]![tugn]) AS tugn, [Рабочий(станции)].CHIT, [Рабочий(станции)].HER AS Выражение1, [Рабочий(станции)].RAICH AS Выражение2, [Рабочий(станции)].URG, [Рабочий(станции)].PRIM, [Рабочий(станции)].LUCH, [Рабочий(станции)].MAG, [Рабочий(станции)].SAH, [Рабочий(станции)].QOTR, [Рабочий(станции)].SNK, [Рабочий(станции)].EWTP, [Рабочий(станции)].NT, [Рабочий(станции)].OBOR, [Рабочий(станции)].VED, [Рабочий(станции)].OBL, [Рабочий(станции)].DEP, [Рабочий(станции)].OES, [Рабочий(станции)].ER, [Рабочий(станции)].NUMB1120, Имена_станций.ordnumb AS numb1, Имена_областей.NAME AS oblname, IIf([Рабочий(станции)]![YEAR]=1999,[Разбивка99]![nazar],[Рабочий(Доп_угли)]![nazar]) AS nazar, IIf([Рабочий(станции)]![YEAR]=1999,[Разбивка99]![ibor],[Рабочий(Доп_угли)]![ibor]) AS ibor, IIf([Рабочий(станции)]![YEAR]=1999,[Разбивка99]![berez],[Рабочий(Доп_угли)]![berez]) AS berez
FROM Разбивка99, [Разбивка-на-перспективу], (([Рабочий(станции)] INNER JOIN Имена_областей ON [Рабочий(станции)].OBL = Имена_областей.OBL) INNER JOIN Имена_станций ON [Рабочий(станции)].NUMB1120 = Имена_станций.NUMB) LEFT JOIN [Рабочий(доп_угли)] ON ([Рабочий(станции)].NUMB1120 = [Рабочий(доп_угли)].NUMB1120) AND ([Рабочий(станции)].YEAR = [Рабочий(доп_угли)].YEAR)
WHERE ((([Рабочий(станции)].YEAR)>0) AND (([Рабочий(станции)].UGOL)>0));
"
"ОЭС-станции-натура_2016","3","SELECT Имена_станций.NAME AS Name1, Станции2016.YEAR, Станции2016.NUST, Станции2016.E, Станции2016.B, Станции2016!DON/IIf(Натура99!DON>0,Натура99!DON,0.699) AS don, Станции2016!podm/IIf(Натура99!podm>0,Натура99!podm,0.274) AS podm, IIf([int]>0,[int],0)+IIf([vork]>0,[vork],0) AS pech, Доп_угли2016!vork/IIf(Натура99!vork>0,Натура99!vork,0.677) AS Vork, Доп_угли2016!int/IIf(Натура99!int>0,Натура99!int,0.532) AS [int], Станции2016!kuzn/IIf(Натура99!kuzn>0,Натура99!kuzn,0.752) AS kuzn, IIf([sver]>0,[sver],0)+IIf([chel]>0,[chel],0)+IIf([kizel]>0,[kizel],0) AS Ural, Доп_угли2016!sver/IIf(Натура99!sver>0,Натура99!sver,0.316) AS sver, Доп_угли2016!chel/IIf(Натура99!chel>0,Натура99!chel,0.422) AS chel, Доп_угли2016!kizel/IIf(Натура99!kizel>0,Натура99!kizel,0.624) AS kizel, Станции2016!bashk/IIf(Натура99!bashk>0,Натура99!bashk,0.29) AS bashk, Станции2016!ekib/IIf(Натура99!ekib>0,Натура99!ekib,0.551) AS ekib, Станции2016!karag/IIf(Натура99!karag>0,Натура99!karag,0.502) AS karag, IIf([nazar]>0,[nazar],0)+IIf([ibor]>0,[ibor],0)+IIf([berez]>0,[berez],0)+IIf([per]>0,[per],0) AS kan, Доп_угли2016!nazar/IIf(Натура99!nazar>0,Натура99!nazar,0.484) AS nazar, Доп_угли2016!ibor/IIf(Натура99!ibor>0,Натура99!ibor,0.587) AS ibor, Доп_угли2016!berez/IIf(Натура99!berez>0,Натура99!berez,0.519) AS berez, Доп_угли2016!per/IIf(Натура99!per>0,Натура99!per,0.557) AS per, IIf([jer]>0,[jer],0)+IIf([karab]>0,[karab],0) AS TUNG, Доп_угли2016!jer/IIf(Натура99!jer>0,Натура99!jer,0.7) AS jer, Доп_угли2016!karab/IIf(Натура99!karab>0,Натура99!karab,0.72) AS karab, Станции2016!hak/IIf(Натура99!hak>0,Натура99!hak,0.656) AS hak, Станции2016!tuv/IIf(Натура99!tuv>0,Натура99!tuv,0.781) AS tuv, IIf([azey]>0,[azey],0)+IIf([cher]>0,[cher],0)+IIf([mug]>0,[mug],0) AS irkut, Доп_угли2016!azey/IIf(Натура99!azey>0,Натура99!azey,0.576) AS azey, Доп_угли2016!mug/IIf(Натура99!mug>0,Натура99!mug,0.584) AS mug, Доп_угли2016!cher/IIf(Натура99!cher>0,Натура99!cher,0.613) AS cher, IIf([gusin]>0,[gusin],0)+IIf([tugn]>0,[tugn],0) AS bur, Доп_угли2016!gusin/IIf(Натура99!gusin>0,Натура99!gusin,0.558) AS gusin, Доп_угли2016!tugn/IIf(Натура99!tugn>0,Натура99!tugn,0.711) AS tugn, IIf([har]>0,[har],0)+IIf([urt]>0,[urt],0) AS Chit, Доп_угли2016!har/IIf(Натура99!har>0,Натура99!har,0.47) AS har, Доп_угли2016!urt/IIf(Натура99!urt>0,Натура99!urt,0.62) AS urt, IIf([neru]>0,[neru],0)+IIf([pyak]>0,[pyak],0) AS ner, Доп_угли2016!neru/IIf(Натура99!neru>0,Натура99!neru,0.83) AS neru, Доп_угли2016!pyak/IIf(Натура99!pyak>0,Натура99!pyak,0.83) AS pyak, Станции2016!prim/IIf(Натура99!prim>0,Натура99!prim,0.388) AS prim, IIf([rai]>0,[rai],0)+IIf([erk]>0,[erk],0) AS raich, Доп_угли2016!rai/IIf(Натура99!rai>0,Натура99!rai,0.4) AS rai, Доп_угли2016!erk/IIf(Натура99!erk>0,Натура99!erk,0.43) AS erk, Станции2016!urg/IIf(Натура99!urg>0,Натура99!urg,0.645) AS urg, Станции2016!luch/IIf(Натура99!luch>0,Натура99!luch,0.256) AS luch, Станции2016!mag/IIf(Натура99!mag>0,Натура99!mag,0.64) AS mag, Станции2016!sah/IIf(Натура99!sah>0,Натура99!sah,0.596) AS sah, Станции2016!kamch/IIf(Натура99!kamch>0,Натура99!kamch,0.62) AS KAMCH, Станции2016!ushum/IIf(Натура99!ushum>0,Натура99!ushum,0.325) AS ushum, Станции2016.NUMB1120, Имена_станций.ordnumb AS numb1, Станции2016.DEP, Станции2016.OES, Станции2016.ER, Имена_областей.NAME AS oblname, Станции2016.VED, Имена_станций.Ведомство AS вед, Станции2016.OBL, Имена_станций.D, Имена_станций.R, Имена_ОЭС.name AS oesname, Имена_станций.MAIN, IIf([ved]>0,0,1) AS sost, IIf([main]>0,1,0) AS [group], Имена_станций.форэм, Станции2016.GK
FROM ((((Станции2016 LEFT JOIN Натура99 ON (Станции2016.NUMB1120=Натура99.NUMB1120) AND (Станции2016.YEAR=Натура99.YEAR)) LEFT JOIN Доп_угли2016 ON (Станции2016.YEAR=Доп_угли2016.YEAR) AND (Станции2016.NUMB1120=Доп_угли2016.NUMB1120)) INNER JOIN Имена_станций ON Станции2016.NUMB1120=Имена_станций.NUMB) INNER JOIN Имена_областей ON Станции2016.OBL=Имена_областей.OBL) INNER JOIN Имена_ОЭС ON Станции2016.OES=Имена_ОЭС.oes
WHERE (((Станции2016.YEAR)=2016) AND ((Станции2016.UGOL)>0));
"
"Первое полугодие","3","SELECT First(Имена_станций.NAME) AS [First-NAME], [станции95(режимы)].NUMB, Sum([станции95(режимы)].Q) AS [Sum-Q], Имена_станций.ordnumb
FROM [станции95(режимы)] INNER JOIN Имена_станций ON [станции95(режимы)].NUMB=Имена_станций.NUMB
WHERE ((([станции95(режимы)].MONTH)=""январь"" Or ([станции95(режимы)].MONTH)=""февраль"" Or ([станции95(режимы)].MONTH)=""март"" Or ([станции95(режимы)].MONTH)=""апрель"" Or ([станции95(режимы)].MONTH)=""май"" Or ([станции95(режимы)].MONTH)=""июнь""))
GROUP BY [станции95(режимы)].NUMB, Имена_станций.ordnumb
ORDER BY Имена_станций.ordnumb;
"
"Первое полугодие 91","3","SELECT First(Имена_станций.NAME) AS [First-NAME], [станции91(режимы)].NUMB, Sum([станции91(режимы)].Q) AS [Sum-Q], Имена_станций.ordnumb
FROM [станции91(режимы)] INNER JOIN Имена_станций ON [станции91(режимы)].NUMB=Имена_станций.NUMB
WHERE ((([станции91(режимы)].MONTH)=""январь"" Or ([станции91(режимы)].MONTH)=""февраль"" Or ([станции91(режимы)].MONTH)=""март"" Or ([станции91(режимы)].MONTH)=""апрель"" Or ([станции91(режимы)].MONTH)=""май"" Or ([станции91(режимы)].MONTH)=""июнь""))
GROUP BY [станции91(режимы)].NUMB, Имена_станций.ordnumb
ORDER BY Имена_станций.ordnumb;
"
"Первое полугодие АО","3","SELECT Имена_областей.АО, Sum([станции95(режимы)].Q) AS [Sum-Q]
FROM ([станции95(режимы)] INNER JOIN Имена_станций ON [станции95(режимы)].NUMB=Имена_станций.NUMB) INNER JOIN Имена_областей ON Имена_станций.OBL=Имена_областей.OBL
WHERE ((([станции95(режимы)].MONTH)=""январь"" Or ([станции95(режимы)].MONTH)=""февраль"" Or ([станции95(режимы)].MONTH)=""март"" Or ([станции95(режимы)].MONTH)=""апрель"" Or ([станции95(режимы)].MONTH)=""май"" Or ([станции95(режимы)].MONTH)=""июнь""))
GROUP BY Имена_областей.АО;
"
"Первое полугодие доля","3","SELECT [Первое полугодие].[First-NAME], [Первое полугодие]![Sum-Q]/Год_режимы![Sum-Q]*100 AS D95, Имена_станций.GK
FROM ([Первое полугодие] INNER JOIN Год_режимы ON [Первое полугодие].NUMB=Год_режимы.NUMB) INNER JOIN Имена_станций ON [Первое полугодие].NUMB=Имена_станций.NUMB
WHERE (((Имена_станций.MAIN) Is Null));
"
"Первое полугодие доля 91","3","SELECT [Первое полугодие 91].[First-NAME], [Первое полугодие 91]![Sum-Q]/Год_режимы_91![Sum-Q]*100 AS D91, Имена_станций.GK
FROM ([Первое полугодие 91] INNER JOIN Год_режимы_91 ON [Первое полугодие 91].NUMB=Год_режимы_91.NUMB) INNER JOIN Имена_станций ON [Первое полугодие 91].NUMB=Имена_станций.NUMB
WHERE (((Имена_станций.MAIN) Is Null));
"
"Перенос записей из GAZ в gaz_prir","2","INSERT INTO Доп_угли2021 ( [YEAR], NUMB1120, gaz_prir )
SELECT Станции2021.Year, Станции2021.NUMB1120, IIf([Станции2021]![GAZ]>0,IIf([Доп_угли2021]![gazpp]>0,[Станции2021]![GAZ]-[Доп_угли2021]![gazpp],[Станции2021]![GAZ]),0) AS Выражение1
FROM Станции2021 LEFT JOIN Доп_угли2021 ON (Станции2021.NUMB1120 = Доп_угли2021.NUMB1120) AND (Станции2021.YEAR = Доп_угли2021.YEAR)
WHERE (((Доп_угли2021.NUMB1120) Is Null));
"
"перенос из станции(архив) в доп_угли(архив)","2","INSERT INTO [Доп_угли(архив)] ( name, [year], numb1120, numb1, karag )
SELECT [Станции(архив)].name, [Станции(архив)].Year, [Станции(архив)].numb1120, [Станции(архив)].numb1, [Станции(архив)].karag
FROM [Станции(архив)]
WHERE ((([Станции(архив)].Year)<1999) AND (([Станции(архив)].numb1120)=571) AND (([Станции(архив)].karag)>0));
"
"Перенос стоимости в gaz_prir и maztop","2","UPDATE Стоимость2021 SET Стоимость2021.gaz_prir = IIf([gazpp]>0,[GAZ]-[gazpp],[GAZ]), Стоимость2021.maztop = [Стоимость2021]![MAZUT];
"
"Поиск повторений для Натура99","3","SELECT Натура99.[YEAR], Натура99.[NUMB1120], Натура99.[NAME], Натура99.[NUMB1], Имена_станций.ordnumb, Натура99.[GAZ], Натура99.[MAZUT], Натура99.[koksdom], Натура99.[prochgaz], Натура99.[tvproch], Натура99.[DON], Натура99.[PODM], Натура99.[vork], Натура99.[intin], Натура99.[ARKT], Натура99.[KUZN], Натура99.[kuzngd], Натура99.[kuznt], Натура99.[kuznss], Натура99.[kuznun], Натура99.[sver], Натура99.[chel], Натура99.[kizel], Натура99.[BASHK], Натура99.[KAZAH], Натура99.[ekib], Натура99.[maikub], Натура99.[KAN], Натура99.[nazar], Натура99.[ibor], Натура99.[berez], Натура99.[per], Натура99.[irbei], Натура99.[kansk], Натура99.[azey], Натура99.[mug], Натура99.[cher], Натура99.[jer], Натура99.[karab], Натура99.[HAK], Натура99.[TUV], Натура99.[BUR], Натура99.[gusin], Натура99.[tugn], Натура99.[okino], Натура99.[CHIT], Натура99.[har], Натура99.[urt], Натура99.[tataur], Натура99.[tarbag], Натура99.[zab_kam], Натура99.[YAKUT], Натура99.[neru], Натура99.[zyryan], Натура99.[pyak], Натура99.[AMUR], Натура99.[rai], Натура99.[erk], Натура99.[URG], Натура99.[USHUM], Натура99.[PRIM], Натура99.[bikin], Натура99.[razdol], Натура99.[hankai], Натура99.[LUCH], Натура99.[MAG], Натура99.[CHUKOT], Натура99.[bering], Натура99.[anad], Натура99.[KAMCH], Натура99.[SAH], Натура99.[VED1], Натура99.[OBL], Натура99.[DEP], Натура99.[OES], Натура99.[ER]
FROM Имена_станций LEFT JOIN Натура99 ON Имена_станций.NUMB = Натура99.NUMB1120
WHERE (((Натура99.[YEAR]) In (SELECT [YEAR] FROM [Натура99] As Tmp GROUP BY [YEAR],[NUMB1120] HAVING Count(*)>1  And [NUMB1120] = [Натура99].[NUMB1120])))
ORDER BY Натура99.[YEAR], Натура99.[NUMB1120];
"
"Поиск повторений для Удельные2011_2","3","SELECT Удельные2011_2.YEAR AS Выражение1, Удельные2011_2.NUMB1120 AS Выражение2, Удельные2011_2.NAME AS Выражение3
FROM Удельные2011_2
WHERE ((([Удельные2011_2].[YEAR]) In (SELECT [YEAR] FROM [Удельные2011_2] As Tmp GROUP BY [YEAR],[NUMB1120] HAVING Count(*)>1  And [NUMB1120] = [Удельные2011_2].[NUMB1120])))
ORDER BY Удельные2011_2.YEAR, Удельные2011_2.NUMB1120;
"
"Показатели_в_столбец","2","SELECT w.NAME AS NAME, YEAR,numb1120,oes,obl, nust AS data, 0.1  AS toplcode
FROM [Рабочий(станции)] AS w
union
SELECT w.NAME AS NAME, YEAR,numb1120,oes,obl,e AS data, 0.2  AS toplcode
FROM [Рабочий(станции)] AS w
union
SELECT w.NAME AS NAME, YEAR,numb1120,oes,obl,Q  AS data, 0.3  AS toplcode
FROM [Рабочий(станции)] AS w
UNION
 SELECT w.NAME AS NAME, YEAR, numb1120,oes,obl,B AS data,0.4  AS toplcode
FROM [Рабочий(станции)] AS w
UNION 
SELECT w.NAME AS NAME, YEAR, numb1120,oes,obl,gaz AS data,0.5  AS toplcode
FROM [Рабочий(станции)] AS w
where gaz>0
UNION SELECT w.NAME AS NAME, YEAR, numb1120,oes,obl,mazut AS data,0.6  AS toplcode
FROM [Рабочий(станции)] AS w
where mazut>0
UNION SELECT w.NAME AS NAME, YEAR, numb1120,oes,obl,torf AS data,0.7  AS toplcode
FROM [Рабочий(станции)] AS w
where torf>0
UNION SELECT w.NAME AS NAME, YEAR, numb1120,oes,obl,proch AS data,0.8  AS toplcode
FROM [Рабочий(станции)] AS w
where proch>0
UNION SELECT w.NAME AS NAME, YEAR, numb1120,oes,obl,ugol AS data,0.9  AS toplcode
FROM [Рабочий(станции)] AS w
where ugol>0;
"
"Проверка топлива","3","SELECT Имена_областей.NAME AS obl, Станции2024.NAME, Станции2024.B, Nz([EUST],0)+Nz([TUST],0) AS summ, [B]-[summ] AS d
FROM Имена_областей INNER JOIN Станции2024 ON Имена_областей.OBL = Станции2024.OBL
WHERE (((Станции2024.B)>0) AND ((Nz([EUST],0)+Nz([TUST],0))=0 Or (Nz([EUST],0)+Nz([TUST],0)) Is Null));
"
"Проверка-Q_Зернова","3","SELECT Разбивка99.NAME AS Выражение1, Разбивка99.YEAR AS Выражение2, Разбивка99.Q AS Выражение3, Разбивка99.QOTR AS Выражение4
FROM Разбивка99
WHERE (((Разбивка99.QOTR)>[Q]));
"
"Проверка-суммы-частей","3","SELECT Имена_областей.NAME AS Obl_name, Sum_chast.Stan_name, Nz(STAN.MAZUT,0) AS x1, Sum_chast.MAZUT AS x2, [x1] - [x2] AS d_mazut, Nz(STAN.UGOL,0) AS y1, Sum_chast.UGOL AS y2, [y1] - [y2] AS d_ugol, Nz(STAN.GAZ,0) AS z1, Sum_chast.GAZ AS z2, [z1] - [z2] AS d_gaz, Nz(STAN.ISK_GAZ,0) AS m1, Sum_chast.ISK_GAZ AS m2, [m1] - [m2] AS d_isk_gaz, Nz(STAN.TORF,0) AS n1, Sum_chast.TORF AS n2, [n1] - [n2] AS d_torf, Nz(STAN.PROCH,0) AS q1, Sum_chast.PROCH AS q2, [q1] - [q2] AS d_proch, Nz(STAN.E,0) AS w1, Sum_chast.E AS w2, [w1] - [w2] AS d_E, Nz(STAN.Q,0) AS v1, Sum_chast.Q AS v2, [v1] - [v2] AS d_Q, Nz(STAN.QOTR,0) AS u1, Sum_chast.QOTR AS u2, [u1] - [u2] AS d_QOTR, STAN.Year, Nz(STAN.B,0) AS r1, Sum_chast.B AS r2, [r1] - [r2] AS d_B, Nz(STAN.PECH,0) AS s1, Sum_chast.PECH AS s2, [s1] - [s2] AS d_PECH, Nz(STAN.KUZN,0) AS a1, Sum_chast.KUZN AS a2, [a1] - [a2] AS d_KUZN, Nz(STAN.KAZAH,0) AS b1, Sum_chast.KAZAH AS b2, [b1] - [b2] AS d_KAZAH, Nz(STAN.KAN,0) AS c1, Sum_chast.KAN AS c2, [c1] - [c2] AS d_KAN, Nz(STAN.IRKUT,0) AS f1, Sum_chast.IRKUT AS f2, [f1] - [f2] AS d_IRKUT, Nz(STAN.HAK,0) AS g1, Sum_chast.HAK AS g2, [g1] - [g2] AS d_HAK, Nz(STAN.AMUR,0) AS h1, Sum_chast.AMUR AS h2, [h1] - [h2] AS d_AMUR, Nz(STAN.PRIM,0) AS k1, Sum_chast.PRIM AS k2, [k1] - [k2] AS d_PRIM, Nz(STAN.DON,0) AS d1, Sum_chast.DON AS d2, [d1] - [d2] AS d_DON, Nz(STAN.PODM,0) AS p1, Sum_chast.PODM AS p2, [p1] - [p2] AS d_PODM, Nz(STAN.URAL,0) AS ul1, Sum_chast.URAL AS ul2, [ul1] - [ul2] AS d_URAL, Nz(STAN.BASHK,0) AS ba1, Sum_chast.BASHK AS ba2, [ba1] - [ba2] AS d_BASHK, Nz(STAN.TUV,0) AS t1, Sum_chast.TUV AS t2, [t1] - [t2] AS d_TUV, Nz(STAN.BUR,0) AS bu1, Sum_chast.BUR AS bu2, [bu1] - [bu2] AS d_BUR, Nz(STAN.CHIT,0) AS ch1, Sum_chast.CHIT AS ch2, [ch1] - [ch2] AS d_CHIT, Nz(STAN.YAKUT,0) AS ya1, Sum_chast.YAKUT AS ya2, [ya1] - [ya2] AS d_YAKUT, Nz(STAN.URG,0) AS ur1, Sum_chast.URG AS ur2, [ur1] - [ur2] AS d_URG, Nz(STAN.MAG,0) AS ma1, Sum_chast.MAG AS ma2, [ma1] - [ma2] AS d_MAG, Nz(STAN.CHUKOT,0) AS cu1, Sum_chast.CHUKOT AS cu2, [cu1] - [cu2] AS d_CHUKOT, Nz(STAN.SAH,0) AS sa1, Sum_chast.SAH AS sa2, [sa1] - [sa2] AS d_SAH, Nz(STAN.KAMCH,0) AS ka1, Sum_chast.KAMCH AS ka2, [cu1] - [cu2] AS d_KAMCH
FROM (Станции2024 AS STAN INNER JOIN Сумма_частей AS Sum_chast ON STAN.NUMB1120 = Sum_chast.NUMB1120) INNER JOIN Имена_областей ON STAN.OBL = Имена_областей.OBL;
"
"Проверка-суммы-частей(просмотр)","3","SELECT Prov_chast.Obl_name, Prov_chast.Stan_name, Prov_chast.Year, Round(Prov_chast.d_mazut,2) AS d_mazut, Round(Prov_chast.d_ugol,2) AS d_ugol, Round(Prov_chast.d_gaz,2) AS d_gaz, Round(Prov_chast.d_isk_gaz,2) AS d_isk_gaz, Round(Prov_chast.d_torf,2) AS d_torf, Round(Prov_chast.d_E,2) AS d_E, Round(Prov_chast.d_Q,2) AS d_Q, Round(Prov_chast.d_QOTR,2) AS d_QOTR, Round(Prov_chast.d_proch,2) AS d_proch, Round(Prov_chast.d_B,2) AS d_B, Round(Prov_chast.d_DON,2) AS d_DON, Round(Prov_chast.d_PODM,2) AS d_PODM, Round(Prov_chast.d_PECH,2) AS d_PECH, Round(Prov_chast.d_KUZN,2) AS d_KUZN, Round(Prov_chast.d_URAL,2) AS d_URAL, Round(Prov_chast.d_BASHK,2) AS d_BASHK, Round(Prov_chast.d_KAZAH,2) AS d_KAZAH, Round(Prov_chast.d_KAN,2) AS d_KAN, Round(Prov_chast.d_IRKUT,2) AS d_IRKUT, Round(Prov_chast.d_HAK,2) AS d_HAK, Round(Prov_chast.d_TUV,2) AS d_TUV, Round(Prov_chast.d_BUR,2) AS d_BUR, Round(Prov_chast.d_CHIT,2) AS d_CHIT, Round(Prov_chast.d_YAKUT,2) AS d_YAKUT, Round(Prov_chast.d_AMUR,2) AS d_AMUR, Round(Prov_chast.d_URG,2) AS d_URG, Round(Prov_chast.d_PRIM,2) AS d_PRIM, Round(Prov_chast.d_MAG,2) AS d_MAG, Round(Prov_chast.d_CHUKOT,2) AS d_CHUKOT, Round(Prov_chast.d_SAH,2) AS d_SAH, Round(Prov_chast.d_KAMCH,2) AS d_KAMCH
FROM [Проверка-суммы-частей] AS Prov_chast
WHERE (((Abs([Prov_chast].[d_mazut]))>0.5)) OR (((Abs([Prov_chast].[d_ugol]))>0.5)) OR (((Abs([Prov_chast].[d_gaz]))>0.5)) OR (((Abs([Prov_chast].[d_isk_gaz]))>0.5)) OR (((Abs([Prov_chast].[d_torf]))>0.5)) OR (((Abs([Prov_chast].[d_E]))>0.5)) OR (((Abs([Prov_chast].[d_Q]))>0.5)) OR (((Abs([Prov_chast].[d_QOTR]))>0.5)) OR (((Abs([Prov_chast].[d_proch]))>0.5)) OR (((Abs([Prov_chast].[d_B]))>0.5)) OR (((Abs([Prov_chast].[d_DON]))>0.5)) OR (((Abs([Prov_chast].[d_PODM]))>0.5)) OR (((Abs([Prov_chast].[d_PECH]))>0.5)) OR (((Abs([Prov_chast].[d_KUZN]))>0.5)) OR (((Abs([Prov_chast].[d_URAL]))>0.5)) OR (((Abs([Prov_chast].[d_BASHK]))>0.5)) OR (((Abs([Prov_chast].[d_KAZAH]))>0.5)) OR (((Abs([Prov_chast].[d_KAN]))>0.5)) OR (((Abs([Prov_chast].[d_IRKUT]))>0.5)) OR (((Abs([Prov_chast].[d_HAK]))>0.5)) OR (((Abs([Prov_chast].[d_TUV]))>0.5)) OR (((Abs([Prov_chast].[d_BUR]))>0.5)) OR (((Abs([Prov_chast].[d_CHIT]))>0.5)) OR (((Abs([Prov_chast].[d_YAKUT]))>0.5)) OR (((Abs([Prov_chast].[d_AMUR]))>0.5)) OR (((Abs([Prov_chast].[d_URG]))>0.5)) OR (((Abs([Prov_chast].[d_PRIM]))>0.5)) OR (((Abs([Prov_chast].[d_MAG]))>0.5)) OR (((Abs([Prov_chast].[d_CHUKOT]))>0.5)) OR (((Abs([Prov_chast].[d_SAH]))>0.5)) OR (((Abs([Prov_chast].[d_KAMCH]))>0.5));
"
"Пром_потр_по_годам","2","TRANSFORM Sum(Теплопотребление_АО.пром) AS [Sum-пром]
SELECT Теплопотребление_АО.Name
FROM Теплопотребление_АО
WHERE (((Теплопотребление_АО.год)=""2003"" Or (Теплопотребление_АО.год)=""2004""))
GROUP BY Теплопотребление_АО.Name
PIVOT Теплопотребление_АО.год;
"
"Просмотр перспективных удельных","3","SELECT [Станции(Схема)].NAME, [Станции(Схема)].YEAR, [Станции(Схема)].E, IIf([E]>0,[ewtp]/[E],0) AS D_ewtp, IIf([Q]>0,[qotr]/[Q],0) AS D_otr, [Станции(Схема)].EURT, [Станции(Схема)].NUMB1120
FROM [Станции(Схема)]
WHERE ((([Станции(Схема)].YEAR)>2018))
ORDER BY [Станции(Схема)].numb1, [Станции(Схема)].YEAR;
"
"Просмотр_сообщений","3","SELECT Имена_станций.NAME, Сообщения.stnumb AS Выражение1, Сообщения.msgtxt AS Выражение2, Сообщения.numb1120 AS Выражение3
FROM Сообщения, Имена_станций
WHERE (((InStr([msgtxt],""замена""))=""0"") AND ((InStr([msgtxt],""год""))=""0""))
ORDER BY Имена_станций.ordnumb;
"
"Проставление нолей в ЗВ","2","UPDATE [Выбросы ЗВ] AS ZV SET ZV.VIBROS_ekol = IIf(ZV.VIBROS_ekol Is Null,0,ZV.VIBROS_ekol), ZV.TVERD_V = IIf(ZV.TVERD_V Is Null,0,ZV.TVERD_V), ZV.[GAZ and ZHID] = IIf(ZV.[GAZ and ZHID] Is Null,0,ZV.[GAZ and ZHID]), ZV.SO2_gaz = IIf(ZV.SO2_gaz Is Null,0,ZV.SO2_gaz), ZV.CO_gaz = IIf(ZV.CO_gaz Is Null,0,ZV.CO_gaz), ZV.NOx_gaz = IIf(ZV.NOx_gaz Is Null,0,ZV.NOx_gaz), ZV.UGLEVOD = IIf(ZV.UGLEVOD Is Null,0,ZV.UGLEVOD), ZV.LOS = IIf(ZV.LOS Is Null,0,ZV.LOS), ZV.PROCH_ekol = IIf(ZV.PROCH_ekol Is Null,0,ZV.PROCH_ekol)
WHERE ((ZV.VIBROS_ekol Is Null) OR (ZV.TVERD_V Is Null) OR (ZV.[GAZ and ZHID] Is Null) Or (ZV.SO2_gaz Is Null) Or (ZV.CO_gaz Is Null) OR (ZV.NOx_gaz Is Null) OR (ZV.UGLEVOD Is Null) Or (ZV.LOS Is Null) OR (ZV.PROCH_ekol Is Null));
"
"Проставление нолей в ПГ","2","UPDATE [Выбросы ПГ] AS PG SET PG.GAZ_ekol = IIf(PG.GAZ_ekol Is Null,0,PG.GAZ_ekol), PG.CO2_gaz = IIf(PG.CO2_gaz Is Null,0,PG.CO2_gaz), PG.MAZUT_ekol = IIf(PG.[MAZUT_ekol] Is Null,0,PG.[MAZUT_ekol]), PG.CO2_mazut = IIf(PG.CO2_mazut Is Null,0,PG.CO2_mazut), PG.UGOL_ekol = IIf(PG.UGOL_ekol Is Null,0,PG.UGOL_ekol), PG.CO2_ugol = IIf(PG.CO2_ugol Is Null,0,PG.CO2_ugol), PG.CO2 = IIf(PG.CO2 Is Null,0,PG.CO2), PG.SF6 = IIf(PG.SF6 Is Null,0,PG.SF6)
WHERE ((PG.GAZ_ekol Is Null) Or (PG.CO2_gaz Is Null) Or (PG.MAZUT_ekol Is Null) Or (PG.CO2_mazut Is Null) Or (PG.UGOL_ekol Is Null) Or (PG.CO2_ugol Is Null) Or (PG.CO2 Is Null) Or (PG.SF6 Is Null));
"
"Проставление нолей в станции(архив)","2","UPDATE [Станции(архив)] SET [Станции(архив)].gaz = IIf([Станции(архив)].gaz Is Null,0,[Станции(архив)].gaz), [Станции(архив)].mazut = IIf([Станции(архив)].mazut Is Null,0,[Станции(архив)].mazut), [Станции(архив)].torf = IIf([Станции(архив)].torf Is Null,0,[Станции(архив)].torf), [Станции(архив)].ugol = IIf([Станции(архив)].ugol Is Null,0,[Станции(архив)].ugol), [Станции(архив)].E = IIf([Станции(архив)].E Is Null,0,[Станции(архив)].E), [Станции(архив)].Q = IIf([Станции(архив)].Q Is Null,0,[Станции(архив)].Q)
WHERE ((([Станции(архив)].Q) Is Null) OR (([Станции(архив)].E) Is Null) OR (([Станции(архив)].gaz) Is Null) OR (([Станции(архив)].mazut) Is Null) OR (([Станции(архив)].torf) Is Null) OR (([Станции(архив)].ugol) Is Null));
"
"Проставление нолей_Аня","2","UPDATE Доп_угли2021 SET Доп_угли2021.gazpp = IIf(Доп_угли2021.gazpp Is Null,0,Доп_угли2021.gazpp), Доп_угли2021.koksdom = IIf(Доп_угли2021.koksdom Is Null,0,Доп_угли2021.koksdom), Доп_угли2021.prochgaz = IIf(Доп_угли2021.prochgaz Is Null,0,Доп_угли2021.prochgaz), Доп_угли2021.tvproch = IIf(Доп_угли2021.tvproch Is Null,0,Доп_угли2021.tvproch)
WHERE (((Доп_угли2021.gazpp) Is Null) AND ((Доп_угли2021.koksdom) Is Null) AND ((Доп_угли2021.prochgaz) Is Null) AND ((Доп_угли2021.tvproch) Is Null));
"
"Разбивка_в _станции","2","UPDATE Станции2002 INNER JOIN Разбивка2002 ON Станции2002.NUMB1120=Разбивка2002.NUMB1120 SET Станции2002.NUST = Разбивка2002!NUST, Станции2002.E = Разбивка2002!E, Станции2002.EOTP = Разбивка2002!EOTP, Станции2002.EURT = Разбивка2002!EURT, Станции2002.EUST = Разбивка2002!EUST, Станции2002.Q = Разбивка2002!Q, Станции2002.TURT = Разбивка2002!TURT, Станции2002.TUST = Разбивка2002!TUST, Станции2002.B = Разбивка2002!B, Станции2002.GAZ = Разбивка2002!GAZ, Станции2002.MAZUT = Разбивка2002!MAZUT, Станции2002.UGOL = Разбивка2002!UGOL, Станции2002.QOTR = Разбивка2002!QOTR, Станции2002.EWTP = Разбивка2002!EWTP, Станции2002.SNK = Разбивка2002!SNK, Станции2002.SNt = Разбивка2002!SNT, Станции2002.NT = Разбивка2002!NT;
"
"Сибирские_угли","2","SELECT w.NAME AS NAME, YEAR,numb1120,oes,obl, kuzn AS data, 10 AS toplcode
FROM [Рабочий(станции)] AS w
WHERE (((kuzn)>0))
union
SELECT d.NAME AS NAME, YEAR,numb1120,oes,obl,kuzngd  AS data, 10.3 AS toplcode
FROM [Рабочий(доп_угли)] AS d
WHERE (((d.kuzngd)>0))
union
SELECT d.NAME AS NAME, YEAR,numb1120,oes,obl,kuznt  AS data, 10.1 AS toplcode
FROM [Рабочий(доп_угли)] AS d
WHERE (((d.kuznt)>0))
union
SELECT d.NAME AS NAME, YEAR,numb1120,oes,obl,kuznss  AS data, 10.2 AS toplcode
FROM [Рабочий(доп_угли)] AS d
WHERE (((d.kuznss)>0))
union
SELECT d.NAME AS NAME, YEAR,numb1120,oes,obl,kuznun  AS data, 10.4 AS toplcode
FROM [Рабочий(доп_угли)] AS d
WHERE (((d.kuznun)>0))
union
SELECT w.NAME AS NAME, YEAR,numb1120,oes,obl,kan AS data, 16.5  AS toplcode
FROM [Рабочий(станции)] AS w
WHERE (((kan)>0))
union
SELECT d.NAME AS NAME, YEAR,numb1120,oes,obl,nazar  AS data, 17 AS toplcode
FROM [Рабочий(доп_угли)] AS d
WHERE (((d.nazar)>0))
union
SELECT d.NAME AS NAME, YEAR,numb1120,oes,obl,ibor  AS data,18 AS toplcode
FROM [Рабочий(доп_угли)] AS d
WHERE (((d.ibor)>0))
union
SELECT d.NAME AS NAME, YEAR,numb1120,oes,obl,berez  AS data, 19 AS toplcode
FROM [Рабочий(доп_угли)] AS d
WHERE (((d.berez)>0))
union
SELECT d.NAME AS NAME, YEAR,numb1120,oes,obl,per  AS data,19.1 AS toplcode
FROM [Рабочий(доп_угли)] AS d
WHERE (((d.per)>0))
union
SELECT w.NAME AS NAME,YEAR,numb1120,oes,obl, tuv AS data,21  AS toplcode
FROM [Рабочий(станции)] AS w
WHERE (((tuv)>0))
union
SELECT w.NAME AS NAME, YEAR, numb1120,oes,obl,hak  AS data, 20 AS toplcode
FROM [Рабочий(станции)] AS w
WHERE (((hak)>0))
union
SELECT w.NAME AS NAME,YEAR,numb1120,oes,obl, irkut AS data, 21.5 AS toplcode
FROM [Рабочий(станции)] AS w
WHERE (((irkut)>0))
union
SELECT d.NAME AS NAME, YEAR,numb1120,oes,obl,azey  AS data, 22 AS toplcode
FROM [Рабочий(доп_угли)] AS d
WHERE (((d.azey)>0))
union
SELECT d.NAME AS NAME, YEAR,numb1120,oes,obl,cher  AS data,23 AS toplcode
FROM [Рабочий(доп_угли)] AS d
WHERE (((d.cher)>0))
union
SELECT w.NAME AS NAME,YEAR,numb1120,oes,obl, bur AS data, 23.5  AS toplcode
FROM [Рабочий(станции)] AS w
WHERE (((bur)>0))
union
SELECT d.NAME AS NAME, YEAR,numb1120,oes,obl,gusin  AS data, 24 AS toplcode
FROM [Рабочий(доп_угли)] AS d
WHERE (((d.gusin)>0))
union
SELECT d.NAME AS NAME, YEAR,numb1120,oes,obl,tugn  AS data,25 AS toplcode
FROM [Рабочий(доп_угли)] AS d
WHERE (((d.tugn)>0))
UNION SELECT w.NAME AS NAME,YEAR,numb1120,oes,obl, chit AS data, 26 AS toplcode
FROM [Рабочий(станции)] AS w
WHERE (((chit)>0));
"
"Сибирь","3","SELECT DISTINCTROW [Рабочий-для-ввода].NAME, [Рабочий-для-ввода].YEAR, [Рабочий-для-ввода].NUST, [Рабочий-для-ввода].E, [Рабочий-для-ввода].EOTP, [Рабочий-для-ввода].EURT, [Рабочий-для-ввода].EUST, [Рабочий-для-ввода].Q, [Рабочий-для-ввода].TURT, [Рабочий-для-ввода].TUST, [Рабочий-для-ввода].B, [Рабочий-для-ввода].GAZ, [Рабочий-для-ввода].MAZUT, [Рабочий-для-ввода].UGOL, [Рабочий-для-ввода].KUZN, [Рабочий-для-ввода].HAK, [Рабочий-для-ввода].KAN, [Рабочий-для-ввода].EKIB AS Выражение1, [Рабочий-для-ввода].NER AS Выражение2, [Рабочий-для-ввода].IRKUT, [Рабочий-для-ввода].BUR, [Рабочий-для-ввода].CHIT, [Рабочий-для-ввода].TUV, [Рабочий-для-ввода].PROCH, [Рабочий-для-ввода].QOTR, [Рабочий-для-ввода].SNK, [Рабочий-для-ввода].EWTP, [Рабочий-для-ввода].NT, [Рабочий-для-ввода].NUMB1120, IIf([comp]=1,[numb],[main]) AS numbm, [Рабочий-для-ввода].SNt
FROM [Рабочий-для-ввода] INNER JOIN Имена_станций ON [Рабочий-для-ввода].NUMB1120=Имена_станций.NUMB
WHERE ((([Рабочий-для-ввода].OES)=6))
ORDER BY Имена_станций.ordnumb;
"
"Справка","2","SELECT Имена_станций.NAME AS name1, w.numb1120, w.numb1, 0 as v,w.YEAR, 1 as var, Имена_областей.NAME AS oblname, Имена_ОЭС.name AS oesname, w.OBL, w.OES ,iif(w.year<=2000,w.kuzn/kn(n.kuzn,0.777,w.year),z(d.[kuznt]/0.81)+z(d.[kuzngd]/0.718)+z(d.[kuznss]/0.803)+z(d.[kuznun]/0.769)) as f01,z(d.nazar/kn(n.nazar,0.484,w.year))+z(d.ibor/kn(n.ibor,0.537,w.year))+z(d.berez/kn(n.berez,0.519,w.year))+z(d.per/kn(n.per,0.537,w.year)) as f02,d.ibor/kn(n.ibor,0.537,w.year) as f03,w.hak/kn(n.hak,0.656,w.year) as f04,z(d.azey/kn(n.azey,0.554,w.year))+z(d.cher/kn(n.cher,0.613,w.year)) as f05,d.azey/kn(n.azey,0.554,w.year) as f06,d.cher/kn(n.cher,0.613,w.year) as f07,z(d.gusin/kn(n.gusin,0.528,w.year))+z(d.tugn/kn(n.tugn,0.708,w.year)) as f08,d.tugn/kn(n.tugn,0.708,w.year) as f09,w.chit/kn(n.chit,0.434,w.year) as f10,w.ner/kn(n.her,0.876,w.year) as f11,w.raich/kn(n.raich,0.38,w.year) as f12,w.prim/kn(n.prim,0.388,w.year) as f13,w.luch/kn(n.luch,0.256,w.year) as f14,w.urg/kn(n.urg,0.645,w.year) as f15 FROM (((([Станции1135_новый] as w left join [доп_угли_1135_новый] as d on w.numb1120=d.numb1120 and w.year=d.year ) inner join имена_станций on w.numb1120=имена_станций.numb ) left join Натура99 as n on w.numb1120=n.numb1120  and w.year=n.year)INNER JOIN Имена_областей ON w.OBL = Имена_областей.OBL) INNER JOIN Имена_ОЭС ON w.OES = Имена_ОЭС.oes Where ((ugol>0) AND (w.er=12)) UNION Select ""Всего"" as name1,0 as numb1,0 as numb1120,0 as v,w.year,1 as var,null as oblname,null as oesname,0 as oes,0 as obl,sum(iif(w.year<=2000,w.kuzn/kn(n.kuzn,0.777,w.year),z(d.[kuznt]/0.81)+z(d.[kuzngd]/0.718)+z(d.[kuznss]/0.803)+z(d.[kuznun]/0.769))) as f01,sum(z(d.nazar/kn(n.nazar,0.484,w.year))+z(d.ibor/kn(n.ibor,0.537,w.year))+z(d.berez/kn(n.berez,0.519,w.year))+z(d.per/kn(n.per,0.537,w.year))) as f02,sum(d.ibor/kn(n.ibor,0.537,w.year)) as f03,sum(w.hak/kn(n.hak,0.656,w.year)) as f04,sum(z(d.azey/kn(n.azey,0.554,w.year))+z(d.cher/kn(n.cher,0.613,w.year))) as f05,sum(d.azey/kn(n.azey,0.554,w.year)) as f06,sum(d.cher/kn(n.cher,0.613,w.year)) as f07,sum(z(d.gusin/kn(n.gusin,0.528,w.year))+z(d.tugn/kn(n.tugn,0.708,w.year))) as f08,sum(d.tugn/kn(n.tugn,0.708,w.year)) as f09,sum(w.chit/kn(n.chit,0.434,w.year)) as f10,sum(w.ner/kn(n.her,0.876,w.year)) as f11,sum(w.raich/kn(n.raich,0.38,w.year)) as f12,sum(w.prim/kn(n.prim,0.388,w.year)) as f13,sum(w.luch/kn(n.luch,0.256,w.year)) as f14,sum(w.urg/kn(n.urg,0.645,w.year)) as f15 from (([Станции1135_новый] as w left join [доп_угли_1135_новый] as d on w.numb1120=d.numb1120 and w.year=d.year ) inner join имена_станций on w.numb1120=имена_станций.numb ) left join Натура99 as n on w.numb1120=n.numb1120  and w.year=n.year Where ((ugol>0) AND (w.er=12)) and w.ved>0 group by w.year;
"
"Справка(станции)","3","SELECT Имена_станций.NAME AS name1, w.numb1120, w.numb1, w.YEAR, Имена_областей.NAME AS oblname, Имена_ОЭС.name AS oesname, w.OBL, w.OES, w.NUST AS f01, iif(z(w.nust)>0,w.e/w.nust*1000,0) AS f02, null AS f03, null AS f04, null AS f05, null AS f06, null AS f07, null AS f08, null AS f09, null AS f10
FROM (((Станции1135_новый AS w LEFT JOIN доп_угли_1135_новый AS d ON (w.numb1120=d.numb1120) AND (w.year=d.year)) INNER JOIN имена_станций ON w.numb1120=имена_станций.numb) INNER JOIN Имена_областей ON w.OBL=Имена_областей.OBL) INNER JOIN Имена_ОЭС ON w.OES=Имена_ОЭС.oes
WHERE ((w.obl=4));
"
"Справка(сумма)","3","SELECT ""Всего"" AS name1, 0 AS numb1, 0 AS numb1120, s.YEAR, First(s.sum) AS [sum], Null AS oblname, Null AS oesname, Null AS OES, 0 AS obl, Sum(s.f01) AS f01, Sum(s.f02) AS f02, Sum(s.f03) AS f03, Sum(s.f04) AS f04, Sum(s.f05) AS f05, Sum(s.f06) AS f06, Sum(s.f07) AS f07, Sum(s.f08) AS f08, Sum(s.f09) AS f09, Sum(s.f10) AS f10
FROM [справка(станции)] AS s
WHERE (((s.sum)>0))
GROUP BY s.YEAR;
"
"Справка1п","2","Select numb1120,v,year,obl,oes,NUST as data,""01NUST"" as h from [Рабочий(станции)] where NUST>0 UNION Select numb1120,v,year,obl,oes,NT as data,""02NT"" as h from [Рабочий(станции)] where NT>0;
"
"Справка1пТ","2","TRANSFORM Avg(Справка1п.data) AS data
SELECT Справка1п.numb1120, Справка1п.v, Справка1п.h AS h, Справка1п.obl, Справка1п.oes
FROM Справка1п
GROUP BY Справка1п.numb1120, Справка1п.v, Справка1п.h, Справка1п.obl, Справка1п.oes
PIVOT Справка1п.year;
"
"Справка1пТ+","3","SELECT c.NAME, c.ordnumb AS numb1, s.numb1120, s.v, s.h, s.obl, s.oes, o.NAME AS oblname, e.name AS oesname, s.[2000] AS f1, s.[2005] AS f2, s.[2010] AS f3, s.[2015] AS f4, s.[2020] AS f5, Null AS f6, Null AS f7, Null AS f8, Null AS f9, Null AS f10, Null AS f11, Null AS f12, Null AS f13, Null AS f14, Null AS f15
FROM ((Справка1пТ AS s INNER JOIN имена_станций AS c ON s.numb1120=c.NUMB) INNER JOIN имена_областей AS o ON s.obl=o.OBL) INNER JOIN имена_ОЭС AS e ON s.oes=e.oes;
"
"Справка1пТ+(сумма)","3","SELECT ""Всего"" AS name, Null AS numb1, Null AS numb1120, [Справка1пТ+].h, Null AS obl, Null AS oes, Null AS oblname, Null AS oesname, Sum([Справка1пТ+].f1) AS f1, Sum([Справка1пТ+].f2) AS f2, Sum([Справка1пТ+].f3) AS f3, Sum([Справка1пТ+].f4) AS f4, Sum([Справка1пТ+].f5) AS f5, Sum([Справка1пТ+].f6) AS f6, Sum([Справка1пТ+].f7) AS f7, Sum([Справка1пТ+].f8) AS f8, Sum([Справка1пТ+].f9) AS f9, Sum([Справка1пТ+].f10) AS f10
FROM [Справка1пТ+]
GROUP BY [Справка1пТ+].h;
"
"Сравнение_ОПЭС-ОТЭТ","3","SELECT ОПЭС.имя AS Выражение1, ОПЭС.код AS Выражение2, ОПЭС.[нет] AS Выражение3
FROM ОПЭС, [ОПЭС-ОТЭТ]
WHERE (((ОПЭС.[нет])=""с"") And (([ОПЭС-ОТЭТ].ОПЭС) Is Null) And ((ОПЭС.тип) Is Null));
"
"СравнениеNT","3","SELECT SUMNT.[First-NAME], Abs([Sum-nt]-Станции2000!NT) AS d, SUMNT.[Sum-nt], Станции2000.NT AS Выражение1
FROM SUMNT, Имена_станций, Станции2000
WHERE (((Abs([Sum-nt]-Станции2000!NT))>1))
ORDER BY Имена_станций.ordnumb;
"
"Станции(весь_отчет)","2","table [Станции(архив)]
UNION table  [Станции2011]
ORDER BY numb1, year;
"
"Станции(макеты1_14,15)","3","SELECT DISTINCTROW Имена_станций.NAME, w.OES, w.YEAR, w.NUST, w.E, w.EOTP, w.EURT, w.EUST, w.Q, w.TURT, w.TUST, w.B, w.GAZ, w.MAZUT, w.TORF, w.SLAN, w.gtt AS Выражение1, w.PROCH, w.UGOL, w.DON, w.PODM, w.PECH, w.ARKT, w.KUZN, w.URAL, w.BASHK, w.ekib AS Выражение2, w.KARAG, w.KAN, w.IRKUT, w.HAK, w.TUV, w.BUR, w.CHIT, w.ner AS Выражение3, w.raich AS Выражение4, w.URG, w.PRIM, w.LUCH, w.MAG, w.SAH, w.QOTR, w.EWTP, w.NT AS NT, Имена_ОЭС.name AS oesname, wd.nazar AS nazar, wd.ibor AS ibor, wd.berez AS berez, wd.per AS per, wd.gusin AS gusin, wd.tugn AS tugn, wd.azey AS azey, wd.cher AS cher, wd.vork AS vork, wd.int AS [int], wd.sver AS sver, wd.chel AS chel, wd.kizel AS kizel, wd.kuzngd AS kuzngd, wd.kuznt AS kuznt, wd.kuznss AS kuznss, wd.kuznun AS kuznun, Имена_областей.АО AS oblname, w.OBL, Имена_станций.ordnumb
FROM ((([Рабочий(станции)] AS w INNER JOIN Имена_ОЭС ON w.OES=Имена_ОЭС.oes) LEFT JOIN [Рабочий(доп_угли)] AS wd ON (w.YEAR=wd.YEAR) AND (w.NUMB1120=wd.NUMB1120)) INNER JOIN Имена_областей ON w.OBL=Имена_областей.OBL) INNER JOIN Имена_станций ON w.NUMB1120=Имена_станций.NUMB
WHERE (((w.YEAR)>0) AND ((Имена_станций.MAIN)=0 Or (Имена_станций.MAIN) Is Null))
ORDER BY Имена_станций.ordnumb;
"
"Станции_06-07-09_Катя","2","table  [Станции2009]
UNION table [Станции2007];UNION table [Станции2006];
"
"Станции_10-17_Катя","2","table  [Станции2010]
UNION table [Станции2011];
UNION table [Станции2012];
UNION table [Станции2013];
UNION table [Станции2014];UNION table [Станции2015];UNION table [Станции2016];UNION table [Станции2017];
"
"Станции_89_2000","3","SELECT NAME, YEAR, NUST, E, eotp, ewtp, eurt, eust, Q, turt, tust, b, gaz, mazut, gtt, torf, slan, proch, ugol, don, arkt, pech, podm, kuzn, ural, bashk, ekib, karag, hak, kan, tuv, irkut, bur, chit, ner, raich, prim, urg, luch, mag, sah, qotr, NT, snk, obor, VED, OBL, DEP, OES, ER, NUMB1120, numb1
FROM [станции(архив)];
"
"Станции_89-2001","2","SELECT [NAME], [YEAR], [NUST], [E], [eotp], [ewtp], [eurt], [eust], [Q], [turt], [tust], [b], [gaz], [mazut], [gtt], [torf], [slan], [proch], [ugol], [don], [arkt], [pech], [podm], [kuzn], [ural], [bashk], [ekib], [karag], [hak], [kan], [tuv], [irkut], [bur], [chit], [ner], [raich], [prim], [urg], [luch], [mag], [sah], [ushum], [qotr], [NT], [snk], [obor], [VED], [OBL], [DEP], [OES], [ER], [NUMB1120], [numb1]
FROM [станции(архив)]
UNION SELECT [NAME], [YEAR], [NUST], [E], [eotp], [ewtp], [eurt], [eust], [Q], [turt], [tust], [b], [gaz], [mazut], [gtt], [torf], [slan], [proch], [ugol], [don], [arkt], [pech], [podm], [kuzn], [ural], [bashk], [ekib], [karag], [hak], [kan], [tuv], [irkut], [bur], [chit], [ner], [raich], [prim], [urg], [luch], [mag], [sah], [ushum], [qotr], [NT], [snk], [obor], [VED], [OBL], [DEP], [OES], [ER], [NUMB1120], [numb1]
FROM [станции2004]
ORDER BY [numb1120], [year];
"
"Станции_89-2020","2","SELECT NAME,YEAR,NUST,0 as nr,E,eotp,ewtp,eurt,eust,Q,turt,tust,b,gaz,mazut,gtt,torf,slan,proch,ugol,don,arkt,pech,podm,kuzn,ural,bashk,ekib,karag,hak,kan,tuv,irkut,bur,chit,ner,raich,prim,urg,luch,mag,sah,qotr,NT,snk,obor,VED,OBL,DEP,OES,ER,NUMB1120,numb1
FROM [станции(архив)]
UNION SELECT NAME,YEAR,NUST,nr,E,eotp,ewtp,eurt,eust,Q,turt,tust,b,gaz,mazut,gtt,torf,slan,proch,ugol,don,arkt,pech,podm,kuzn,ural,bashk,ekib,karag,hak,kan,tuv,irkut,bur,chit,ner,raich,prim,urg,luch,mag,sah,qotr,NT,snk,obor,VED,OBL,DEP,OES,ER,NUMB1120,numb1
FROM станции1135_новый
where(year=2000) or year>2004
ORDER BY numb1120, year;
"
"Станции_для_сводной(архив)_Москва","3","SELECT Имена_станций.NAME, Имена_ОЭС.nameoes, Имена_областей.NAME AS oblname, [Станции(архив)].numb1, [Станции(архив)].year, [Станции(архив)].nust, [Станции(архив)].E, [Станции(архив)].eotp, [Станции(архив)].eurt, [Станции(архив)].eust, [Станции(архив)].Q, [Станции(архив)].turt, [Станции(архив)].tust, [Станции(архив)].B, [Станции(архив)].gaz, [Доп_угли(архив)].gazpp, [Станции(архив)].mazut, [Станции(архив)].torf, [Станции(архив)].slan, [Станции(архив)].proch, [Станции(архив)].ugol, [Станции(архив)].don, [Станции(архив)].podm, [Станции(архив)].pech, [Доп_угли(архив)].intin, [Доп_угли(архив)].vork, [Станции(архив)].arkt, [Станции(архив)].kuzn, [Станции(архив)].ural, [Доп_угли(архив)].sver, [Доп_угли(архив)].chel, [Доп_угли(архив)].kizel, [Станции(архив)].bashk, [Станции(архив)].kan, [Доп_угли(архив)].nazar, [Доп_угли(архив)].ibor, [Доп_угли(архив)].berez, [Доп_угли(архив)].per, [Станции(архив)].tung, [Доп_угли(архив)].jer, [Доп_угли(архив)].karab, [Станции(архив)].irkut, [Доп_угли(архив)].mug, [Доп_угли(архив)].azey, [Доп_угли(архив)].cher, [Станции(архив)].hak, [Станции(архив)].tuv, [Станции(архив)].bur, [Доп_угли(архив)].gusin, [Доп_угли(архив)].tugn, [Станции(архив)].chit, [Доп_угли(архив)].har, [Доп_угли(архив)].urt, [Доп_угли(архив)].neru, [Доп_угли(архив)].pyak, [Доп_угли(архив)].rai, [Доп_угли(архив)].erk, [Станции(архив)].urg, [Станции(архив)].prim, [Станции(архив)].luch, [Станции(архив)].mag, [Станции(архив)].sah, [Станции(архив)].ushum, [Станции(архив)].qotr, [Станции(архив)].snk, [Станции(архив)].ewtp, [Станции(архив)].NTsum, [Станции(архив)].nt, [Станции(архив)].obor, [Станции(архив)].ved, [Станции(архив)].obl, [Станции(архив)].dep, [Станции(архив)].oes, [Станции(архив)].er, [Станции(архив)].numb1120, Имена_станций.Ведомство AS вед, IIf([ved]=1 Or [ved]=4,1,IIf([ved]=2 Or [ved]=3,2,0)) AS кэстэц, Имена_станций.D, Имена_станций.R, IIf([ved]>0,0,1) AS sost, IIf([main]>0,1,0) AS [group], Имена_станций.FO, Имена_станций.BE AS BE, Имена_станций.GK AS GK, IIf([obor]=20 Or [obor]=90,""ГТУ"",IIf([obor]=21 Or [obor]=91,""ПГУ"",IIf([obor]=22,""Диз"",IIf([obor]=23,""Дет"",""ПСУ"")))) AS тип, IIf([be]<>9,имена_ГК!name1,имена_БЕ!name) AS nameGK, IIf([Станции(архив)]!obl=18 Or [Станции(архив)]!be=9,[Москва и МО]!newobl,[Станции(архив)]!obl) AS nobl
FROM (((((([Станции(архив)] INNER JOIN Имена_станций ON [Станции(архив)].numb1120=Имена_станций.NUMB) INNER JOIN Имена_ОЭС ON [Станции(архив)].oes=Имена_ОЭС.oes) INNER JOIN Имена_областей ON [Станции(архив)].obl=Имена_областей.OBL) LEFT JOIN [Доп_угли(архив)] ON ([Станции(архив)].numb1120=[Доп_угли(архив)].NUMB1120) AND ([Станции(архив)].year=[Доп_угли(архив)].YEAR)) LEFT JOIN имена_ГК ON [Станции(архив)].gk=имена_ГК.code) LEFT JOIN имена_БЕ ON [Станции(архив)].be=имена_БЕ.code) INNER JOIN [Москва и МО] ON [Станции(архив)].numb1120=[Москва и МО].NUMB;
"
"Станции_для_сводной_2000","3","SELECT Имена_станций.NAME, Имена_ОЭС.abbr AS oesname, Имена_областей.abbr AS oblname, Имена_станций.ordnumb, [Станции(архив)].year, [Станции(архив)].nust, [Станции(архив)].E, [Станции(архив)].eotp, [Станции(архив)].eurt, [Станции(архив)].eust, [Станции(архив)].Q, [Станции(архив)].turt, [Станции(архив)].tust, [Станции(архив)].B, [Станции(архив)].gaz, [Станции(архив)].mazut, [Станции(архив)].torf, [Станции(архив)].slan, [Станции(архив)].gtt AS Выражение1, [Станции(архив)].proch, [Станции(архив)].ugol, [Станции(архив)].don, [Станции(архив)].podm, [Станции(архив)].pech, [Доп_угли(архив)].int, [Доп_угли(архив)].vork, [Станции(архив)].arkt, [Станции(архив)].kuzn, [Станции(архив)].ural, [Доп_угли(архив)].sver, [Доп_угли(архив)].chel, [Доп_угли(архив)].kizel, [Станции(архив)].bashk, [Станции(архив)].ekib AS Выражение2, [Станции(архив)].karag, [Станции(архив)].kan, [Доп_угли(архив)].nazar, [Доп_угли(архив)].ibor, [Доп_угли(архив)].berez, [Доп_угли(архив)].per, [Станции(архив)].irkut, [Доп_угли(архив)].azey, [Доп_угли(архив)].cher, [Станции(архив)].hak, [Станции(архив)].tuv, [Станции(архив)].bur, [Доп_угли(архив)].gusin, [Доп_угли(архив)].tugn, [Станции(архив)].chit, [Станции(архив)].ner AS Выражение3, [Станции(архив)].raich AS Выражение4, [Станции(архив)].urg, [Станции(архив)].prim, [Станции(архив)].luch, [Станции(архив)].mag, [Станции(архив)].sah, [Станции(архив)].qotr, [Станции(архив)].snk, [Станции(архив)].ewtp, [Станции(архив)].nt, [Станции(архив)].obor, [Станции(архив)].ved, [Станции(архив)].obl, [Станции(архив)].dep, [Станции(архив)].oes, [Станции(архив)].er, [Станции(архив)].numb1120, IIf([ved]<3,1,2) AS вед, IIf([ved]=1 Or [ved]=4,1,IIf([ved]=2 Or [ved]=3,2,0)) AS кэстэц, Имена_станций.D, Имена_станций.R
FROM ((([Станции(архив)] INNER JOIN Имена_станций ON [Станции(архив)].numb1120=Имена_станций.NUMB) INNER JOIN Имена_ОЭС ON [Станции(архив)].oes=Имена_ОЭС.oes) INNER JOIN Имена_областей ON [Станции(архив)].obl=Имена_областей.OBL) LEFT JOIN [Доп_угли(архив)] ON ([Станции(архив)].year=[Доп_угли(архив)].YEAR) AND ([Станции(архив)].numb1120=[Доп_угли(архив)].NUMB1120)
WHERE ((([Станции(архив)].year)=2000) AND (([Станции(архив)].ved)>0));
"
"Станции_для_сводной_2001","3","SELECT Имена_станций.NAME, Имена_ОЭС.abbr AS oesname, Имена_областей.abbr AS oblname, Имена_станций.ordnumb, Станции2001.YEAR, Станции2001.NUST, Станции2001.E, Станции2001.EOTP, Станции2001.EURT, Станции2001.EUST, Станции2001.Q, Станции2001.TURT, Станции2001.TUST, Станции2001.B, Станции2001.GAZ, Станции2001.MAZUT, Станции2001.TORF, Станции2001.SLAN, Станции2001.GTT, Станции2001.PROCH, Станции2001.UGOL, Станции2001.DON, Станции2001.PODM, Станции2001.PECH, Доп_угли2001.int, Доп_угли2001.vork, Станции2001.ARKT, Станции2001.KUZN, Станции2001.URAL, Доп_угли2001.sver, Доп_угли2001.chel, Доп_угли2001.kizel, Станции2001.BASHK, Станции2001.EKIB, Станции2001.KARAG, Станции2001.KAN, Доп_угли2001.nazar, Доп_угли2001.ibor, Доп_угли2001.berez, Доп_угли2001.per, Станции2001.IRKUT, Доп_угли2001.azey, Доп_угли2001.cher, Станции2001.HAK, Станции2001.TUV, Станции2001.BUR, Доп_угли2001.gusin, Доп_угли2001.tugn, Станции2001.CHIT, Станции2001.NER AS Выражение1, Станции2001.RAICH AS Выражение2, Станции2001.URG, Станции2001.PRIM, Станции2001.LUCH, Станции2001.MAG, Станции2001.SAH, Станции2001.QOTR, Станции2001.SNK, Станции2001.EWTP, Станции2001.NT, Станции2001.OBOR, Станции2001.VED, Станции2001.OBL, Станции2001.DEP, Станции2001.OES, Станции2001.ER, Станции2001.NUMB1120, IIf([ved]<3,1,2) AS вед, IIf([ved]=1 Or [ved]=4,1,IIf([ved]=2 Or [ved]=3,2,0)) AS кэстэц, Имена_станций.D, Имена_станций.R, IIf([ved]>0,0,1) AS sost, IIf([main]>0,1,0) AS [group]
FROM (((Станции2001 INNER JOIN Имена_станций ON Станции2001.NUMB1120=Имена_станций.NUMB) INNER JOIN Имена_ОЭС ON Станции2001.OES=Имена_ОЭС.oes) INNER JOIN Имена_областей ON Станции2001.OBL=Имена_областей.OBL) LEFT JOIN Доп_угли2001 ON (Станции2001.YEAR=Доп_угли2001.YEAR) AND (Станции2001.NUMB1120=Доп_угли2001.NUMB1120);
"
"Станции_для_сводной_2002","3","SELECT Имена_станций.NAME, Имена_ОЭС.abbr AS oesname, Имена_областей.abbr AS oblname, Имена_станций.ordnumb, Станции2002.YEAR, Станции2002.NUST, Станции2002.E, Станции2002.EOTP, Станции2002.EURT, Станции2002.EUST, Станции2002.Q, Станции2002.TURT, Станции2002.TUST, Станции2002.B, Станции2002.GAZ, Станции2002.MAZUT, Станции2002.TORF, Станции2002.SLAN, Станции2002.GTT, Станции2002.PROCH, Станции2002.UGOL, Станции2002.DON, Станции2002.PODM, Станции2002.PECH, Доп_угли2002.int, Доп_угли2002.vork, Станции2002.ARKT, Станции2002.KUZN, Станции2002.URAL, Доп_угли2002.sver, Доп_угли2002.chel, Доп_угли2002.kizel, Станции2002.BASHK, Станции2002.EKIB, Станции2002.KARAG, Станции2002.KAN, Доп_угли2002.nazar, Доп_угли2002.ibor, Доп_угли2002.berez, Доп_угли2002.per, Станции2002.IRKUT, Доп_угли2002.azey, Доп_угли2002.cher, Доп_угли2002.jer, Станции2002.HAK, Станции2002.TUV, Станции2002.BUR, Доп_угли2002.gusin, Доп_угли2002.tugn, Станции2002.CHIT, Доп_угли2002.har, Доп_угли2002.urt, Станции2002.[YAKUT] AS Выражение1, Станции2002.[AMUR] AS Выражение2, Станции2002.URG, Станции2002.PRIM, Станции2002.LUCH, Станции2002.MAG, Станции2002.SAH, Станции2002.USHUM, Станции2002.QOTR, Станции2002.SNK, Станции2002.EWTP, Станции2002.NT, Станции2002.OBOR, Станции2002.VED, Станции2002.OBL, Станции2002.DEP, Станции2002.OES, Станции2002.ER, Станции2002.NUMB1120, Имена_станций.Ведомство AS вед, IIf([ved]=1 Or [ved]=4,1,IIf([ved]=2 Or [ved]=3,2,0)) AS кэстэц, Имена_станций.D, Имена_станций.R, IIf([ved]>0,0,1) AS sost, IIf([main]>0,1,0) AS [group]
FROM (((Станции2002 INNER JOIN Имена_станций ON Станции2002.NUMB1120=Имена_станций.NUMB) INNER JOIN Имена_ОЭС ON Станции2002.OES=Имена_ОЭС.oes) INNER JOIN Имена_областей ON Станции2002.OBL=Имена_областей.OBL) LEFT JOIN Доп_угли2002 ON (Станции2002.YEAR=Доп_угли2002.YEAR) AND (Станции2002.NUMB1120=Доп_угли2002.NUMB1120);
"
"Станции_для_сводной_2003","3","SELECT Имена_станций.NAME, Имена_ОЭС.abbr AS oesname, Имена_областей.abbr AS oblname, Имена_станций.ordnumb, Станции2003.YEAR, Станции2003.NUST, Станции2003.E, Станции2003.EOTP, Станции2003.EURT, Станции2003.EUST, Станции2003.Q, Станции2003.TURT, Станции2003.TUST, Станции2003.B, Станции2003.GAZ, Доп_угли2003.gazpp, Станции2003.MAZUT, Станции2003.TORF, Станции2003.SLAN, Станции2003.GTT, Станции2003.PROCH, Станции2003.UGOL, Станции2003.DON, Станции2003.PODM, Станции2003.PECH, Доп_угли2003.int, Доп_угли2003.vork, Станции2003.ARKT, Станции2003.KUZN, Станции2003.URAL, Доп_угли2003.sver, Доп_угли2003.chel, Доп_угли2003.kizel, Станции2003.BASHK, Станции2003.EKIB, Станции2003.KARAG, Станции2003.KAN, Доп_угли2003.nazar, Доп_угли2003.ibor, Доп_угли2003.berez, Доп_угли2003.per, Станции2003.IRKUT, Доп_угли2003.azey, Доп_угли2003.cher, Доп_угли2003.jer, Станции2003.HAK, Станции2003.TUV, Станции2003.BUR, Доп_угли2003.gusin, Доп_угли2003.tugn, Станции2003.CHIT, Доп_угли2003.har, Доп_угли2003.urt, Станции2003.[YAKUT] AS Выражение1, Станции2003.[AMUR] AS Выражение2, Станции2003.URG, Станции2003.PRIM, Станции2003.LUCH, Станции2003.MAG, Станции2003.SAH, Станции2003.USHUM, Станции2003.QOTR, Станции2003.SNK, Станции2003.EWTP, Станции2003.NT, Станции2003.OBOR, Станции2003.VED, Станции2003.OBL, Станции2003.DEP, Станции2003.OES, Станции2003.ER, Станции2003.NUMB1120, Имена_станций.Ведомство AS вед, IIf([ved]=1 Or [ved]=4,1,IIf([ved]=2 Or [ved]=3,2,0)) AS кэстэц, Имена_станций.D, Имена_станций.R, IIf([ved]>0,0,1) AS sost, IIf([main]>0,1,0) AS [group], Имена_станций.FO
FROM (((Станции2003 INNER JOIN Имена_станций ON Станции2003.NUMB1120=Имена_станций.NUMB) INNER JOIN Имена_ОЭС ON Станции2003.OES=Имена_ОЭС.oes) INNER JOIN Имена_областей ON Станции2003.OBL=Имена_областей.OBL) LEFT JOIN Доп_угли2003 ON (Станции2003.NUMB1120=Доп_угли2003.NUMB1120) AND (Станции2003.YEAR=Доп_угли2003.YEAR);
"
"Станции_для_сводной_2004","3","SELECT Имена_станций.NAME, Имена_ОЭС.abbr AS oesname, Имена_областей.abbr AS oblname, Имена_станций.ordnumb, Станции2004.YEAR, Станции2004.NUST, Станции2004.E, Станции2004.EOTP, Станции2004.EURT, Станции2004.EUST, Станции2004.Q, Станции2004.TURT, Станции2004.TUST, Станции2004.B, Станции2004.GAZ, Доп_угли2004.gazpp, Станции2004.MAZUT, Станции2004.TORF, Станции2004.SLAN, Станции2004.GTT, Станции2004.PROCH, Станции2004.UGOL, Станции2004.DON, Станции2004.PODM, Станции2004.PECH, Доп_угли2004.int, Доп_угли2004.vork, Станции2004.ARKT, Станции2004.KUZN, Станции2004.URAL, Доп_угли2004.sver, Доп_угли2004.chel, Доп_угли2004.kizel, Станции2004.BASHK, Станции2004.EKIB, Станции2004.KARAG, Станции2004.KAN, Доп_угли2004.nazar, Доп_угли2004.ibor, Доп_угли2004.berez, Доп_угли2004.per, Станции2004.IRKUT, Доп_угли2004.azey, Доп_угли2004.cher, Доп_угли2004.jer, Станции2004.HAK, Станции2004.TUV, Станции2004.BUR, Доп_угли2004.gusin, Доп_угли2004.tugn, Станции2004.CHIT, Доп_угли2004.har, Доп_угли2004.urt, Станции2004.YAKUT AS Выражение1, Станции2004.AMUR AS Выражение2, Станции2004.URG, Станции2004.PRIM, Станции2004.LUCH, Станции2004.MAG, Станции2004.SAH, Станции2004.USHUM, Станции2004.QOTR, Станции2004.SNK, Станции2004.EWTP, Станции2004.NT, Станции2004.OBOR, Станции2004.VED, Станции2004.OBL, Станции2004.DEP, Станции2004.OES, Станции2004.ER, Станции2004.NUMB1120, Имена_станций.Ведомство AS вед, IIf([ved]=1 Or [ved]=4,1,IIf([ved]=2 Or [ved]=3,2,0)) AS кэстэц, Имена_станций.D, Имена_станций.R, IIf([ved]>0,0,1) AS sost, IIf([main]>0,1,0) AS [group], Имена_станций.FO, Имена_станций.форэм
FROM (((Станции2004 INNER JOIN Имена_станций ON Станции2004.NUMB1120=Имена_станций.NUMB) INNER JOIN Имена_ОЭС ON Станции2004.OES=Имена_ОЭС.oes) INNER JOIN Имена_областей ON Станции2004.OBL=Имена_областей.OBL) LEFT JOIN Доп_угли2004 ON (Станции2004.NUMB1120=Доп_угли2004.NUMB1120) AND (Станции2004.YEAR=Доп_угли2004.YEAR);
"
"Станции_для_сводной_2005","3","SELECT Имена_станций.NAME, Имена_ОЭС.abbr AS oesname, Имена_областей.abbr AS oblname, Имена_станций.ordnumb, Станции2005.YEAR, Станции2005.NUST, Станции2005.E, Станции2005.EOTP, Станции2005.EURT, Станции2005.EUST, Станции2005.Q, Станции2005.TURT, Станции2005.TUST, Станции2005.B, Станции2005.GAZ, Доп_угли2005.gazpp, Станции2005.MAZUT, Станции2005.TORF, Станции2005.SLAN, Станции2005.GTT, Станции2005.PROCH, Станции2005.UGOL, Станции2005.DON, Станции2005.PODM, Станции2005.PECH, Доп_угли2005.int, Доп_угли2005.vork, Станции2005.ARKT, Станции2005.KUZN, Станции2005.URAL, Доп_угли2005.sver, Доп_угли2005.chel, Доп_угли2005.kizel, Станции2005.BASHK, Станции2005.EKIB, Станции2005.KARAG, Станции2005.KAN, Доп_угли2005.nazar, Доп_угли2005.ibor, Доп_угли2005.berez, Доп_угли2005.per, Станции2005.IRKUT, Доп_угли2005.azey, Доп_угли2005.cher, Доп_угли2005.jer, Станции2005.HAK, Станции2005.TUV, Станции2005.BUR, Доп_угли2005.gusin, Доп_угли2005.tugn, Станции2005.CHIT, Доп_угли2005.har, Доп_угли2005.urt, Станции2005.[YAKUT] AS Выражение1, Станции2005.[AMUR] AS Выражение2, Станции2005.URG, Станции2005.PRIM, Станции2005.LUCH, Станции2005.MAG, Станции2005.SAH, Станции2005.USHUM, Станции2005.QOTR, Станции2005.SNK, Станции2005.EWTP, Станции2005.NT, Станции2005.OBOR, Станции2005.VED, Станции2005.OBL, Станции2005.DEP, Станции2005.OES, Станции2005.ER, Станции2005.NUMB1120, Имена_станций.Ведомство AS вед, IIf([ved]=1 Or [ved]=4,1,IIf([ved]=2 Or [ved]=3,2,0)) AS кэстэц, Имена_станций.D, Имена_станций.R, IIf([ved]>0,0,1) AS sost, IIf([main]>0,1,0) AS [group], Имена_станций.FO, Имена_станций.форэм, Станции2005.NTsum
FROM (((Станции2005 INNER JOIN Имена_станций ON Станции2005.NUMB1120=Имена_станций.NUMB) INNER JOIN Имена_ОЭС ON Станции2005.OES=Имена_ОЭС.oes) INNER JOIN Имена_областей ON Станции2005.OBL=Имена_областей.OBL) LEFT JOIN Доп_угли2005 ON (Станции2005.NUMB1120=Доп_угли2005.NUMB1120) AND (Станции2005.YEAR=Доп_угли2005.YEAR);
"
"Станции_для_сводной_2006","3","SELECT Имена_станций.NAME, Имена_ОЭС.abbr AS oesname, Имена_областей.abbr AS oblname, Имена_станций.ordnumb, Станции2006.YEAR, Станции2006.NUST, Станции2006.E, Станции2006.EOTP, Станции2006.EURT, Станции2006.EUST, Станции2006.Q, Станции2006.TURT, Станции2006.TUST, Станции2006.B, Станции2006.GAZ, Доп_угли2006.gazpp, Станции2006.MAZUT, Станции2006.TORF, Станции2006.SLAN, Станции2006.GTT, Станции2006.PROCH, Станции2006.UGOL, Станции2006.DON, Станции2006.PODM, Станции2006.PECH, Доп_угли2006.int, Доп_угли2006.vork, Станции2006.ARKT, Станции2006.KUZN, Станции2006.URAL, Доп_угли2006.sver, Доп_угли2006.chel, Доп_угли2006.kizel, Станции2006.BASHK, Станции2006.EKIB, Станции2006.KARAG, Станции2006.KAN, Доп_угли2006.nazar, Доп_угли2006.ibor, Доп_угли2006.berez, Доп_угли2006.per, Станции2006.IRKUT, Доп_угли2006.azey, Доп_угли2006.cher, Доп_угли2006.jer, Станции2006.HAK, Станции2006.TUV, Станции2006.BUR, Доп_угли2006.gusin, Доп_угли2006.tugn, Станции2006.CHIT, Доп_угли2006.har, Доп_угли2006.urt, Станции2006.[YAKUT] AS Выражение1, Станции2006.[AMUR] AS Выражение2, Станции2006.URG, Станции2006.PRIM, Станции2006.LUCH, Станции2006.MAG, Станции2006.SAH, Станции2006.USHUM, Станции2006.QOTR, Станции2006.SNK, Станции2006.EWTP, Станции2006.NT, Станции2006.OBOR, Станции2006.VED, Станции2006.OBL, Станции2006.DEP, Станции2006.OES, Станции2006.ER, Станции2006.NUMB1120, Имена_станций.Ведомство AS вед, IIf([ved]=1 Or [ved]=4,1,IIf([ved]=2 Or [ved]=3,2,0)) AS кэстэц, Имена_станций.D, Имена_станций.R, IIf([ved]>0,0,1) AS sost, IIf([main]>0,1,0) AS [group], Имена_станций.FO, Имена_станций.форэм, Станции2006.NTsum, Станции2006.GK, Станции2006.BE, имена_ГК.name AS namegk
FROM ((((Станции2006 INNER JOIN Имена_станций ON Станции2006.NUMB1120=Имена_станций.NUMB) INNER JOIN Имена_ОЭС ON Станции2006.OES=Имена_ОЭС.oes) INNER JOIN Имена_областей ON Станции2006.OBL=Имена_областей.OBL) LEFT JOIN Доп_угли2006 ON (Станции2006.NUMB1120=Доп_угли2006.NUMB1120) AND (Станции2006.YEAR=Доп_угли2006.YEAR)) LEFT JOIN имена_ГК ON Станции2006.GK=имена_ГК.code;
"
"Станции_для_сводной_2007","3","SELECT Имена_станций.NAME, Имена_ОЭС.abbr AS oesname, Имена_областей.abbr AS oblname, Имена_станций.ordnumb, Станции2007.YEAR, Станции2007.NUST, Станции2007.E, Станции2007.EOTP, Станции2007.EURT, Станции2007.EUST, Станции2007.Q, Станции2007.TURT, Станции2007.TUST, Станции2007.B, Станции2007.GAZ, Доп_угли2007.gazpp, Станции2007.MAZUT, Станции2007.TORF, Станции2007.SLAN, Станции2007.GTT, Станции2007.PROCH, Станции2007.UGOL, Станции2007.DON, Станции2007.PODM, Станции2007.PECH, Доп_угли2007.int, Доп_угли2007.vork, Станции2007.ARKT, Станции2007.KUZN, Станции2007.URAL, Доп_угли2007.sver, Доп_угли2007.chel, Доп_угли2007.kizel, Станции2007.BASHK, Станции2007.EKIB, Станции2007.KARAG, Станции2007.KAN, Доп_угли2007.nazar, Доп_угли2007.ibor, Доп_угли2007.berez, Доп_угли2007.per, Станции2007.IRKUT, Доп_угли2007.azey, Доп_угли2007.mug, Доп_угли2007.cher, Доп_угли2007.jer, Станции2007.HAK, Станции2007.TUV, Станции2007.BUR, Доп_угли2007.gusin, Доп_угли2007.tugn, Станции2007.CHIT, Доп_угли2007.har, Доп_угли2007.urt, Станции2007.[YAKUT] AS Выражение1, Доп_угли2007.neru, Доп_угли2007.pyak, Станции2007.[AMUR] AS Выражение2, Доп_угли2007.rai, Доп_угли2007.erk, Станции2007.URG, Станции2007.PRIM, Станции2007.LUCH, Станции2007.MAG, Станции2007.SAH, Станции2007.USHUM, Станции2007.QOTR, Станции2007.SNK, Станции2007.EWTP, Станции2007.NT, Станции2007.OBOR, Станции2007.VED, Станции2007.OBL, Станции2007.DEP, Станции2007.OES, Станции2007.ER, Станции2007.NUMB1120, Имена_станций.Ведомство AS вед, IIf([ved]=1 Or [ved]=4,1,IIf([ved]=2 Or [ved]=3,2,0)) AS кэстэц, Имена_станций.D, Имена_станций.R, IIf([ved]>0,0,1) AS sost, IIf([main]>0,1,0) AS [group], Имена_станций.FO, Имена_станций.форэм, Станции2007.NTsum, Станции2007.GK, Станции2007.BE, имена_ГК.name AS namegk, имена_БЕ.name AS namebe, Города.Name AS Town, IIf([obor]=20 Or [obor]=90,""ГТУ"",IIf([obor]=21 Or [obor]=91,""ПГУ"",IIf([obor]=22,""Диз"",IIf([obor]=23,""Дет"",""ПСУ"")))) AS тип
FROM ((((((Станции2007 INNER JOIN Имена_станций ON Станции2007.NUMB1120=Имена_станций.NUMB) INNER JOIN Имена_ОЭС ON Станции2007.OES=Имена_ОЭС.oes) INNER JOIN Имена_областей ON Станции2007.OBL=Имена_областей.OBL) LEFT JOIN Доп_угли2007 ON (Станции2007.YEAR=Доп_угли2007.YEAR) AND (Станции2007.NUMB1120=Доп_угли2007.NUMB1120)) LEFT JOIN имена_ГК ON Станции2007.GK=имена_ГК.code) LEFT JOIN имена_БЕ ON Станции2007.BE=имена_БЕ.code) LEFT JOIN Города ON Имена_станций.codegor=Города.code;
"
"Станции_для_сводной_2008","3","SELECT Имена_станций.NAME, Имена_ОЭС.abbr AS oesname, Имена_областей.abbr AS oblname, Имена_станций.ordnumb, Станции2008.YEAR, Станции2008.NUST, Станции2008.nr, Станции2008.E, Станции2008.EOTP, Станции2008.EURT, Станции2008.EUST, Станции2008.Q, Станции2008.TURT, Станции2008.TUST, Станции2008.B, Станции2008.GAZ, Доп_угли2008.gazpp, Станции2008.MAZUT, Станции2008.TORF, Станции2008.SLAN, Станции2008.GTT AS Выражение1, Станции2008.PROCH, Станции2008.UGOL, Станции2008.DON, Станции2008.PODM, Станции2008.PECH, Доп_угли2008.int, Доп_угли2008.vork, Станции2008.ARKT, Станции2008.KUZN, Станции2008.URAL, Доп_угли2008.sver, Доп_угли2008.chel, Доп_угли2008.kizel, Станции2008.BASHK, Станции2008.EKIB, Станции2008.KARAG, Станции2008.KAN, Доп_угли2008.nazar, Доп_угли2008.ibor, Доп_угли2008.berez, Доп_угли2008.per, Станции2008.IRKUT, Доп_угли2008.azey, Доп_угли2008.mug, Доп_угли2008.cher, Доп_угли2008.jer, Станции2008.HAK, Станции2008.TUV, Станции2008.BUR, Доп_угли2008.gusin, Доп_угли2008.tugn, Станции2008.CHIT, Доп_угли2008.har, Доп_угли2008.urt, Станции2008.NER AS Выражение2, Доп_угли2008.neru, Доп_угли2008.pyak, Станции2008.RAICH AS Выражение3, Доп_угли2008.rai, Доп_угли2008.erk, Станции2008.URG, Станции2008.PRIM, Станции2008.LUCH, Станции2008.MAG, Станции2008.SAH, Станции2008.USHUM, Станции2008.QOTR, Станции2008.SNK, Станции2008.EWTP, Станции2008.NT, Станции2008.OBOR, Станции2008.VED, Станции2008.OBL, Станции2008.DEP, Станции2008.OES, Станции2008.ER, Станции2008.NUMB1120, Имена_станций.Ведомство AS вед, IIf([ved]=1 Or [ved]=4,1,IIf([ved]=2 Or [ved]=3,2,0)) AS кэстэц, Имена_станций.D, Имена_станций.R, IIf([ved]>0,0,1) AS sost, IIf([main]>0,1,0) AS [group], Имена_станций.FO, Имена_станций.форэм, Станции2008.NTsum, Станции2008.GK, Станции2008.BE, имена_ГК.name AS namegk, имена_БЕ.name AS namebe, Города.Name AS Town, IIf([obor]=20 Or [obor]=90,""ГТУ"",IIf([obor]=21 Or [obor]=91,""ПГУ"",IIf([obor]=22,""Диз"",IIf([obor]=23,""Дет"",""ПСУ"")))) AS тип
FROM ((((((Станции2008 INNER JOIN Имена_станций ON Станции2008.NUMB1120=Имена_станций.NUMB) INNER JOIN Имена_ОЭС ON Станции2008.OES=Имена_ОЭС.oes) INNER JOIN Имена_областей ON Станции2008.OBL=Имена_областей.OBL) LEFT JOIN Доп_угли2008 ON (Станции2008.NUMB1120=Доп_угли2008.NUMB1120) AND (Станции2008.YEAR=Доп_угли2008.YEAR)) LEFT JOIN имена_ГК ON Станции2008.GK=имена_ГК.code) LEFT JOIN имена_БЕ ON Станции2008.BE=имена_БЕ.code) LEFT JOIN Города ON Имена_станций.codegor=Города.code;
"
"Станции_для_сводной_2009","3","SELECT Имена_станций.NAME, Имена_ОЭС.abbr AS oesname, Имена_областей.abbr AS oblname, Имена_станций.ordnumb, Станции2009.YEAR, Станции2009.NUST, Станции2009.nr, Станции2009.E, Станции2009.EOTP, Станции2009.EURT, Станции2009.EUST, Станции2009.Q, Станции2009.TURT, Станции2009.TUST, Станции2009.B, Станции2009.GAZ, Доп_угли2009.gazpp, Станции2009.MAZUT, Станции2009.TORF, Станции2009.SLAN, Станции2009.PROCH, Станции2009.UGOL, Станции2009.DON, Станции2009.PODM, Станции2009.PECH, Доп_угли2009.int, Доп_угли2009.vork, Станции2009.ARKT, Станции2009.KUZN, Станции2009.URAL, Доп_угли2009.sver, Доп_угли2009.chel, Доп_угли2009.kizel, Станции2009.BASHK, Станции2009.EKIB, Станции2009.KARAG, Станции2009.KAN, Доп_угли2009.nazar, Доп_угли2009.ibor, Доп_угли2009.berez, Доп_угли2009.per, Станции2009.TUNG, Доп_угли2009.jer, Доп_угли2009.karab, Станции2009.IRKUT, Доп_угли2009.azey, Доп_угли2009.mug, Доп_угли2009.cher, Станции2009.HAK, Станции2009.TUV, Станции2009.BUR, Доп_угли2009.gusin, Доп_угли2009.tugn, Станции2009.CHIT, Доп_угли2009.har, Доп_угли2009.urt, Станции2009.NER AS Выражение1, Доп_угли2009.neru, Доп_угли2009.pyak, Станции2009.RAICH AS Выражение2, Доп_угли2009.rai, Доп_угли2009.erk, Станции2009.URG, Станции2009.PRIM, Станции2009.LUCH, Станции2009.MAG, Станции2009.SAH, Станции2009.USHUM, Станции2009.QOTR, Станции2009.SNK, Станции2009.EWTP, Станции2009.NT, Станции2009.OBOR, Станции2009.VED, Станции2009.OBL, Станции2009.DEP, Станции2009.OES, Станции2009.ER, Станции2009.NUMB1120, Имена_станций.Ведомство AS вед, IIf([ved]=1 Or [ved]=4,1,IIf([ved]=2 Or [ved]=3,2,0)) AS кэстэц, Имена_станций.D, Имена_станций.R, IIf([ved]>0,0,1) AS sost, IIf([main]>0,1,0) AS [group], Имена_станций.FO, Имена_станций.форэм, Станции2009.NTsum, Станции2009.GK, Станции2009.BE, имена_ГК.name AS namegk, имена_БЕ.name AS namebe, Города.Name AS Town, IIf([obor]=20 Or [obor]=90,""ГТУ"",IIf([obor]=21 Or [obor]=91,""ПГУ"",IIf([obor]=22,""Диз"",IIf([obor]=23,""Дет"",""ПСУ"")))) AS тип
FROM ((((((Станции2009 INNER JOIN Имена_станций ON Станции2009.NUMB1120=Имена_станций.NUMB) INNER JOIN Имена_ОЭС ON Станции2009.OES=Имена_ОЭС.oes) INNER JOIN Имена_областей ON Станции2009.OBL=Имена_областей.OBL) LEFT JOIN Доп_угли2009 ON (Станции2009.YEAR=Доп_угли2009.YEAR) AND (Станции2009.NUMB1120=Доп_угли2009.NUMB1120)) LEFT JOIN имена_ГК ON Станции2009.GK=имена_ГК.code) LEFT JOIN имена_БЕ ON Станции2009.BE=имена_БЕ.code) LEFT JOIN Города ON Имена_станций.codegor=Города.code;
"
"Станции_для_сводной_2010","3","SELECT Имена_станций.NAME, Имена_ОЭС.abbr AS oesname, Имена_областей.NAME AS oblname, Имена_станций.ordnumb, Станции2010.YEAR, Станции2010.NUST, Станции2010.nr, Станции2010.E, Станции2010.EOTP, Станции2010.EURT, Станции2010.EUST, Станции2010.Q, Станции2010.TURT, Станции2010.TUST, Станции2010.B, Станции2010.GAZ, Доп_угли2010.gazpp, Станции2010.MAZUT, Станции2010.TORF, Станции2010.SLAN, Станции2010.PROCH, Станции2010.UGOL, Станции2010.DON, Станции2010.PODM, Станции2010.PECH, Доп_угли2010.intin, Доп_угли2010.vork, Станции2010.ARKT, Станции2010.KUZN, Доп_угли2010.kuzngd, Доп_угли2010.kuznt, Доп_угли2010.kuznss, Доп_угли2010.kuznun, Станции2010.URAL, Доп_угли2010.sver, Доп_угли2010.chel, Доп_угли2010.kizel, Станции2010.BASHK, Станции2010.KAZAH, Доп_угли2010.ekib, Доп_угли2010.maikub, Станции2010.KARAG, Станции2010.KAN, Доп_угли2010.nazar, Доп_угли2010.ibor, Доп_угли2010.berez, Доп_угли2010.per, Доп_угли2010.irbei, Доп_угли2010.kansk, Станции2010.TUNG, Доп_угли2010.jer, Доп_угли2010.karab, Станции2010.IRKUT, Доп_угли2010.azey, Доп_угли2010.mug, Доп_угли2010.cher, Станции2010.HAK, Станции2010.TUV, Станции2010.BUR, Доп_угли2010.gusin, Доп_угли2010.tugn, Доп_угли2010.okino, Станции2010.CHIT, Доп_угли2010.har, Доп_угли2010.urt, Доп_угли2010.tataur, Доп_угли2010.tarbag, Доп_угли2010.zab_kam, Станции2010.YAKUT, Доп_угли2010.neru, Доп_угли2010.zyryan, Доп_угли2010.pyak, Станции2010.AMUR, Доп_угли2010.rai, Доп_угли2010.erk, Станции2010.URG, Станции2010.USHUM, Станции2010.PRIM, Доп_угли2010.bikin, Доп_угли2010.razdol, Доп_угли2010.hankai, Станции2010.MAG, Станции2010.SAH, Станции2010.KAMCH, Станции2010.CHUKOT, Доп_угли2010.anad, Доп_угли2010.bering, Станции2010.QOTR, Станции2010.SNK, Станции2010.EWTP, Станции2010.NT, Станции2010.OBOR, Станции2010.VED, Станции2010.OBL, Станции2010.DEP, Станции2010.OES, Станции2010.ER, Станции2010.NUMB1120, Имена_станций.Ведомство AS вед, IIf([ved]=1 Or [ved]=4,1,IIf([ved]=2 Or [ved]=3,2,0)) AS кэстэц, Имена_станций.D, Имена_станций.R, IIf([ved]>0,0,1) AS sost, IIf([main]>0,1,0) AS [group], Имена_станций.FO, Имена_станций.форэм, Имена_станций.GK, Станции2010.BE, имена_ГК.name AS namegk, имена_БЕ.name AS namebe, Города.Name AS Town, IIf([obor]=20 Or [obor]=90,""ГТУ"",IIf([obor]=21 Or [obor]=91,""ПГУ"",IIf([obor]=22,""Диз"",IIf([obor]=23,""Дет"",""ПСУ"")))) AS тип
FROM (((Имена_станций LEFT JOIN Города ON Имена_станций.codegor=Города.code) INNER JOIN (Имена_областей INNER JOIN (Имена_ОЭС INNER JOIN (Станции2010 LEFT JOIN Доп_угли2010 ON (Станции2010.NUMB1120=Доп_угли2010.NUMB1120) AND (Станции2010.YEAR=Доп_угли2010.YEAR)) ON Имена_ОЭС.oes=Станции2010.OES) ON Имена_областей.OBL=Станции2010.OBL) ON Имена_станций.NUMB=Станции2010.NUMB1120) LEFT JOIN имена_ГК ON Станции2010.GK=имена_ГК.code) LEFT JOIN имена_БЕ ON Станции2010.BE=имена_БЕ.code;
"
"Станции_для_сводной_2017","3","SELECT Имена_станций.NAME, Имена_ОЭС.abbr AS oesname, Имена_областей.NAME AS oblname, Имена_станций.ordnumb, Станции2017.YEAR, Станции2017.NUST, Станции2017.nr, Станции2017.E, Станции2017.EOTP, Станции2017.EURT, Станции2017.EUST, Станции2017.Q, Станции2017.TURT, Станции2017.TUST, Станции2017.B, Станции2017.GAZ, Доп_угли2017.gazpp, Станции2017.MAZUT, Станции2017.TORF, Станции2017.SLAN, Станции2017.PROCH, Станции2017.UGOL, Станции2017.DON, Станции2017.PODM, Станции2017.PECH, Доп_угли2017.intin, Доп_угли2017.vork, Станции2017.ARKT, Станции2017.KUZN, Доп_угли2017.kuzngd, Доп_угли2017.kuznt, Доп_угли2017.kuznss, Доп_угли2017.kuznun, Станции2017.URAL, Доп_угли2017.sver, Доп_угли2017.chel, Доп_угли2017.kizel, Станции2017.BASHK, Станции2017.KAZAH, Доп_угли2017.ekib, Доп_угли2017.maikub, Станции2017.KARAG, Станции2017.KAN, Доп_угли2017.nazar, Доп_угли2017.ibor, Доп_угли2017.berez, Доп_угли2017.per, Доп_угли2017.irbei, Доп_угли2017.kansk, Станции2017.TUNG, Доп_угли2017.jer, Доп_угли2017.karab, Станции2017.IRKUT, Доп_угли2017.azey, Доп_угли2017.mug, Доп_угли2017.cher, Станции2017.HAK, Станции2017.TUV, Станции2017.BUR, Доп_угли2017.gusin, Доп_угли2017.tugn, Доп_угли2017.okino, Станции2017.CHIT, Доп_угли2017.har, Доп_угли2017.urt, Доп_угли2017.tataur, Доп_угли2017.tarbag, Доп_угли2017.zab_kam, Станции2017.YAKUT, Доп_угли2017.neru, Доп_угли2017.zyryan, Доп_угли2017.pyak, Станции2017.AMUR, Доп_угли2017.rai, Доп_угли2017.erk, Станции2017.URG, Станции2017.USHUM, Станции2017.PRIM, Доп_угли2017.bikin, Доп_угли2017.razdol, Доп_угли2017.hankai, Станции2017.MAG, Станции2017.SAH, Станции2017.KAMCH, Станции2017.CHUKOT, Доп_угли2017.anad, Доп_угли2017.bering, Станции2017.QOTR, Станции2017.SNK, Станции2017.EWTP, Станции2017.NT, Станции2017.OBOR, Станции2017.VED, Станции2017.OBL, Станции2017.DEP, Станции2017.OES, Станции2017.ER, Станции2017.NUMB1120, Имена_станций.Ведомство AS вед, IIf([ved]=1 Or [ved]=4,1,IIf([ved]=2 Or [ved]=3,2,0)) AS кэстэц, Имена_станций.D, Имена_станций.R, IIf([ved]>0,0,1) AS sost, IIf([main]>0,1,0) AS [group], Имена_станций.FO, Имена_станций.форэм, Имена_станций.GK, Станции2017.BE, имена_ГК.name AS namegk, имена_БЕ.name AS namebe, Города.Name AS Town, IIf([obor]=20 Or [obor]=90,""ГТУ"",IIf([obor]=21 Or [obor]=91,""ПГУ"",IIf([obor]=22,""Диз"",IIf([obor]=23,""Дет"",""ПСУ"")))) AS тип
FROM (((Имена_станций LEFT JOIN Города ON Имена_станций.codegor=Города.code) INNER JOIN (Имена_областей INNER JOIN (Имена_ОЭС INNER JOIN (Станции2017 LEFT JOIN Доп_угли2017 ON (Станции2017.YEAR=Доп_угли2017.YEAR) AND (Станции2017.NUMB1120=Доп_угли2017.NUMB1120)) ON Имена_ОЭС.oes=Станции2017.OES) ON Имена_областей.OBL=Станции2017.OBL) ON Имена_станций.NUMB=Станции2017.NUMB1120) LEFT JOIN имена_ГК ON Станции2017.GK=имена_ГК.code) LEFT JOIN имена_БЕ ON Станции2017.BE=имена_БЕ.code;
"
"Станции_для_сводной_2018","3","SELECT Имена_станций.NAME, Имена_ОЭС.abbr AS oesname, Имена_областей.NAME AS oblname, Имена_станций.ordnumb, Станции2018.Year, Станции2018.NUST, Станции2018.nr, Станции2018.E, Станции2018.EOTP, Станции2018.EURT, Станции2018.EUST, Станции2018.Q, Станции2018.TURT, Станции2018.TUST, Станции2018.B, Станции2018.GAZ, Доп_угли2018.gazpp, Станции2018.MAZUT, Станции2018.TORF, Станции2018.SLAN, Станции2018.PROCH, Доп_угли2018.koksdom, Доп_угли2018.prochgaz, Доп_угли2018.tvproch, Станции2018.UGOL, Станции2018.DON, Станции2018.PODM, Станции2018.PECH, Доп_угли2018.intin, Доп_угли2018.vork, Станции2018.ARKT, Станции2018.KUZN, Доп_угли2018.kuzngd, Доп_угли2018.kuznt, Доп_угли2018.kuznss, Доп_угли2018.kuznun, Станции2018.URAL, Доп_угли2018.sver, Доп_угли2018.chel, Доп_угли2018.kizel, Станции2018.BASHK, Станции2018.KAZAH, Доп_угли2018.ekib, Доп_угли2018.maikub, Станции2018.KAN, Доп_угли2018.nazar, Доп_угли2018.ibor, Доп_угли2018.berez, Доп_угли2018.per, Доп_угли2018.irbei, Доп_угли2018.kansk, Станции2018.TUNG, Доп_угли2018.jer, Доп_угли2018.karab, Станции2018.IRKUT, Доп_угли2018.azey, Доп_угли2018.mug, Доп_угли2018.cher, Станции2018.HAK, Станции2018.TUV, Станции2018.BUR, Доп_угли2018.gusin, Доп_угли2018.tugn, Доп_угли2018.okino, Станции2018.CHIT, Доп_угли2018.har, Доп_угли2018.urt, Доп_угли2018.tataur, Доп_угли2018.tarbag, Доп_угли2018.zab_kam, Станции2018.YAKUT, Доп_угли2018.neru, Доп_угли2018.zyryan, Доп_угли2018.pyak, Станции2018.AMUR, Доп_угли2018.rai, Доп_угли2018.erk, Станции2018.URG, Станции2018.USHUM, Станции2018.PRIM, Доп_угли2018.bikin, Доп_угли2018.razdol, Доп_угли2018.hankai, Станции2018.MAG, Станции2018.SAH, Станции2018.KAMCH, Станции2018.CHUKOT, Доп_угли2018.anad, Доп_угли2018.bering, Станции2018.QOTR, Станции2018.SNK, Станции2018.EWTP, Станции2018.NT, Станции2018.OBOR, Станции2018.VED, Станции2018.OBL, Станции2018.DEP, Станции2018.OES, Станции2018.ER, Станции2018.NUMB1120, Имена_станций.Ведомство AS вед, IIf([ved]=1 Or [ved]=4,1,IIf([ved]=2 Or [ved]=3,2,0)) AS кэстэц, Имена_станций.D, Имена_станций.R, IIf([ved]>0,0,1) AS sost, IIf([main]>0,1,0) AS [group], Имена_станций.FO, Имена_станций.форэм, Имена_станций.GK, Имена_станций.BE, имена_ГК.name AS namegk, [Филиалы ГК].name AS filial, имена_БЕ.name AS namebe, Города.Name AS Town, IIf([obor]=20 Or [obor]=90,""ГТУ"",IIf([obor]=21 Or [obor]=91,""ПГУ"",IIf([obor]=22,""Диз"",IIf([obor]=23,""Дет"",IIf([obor]=24,""ГПА"",""ПСУ""))))) AS тип, Станции2018.SNt, Имена_станций.n1 AS [мощность блока]
FROM ((((Имена_станций LEFT JOIN Города ON Имена_станций.codegor = Города.code) INNER JOIN (Имена_областей INNER JOIN (Имена_ОЭС INNER JOIN (Станции2018 LEFT JOIN Доп_угли2018 ON (Станции2018.NUMB1120 = Доп_угли2018.NUMB1120) AND (Станции2018.YEAR = Доп_угли2018.YEAR)) ON Имена_ОЭС.oes = Станции2018.OES) ON Имена_областей.OBL = Станции2018.OBL) ON Имена_станций.NUMB = Станции2018.NUMB1120) LEFT JOIN имена_ГК ON Имена_станций.GK = имена_ГК.code) LEFT JOIN имена_БЕ ON Имена_станций.BE = имена_БЕ.code) INNER JOIN [Филиалы ГК] ON Имена_станций.GKF = [Филиалы ГК].code;
"
"Станции_для_сводной_2019","3","SELECT Имена_станций.NAME, Имена_ОЭС.abbr AS oesname, Имена_областей.NAME AS oblname, Имена_станций.ordnumb, Станции2019.Year, Станции2019.NUST, Станции2019.nr, Станции2019.E, Станции2019.EOTP, Станции2019.EURT, Станции2019.EUST, Станции2019.Q, Станции2019.TURT, Станции2019.TUST, Станции2019.B, Станции2019.GAZ, Доп_угли2019.gazpp, Станции2019.MAZUT, Станции2019.TORF, Станции2019.SLAN, Станции2019.PROCH, Доп_угли2019.koksdom, Доп_угли2019.prochgaz, Доп_угли2019.tvproch, Станции2019.UGOL, Станции2019.DON, Станции2019.PODM, Станции2019.PECH, Доп_угли2019.intin, Доп_угли2019.vork, Станции2019.ARKT, Станции2019.KUZN, Доп_угли2019.kuzngd, Доп_угли2019.kuznt, Доп_угли2019.kuznss, Доп_угли2019.kuznun, Станции2019.URAL, Доп_угли2019.sver, Доп_угли2019.chel, Доп_угли2019.kizel, Станции2019.BASHK, Станции2019.KAZAH, Доп_угли2019.ekib, Доп_угли2019.maikub, Станции2019.KARAG, Станции2019.KAN, Доп_угли2019.nazar, Доп_угли2019.ibor, Доп_угли2019.berez, Доп_угли2019.per, Доп_угли2019.irbei, Доп_угли2019.kansk, Станции2019.TUNG, Доп_угли2019.jer, Доп_угли2019.karab, Станции2019.IRKUT, Доп_угли2019.azey, Доп_угли2019.mug, Доп_угли2019.cher, Станции2019.HAK, Станции2019.TUV, Станции2019.BUR, Доп_угли2019.gusin, Доп_угли2019.tugn, Доп_угли2019.okino, Станции2019.CHIT, Доп_угли2019.har, Доп_угли2019.urt, Доп_угли2019.tataur, Доп_угли2019.tarbag, Доп_угли2019.zab_kam, Станции2019.YAKUT, Доп_угли2019.neru, Доп_угли2019.zyryan, Доп_угли2019.pyak, Станции2019.AMUR, Доп_угли2019.rai, Доп_угли2019.erk, Станции2019.URG, Станции2019.USHUM, Станции2019.PRIM, Доп_угли2019.bikin, Доп_угли2019.razdol, Доп_угли2019.hankai, Станции2019.MAG, Станции2019.SAH, Станции2019.KAMCH, Станции2019.CHUKOT, Доп_угли2019.anad, Доп_угли2019.bering, Станции2019.QOTR, Станции2019.SNK, Станции2019.EWTP, Станции2019.NT, Станции2019.OBOR, Станции2019.VED, Станции2019.OBL, Станции2019.DEP, Станции2019.OES, Станции2019.ER, Станции2019.NUMB1120, Имена_станций.Ведомство AS вед, IIf([ved]=1 Or [ved]=4,1,IIf([ved]=2 Or [ved]=3,2,0)) AS кэстэц, Имена_станций.D, Имена_станций.R, IIf([ved]>0,0,1) AS sost, IIf([main]>0,1,0) AS [group], Имена_станций.FO, Имена_станций.форэм, Имена_станций.GK, Станции2019.BE, имена_ГК.name AS namegk, имена_БЕ.name AS namebe, Города.Name AS Town, IIf([obor]=20 Or [obor]=90,""ГТУ"",IIf([obor]=21 Or [obor]=91,""ПГУ"",IIf([obor]=22,""Диз"",IIf([obor]=23,""Дет"",""ПСУ"")))) AS тип, Станции2019.SNt
FROM (((Имена_станций LEFT JOIN Города ON Имена_станций.codegor = Города.code) INNER JOIN (Имена_областей INNER JOIN (Имена_ОЭС INNER JOIN (Станции2019 LEFT JOIN Доп_угли2019 ON (Станции2019.NUMB1120 = Доп_угли2019.NUMB1120) AND (Станции2019.YEAR = Доп_угли2019.YEAR)) ON Имена_ОЭС.oes = Станции2019.OES) ON Имена_областей.OBL = Станции2019.OBL) ON Имена_станций.NUMB = Станции2019.NUMB1120) LEFT JOIN имена_ГК ON Станции2019.GK = имена_ГК.code) LEFT JOIN имена_БЕ ON Станции2019.BE = имена_БЕ.code;
"
"Станции_для_сводной_89-2000","3","SELECT Имена_станций.NAME, Имена_ОЭС.abbr AS oesname, Имена_областей.abbr AS oblname, Имена_станций.ordnumb, Станции_89_2000.YEAR, Станции_89_2000.NUST, Станции_89_2000.E, Станции_89_2000.eotp, Станции_89_2000.eurt, Станции_89_2000.eust, Станции_89_2000.Q, Станции_89_2000.turt, Станции_89_2000.tust, Станции_89_2000.b, Станции_89_2000.gaz, Станции_89_2000.mazut, Станции_89_2000.torf, Станции_89_2000.slan, Станции_89_2000.gtt, Станции_89_2000.proch, Станции_89_2000.ugol, Станции_89_2000.don, Станции_89_2000.podm, Станции_89_2000.pech, [Доп_угли99-2000].int, [Доп_угли99-2000].vork, Станции_89_2000.arkt, Станции_89_2000.kuzn, Станции_89_2000.ural, [Доп_угли99-2000].sver, [Доп_угли99-2000].chel, [Доп_угли99-2000].kizel, Станции_89_2000.bashk, Станции_89_2000.ekib, Станции_89_2000.karag, Станции_89_2000.kan, [Доп_угли99-2000].nazar, [Доп_угли99-2000].ibor, [Доп_угли99-2000].berez, [Доп_угли99-2000].per, Станции_89_2000.irkut, [Доп_угли99-2000].azey, [Доп_угли99-2000].cher, Станции_89_2000.hak, Станции_89_2000.tuv, Станции_89_2000.bur, [Доп_угли99-2000].gusin, [Доп_угли99-2000].tugn, Станции_89_2000.chit, Станции_89_2000.ner, Станции_89_2000.raich, Станции_89_2000.urg, Станции_89_2000.prim, Станции_89_2000.luch, Станции_89_2000.mag, Станции_89_2000.sah, Станции_89_2000.qotr, Станции_89_2000.snk, Станции_89_2000.ewtp, Станции_89_2000.NT, Станции_89_2000.obor, Станции_89_2000.VED, Станции_89_2000.OBL, Станции_89_2000.DEP, Станции_89_2000.OES, Станции_89_2000.ER, Станции_89_2000.NUMB1120, IIf([ved]<3,1,2) AS вед, IIf([ved]=1 Or [ved]=4,1,IIf([ved]=2 Or [ved]=3,2,0)) AS кэстэц, Имена_станций.D, Имена_станций.R, IIf([ved]>0,1,0) AS [sum], Имена_станций.MAIN, IIf([ved]>0,0,1) AS sost, IIf([main]>0,1,0) AS [group]
FROM (((Станции_89_2000 INNER JOIN Имена_станций ON Станции_89_2000.NUMB1120=Имена_станций.NUMB) INNER JOIN Имена_ОЭС ON Станции_89_2000.OES=Имена_ОЭС.oes) INNER JOIN Имена_областей ON Станции_89_2000.OBL=Имена_областей.OBL) LEFT JOIN [Доп_угли99-2000] ON (Станции_89_2000.YEAR=[Доп_угли99-2000].YEAR) AND (Станции_89_2000.NUMB1120=[Доп_угли99-2000].NUMB1120);
"
"Станции_для_сводной_89-2001","3","SELECT Имена_станций.NAME, Имена_ОЭС.abbr AS oesname, Имена_областей.abbr AS oblname, Имена_станций.ordnumb, [Станции_89-2001].YEAR, [Станции_89-2001].NUST, [Станции_89-2001].E, [Станции_89-2001].eotp, [Станции_89-2001].eurt, [Станции_89-2001].eust, [Станции_89-2001].Q, [Станции_89-2001].turt, [Станции_89-2001].tust, [Станции_89-2001].b, [Станции_89-2001].gaz, [Станции_89-2001].mazut, [Станции_89-2001].torf, [Станции_89-2001].slan, [Станции_89-2001].gtt, [Станции_89-2001].proch, [Станции_89-2001].ugol, [Станции_89-2001].don, [Станции_89-2001].podm, [Станции_89-2001].pech, [Доп_угли_99-2001].int, [Доп_угли_99-2001].vork, [Станции_89-2001].arkt, [Станции_89-2001].kuzn, [Станции_89-2001].ural, [Доп_угли_99-2001].sver, [Доп_угли_99-2001].chel, [Доп_угли_99-2001].kizel, [Станции_89-2001].bashk, [Станции_89-2001].ekib, [Станции_89-2001].karag, [Станции_89-2001].kan, [Доп_угли_99-2001].nazar, [Доп_угли_99-2001].ibor, [Доп_угли_99-2001].berez, [Доп_угли_99-2001].per, [Станции_89-2001].irkut, [Доп_угли_99-2001].azey, [Доп_угли_99-2001].cher, [Станции_89-2001].hak, [Станции_89-2001].tuv, [Станции_89-2001].bur, [Доп_угли_99-2001].gusin, [Доп_угли_99-2001].tugn, [Станции_89-2001].chit, [Станции_89-2001].ner, [Станции_89-2001].raich, [Станции_89-2001].urg, [Станции_89-2001].prim, [Станции_89-2001].luch, [Станции_89-2001].mag, [Станции_89-2001].sah, [Станции_89-2001].qotr, [Станции_89-2001].snk, [Станции_89-2001].ewtp, [Станции_89-2001].NT, [Станции_89-2001].obor, [Станции_89-2001].VED, [Станции_89-2001].OBL, [Станции_89-2001].DEP, [Станции_89-2001].OES, [Станции_89-2001].ER, [Станции_89-2001].NUMB1120, IIf([ved]<3,1,2) AS вед, IIf([ved]=1 Or [ved]=4,1,IIf([ved]=2 Or [ved]=3,2,0)) AS кэстэц, Имена_станций.D, Имена_станций.R, IIf([ved]>0,1,0) AS [sum], Имена_станций.MAIN, IIf([ved]>0,0,1) AS sost, IIf([main]>0,1,0) AS [group], Имена_станций.FO, [Станции_89-2001].ushum, [Доп_угли_99-2001].jer, Knt.Knt
FROM (((([Станции_89-2001] LEFT JOIN [Доп_угли_99-2001] ON ([Станции_89-2001].NUMB1120=[Доп_угли_99-2001].NUMB1120) AND ([Станции_89-2001].YEAR=[Доп_угли_99-2001].YEAR)) INNER JOIN Имена_ОЭС ON ([Станции_89-2001].OES=Имена_ОЭС.oes) AND ([Станции_89-2001].OES=Имена_ОЭС.oes)) INNER JOIN Имена_областей ON [Станции_89-2001].OBL=Имена_областей.OBL) INNER JOIN Имена_станций ON [Станции_89-2001].NUMB1120=Имена_станций.NUMB) LEFT JOIN Knt ON ([Станции_89-2001].NUMB1120=Knt.numb1120) AND ([Станции_89-2001].YEAR=Knt.year);
"
"Станции_для_сводной_89-2020","3","SELECT Имена_станций.NAME, Имена_ОЭС.abbr AS oesname, Имена_областей.abbr AS oblname, Имена_станций.ordnumb, [Станции_89-2020].YEAR, [Станции_89-2020].NUST, [nr], [Станции_89-2020].E, [Станции_89-2020].eotp, [Станции_89-2020].eurt, [Станции_89-2020].eust, [Станции_89-2020].Q, [Станции_89-2020].turt, [Станции_89-2020].tust, [Станции_89-2020].b, [Станции_89-2020].gaz, [Станции_89-2020].mazut, [Станции_89-2020].torf, [Станции_89-2020].slan, [Станции_89-2020].gtt, [Станции_89-2020].proch, [Станции_89-2020].ugol, [Станции_89-2020].don, [Станции_89-2020].podm, [Станции_89-2020].pech, [Доп_угли99-2000].int, [Доп_угли99-2000].vork, [Станции_89-2020].arkt, [Станции_89-2020].kuzn, [Станции_89-2020].ural, [Доп_угли99-2000].sver, [Доп_угли99-2000].chel, [Доп_угли99-2000].kizel, [Станции_89-2020].bashk, [Станции_89-2020].ekib, [Станции_89-2020].karag, [Станции_89-2020].kan, [Доп_угли99-2000].nazar, [Доп_угли99-2000].ibor, [Доп_угли99-2000].berez, [Доп_угли99-2000].per, [Станции_89-2020].irkut, [Доп_угли99-2000].azey, [Доп_угли99-2000].cher, [Станции_89-2020].hak, [Станции_89-2020].tuv, [Станции_89-2020].bur, [Доп_угли99-2000].gusin, [Доп_угли99-2000].tugn, [Станции_89-2020].chit, [Станции_89-2020].ner, [Станции_89-2020].raich, [Станции_89-2020].urg, [Станции_89-2020].prim, [Станции_89-2020].luch, [Станции_89-2020].mag, [Станции_89-2020].sah, [Станции_89-2020].qotr, [Станции_89-2020].snk, [Станции_89-2020].ewtp, [Станции_89-2020].NT, [Станции_89-2020].obor, [Станции_89-2020].VED, [Станции_89-2020].OBL, [Станции_89-2020].DEP, [Станции_89-2020].OES, [Станции_89-2020].ER, [Станции_89-2020].NUMB1120, IIf([ved]<3,1,2) AS вед, IIf([ved]=1 Or [ved]=4,1,IIf([ved]=2 Or [ved]=3,2,0)) AS кэстэц, Имена_станций.D, Имена_станций.R, IIf([ved]>0,1,0) AS [sum]
FROM ((([Станции_89-2020] INNER JOIN Имена_станций ON [Станции_89-2020].NUMB1120=Имена_станций.NUMB) INNER JOIN Имена_ОЭС ON [Станции_89-2020].OES=Имена_ОЭС.oes) INNER JOIN Имена_областей ON [Станции_89-2020].OBL=Имена_областей.OBL) LEFT JOIN [Доп_угли99-2000] ON ([Станции_89-2020].NUMB1120=[Доп_угли99-2000].NUMB1120) AND ([Станции_89-2020].YEAR=[Доп_угли99-2000].YEAR);
"
"Станции_для_сводной_по_углям_1(архив)","3","SELECT [Станции_для_сводной(архив)].*, [Станции_по_углям_1(архив)].topl, [Станции_по_углям_1(архив)].pertop, [nust]*[pertop]/100 AS dnust, [e]*[pertop]/100 AS DE, [Станции_по_углям_1(архив)].rtop
FROM [Станции_по_углям_1(архив)] INNER JOIN [Станции_для_сводной(архив)] ON ([Станции_по_углям_1(архив)].YEAR=[Станции_для_сводной(архив)].year) AND ([Станции_по_углям_1(архив)].NUMB1120=[Станции_для_сводной(архив)].numb1120);
"
"Станции_для_сводной_по_углям_1_2004","3","SELECT Станции_для_сводной_2004.*, Станции_по_углям_1_2004.topl, Станции_по_углям_1_2004.pertop, [nust]*[pertop]/100 AS dnust, [e]*[pertop]/100 AS DE, Станции_по_углям_1_2004.rtop
FROM Станции_по_углям_1_2004 INNER JOIN Станции_для_сводной_2004 ON (Станции_по_углям_1_2004.YEAR=Станции_для_сводной_2004.YEAR) AND (Станции_по_углям_1_2004.NUMB1120=Станции_для_сводной_2004.NUMB1120);
"
"Станции_для_сводной_по_углям_2(архив)","3","SELECT [Станции_для_сводной(архив)].*, [Станции_по_углям_2(архив)].topl, [Станции_по_углям_2(архив)].pertop, [nust]*[pertop]/100 AS dnust, [e]*[pertop]/100 AS DE, [Станции_по_углям_2(архив)].rtop
FROM [Станции_по_углям_2(архив)] INNER JOIN [Станции_для_сводной(архив)] ON ([Станции_по_углям_2(архив)].NUMB1120=[Станции_для_сводной(архив)].numb1120) AND ([Станции_по_углям_2(архив)].YEAR=[Станции_для_сводной(архив)].year);
"
"Станции_для_сводной_по_углям_2_2004","3","SELECT Станции_для_сводной_2004.*, Станции_по_углям_2_2004.topl, Станции_по_углям_2_2004.pertop, [nust]*[pertop]/100 AS dnust, [e]*[pertop]/100 AS DE, Станции_по_углям_2_2004.rtop
FROM Станции_по_углям_2_2004 INNER JOIN Станции_для_сводной_2004 ON (Станции_по_углям_2_2004.NUMB1120=Станции_для_сводной_2004.NUMB1120) AND (Станции_по_углям_2_2004.YEAR=Станции_для_сводной_2004.YEAR);
"
"Станции_по_углям_1(архив)","2","SELECT w.NUMB1120, w.YEAR, 'газ' AS topl, [gaz]/[b]*100 AS pertop,[gaz] as rtop,w.ved as ved
FROM [Станции(архив)] AS w LEFT JOIN [Доп_угли(архив)] AS d ON (w.NUMB1120 = d.NUMB1120) AND (w.YEAR = d.YEAR) 
WHERE (((w.gaz)>0))
UNION 
SELECT w.NUMB1120, w.YEAR, 'воркутинский' AS topl, [vork]/[b]*100 AS pertop,[vork] as rtop,w.ved as ved
FROM [Станции(архив)] AS w LEFT JOIN [Доп_угли(архив)] AS d ON (w.NUMB1120 = d.NUMB1120) AND (w.YEAR = d.YEAR) 
WHERE (((d.vork)>0))
UNION 
SELECT w.NUMB1120, w.YEAR, 'интинский' AS topl, [int]/[b]*100 AS pertop,[int] as rtop,w.ved as ved
FROM [Станции(архив)] AS w LEFT JOIN [Доп_угли(архив)] AS d ON (w.NUMB1120 = d.NUMB1120) AND (w.YEAR = d.YEAR) 
WHERE (((d.int)>0))
UNION 
SELECT w.NUMB1120, w.YEAR, 'подмосковный' AS topl, [podm]/[b]*100 AS pertop,[podm] as rtop,w.ved as ved
FROM [Станции(архив)] AS w LEFT JOIN [Доп_угли(архив)] AS d ON (w.NUMB1120 = d.NUMB1120) AND (w.YEAR = d.YEAR) 
WHERE (((w.podm)>0))
UNION 
SELECT w.NUMB1120, w.YEAR, 'донецкий' AS topl, [don]/[b]*100 AS pertop,[don] as rtop,w.ved as ved
FROM [Станции(архив)] AS w LEFT JOIN [Доп_угли(архив)] AS d ON (w.NUMB1120 = d.NUMB1120) AND (w.YEAR = d.YEAR) 
WHERE (((w.don)>0))
UNION 
SELECT w.NUMB1120, w.YEAR, 'свердловский' AS topl, [sver]/[b]*100 AS pertop,[sver] as rtop,w.ved as ved
FROM [Станции(архив)] AS w LEFT JOIN [Доп_угли(архив)] AS d ON (w.NUMB1120 = d.NUMB1120) AND (w.YEAR = d.YEAR) 
WHERE (((d.sver)>0))
UNION 
SELECT w.NUMB1120, w.YEAR, 'челябинский' AS topl, [chel]/[b]*100 AS pertop,[chel] as rtop,w.ved as ved
FROM [Станции(архив)] AS w LEFT JOIN [Доп_угли(архив)] AS d ON (w.NUMB1120 = d.NUMB1120) AND (w.YEAR = d.YEAR) 
WHERE (((d.chel)>0))
UNION 
SELECT w.NUMB1120, w.YEAR, 'кизеловский' AS topl, [kizel]/[b]*100 AS pertop,[kizel] as rtop,w.ved as ved
FROM [Станции(архив)] AS w LEFT JOIN [Доп_угли(архив)] AS d ON (w.NUMB1120 = d.NUMB1120) AND (w.YEAR = d.YEAR) 
WHERE (((d.kizel)>0))
UNION 
SELECT w.NUMB1120, w.YEAR, 'башкирский' AS topl, [bashk]/[b]*100 AS pertop,[bashk] as rtop,w.ved as ved
FROM [Станции(архив)] AS w LEFT JOIN [Доп_угли(архив)] AS d ON (w.NUMB1120 = d.NUMB1120) AND (w.YEAR = d.YEAR) 
WHERE (((w.bashk)>0))
UNION SELECT w.NUMB1120, w.YEAR, 'карагандинский' AS topl, [karag]/[b]*100 AS pertop,[karag] as rtop,w.ved as ved
FROM [Станции(архив)] AS w LEFT JOIN [Доп_угли(архив)] AS d ON (w.NUMB1120 = d.NUMB1120) AND (w.YEAR = d.YEAR) 
WHERE (((w.karag)>0))
UNION SELECT w.NUMB1120, w.YEAR, 'экибастузский' AS topl, [ekib]/[b]*100 AS pertop,[ekib] as rtop,w.ved as ved
FROM [Станции(архив)] AS w LEFT JOIN [Доп_угли(архив)] AS d ON (w.NUMB1120 = d.NUMB1120) AND (w.YEAR = d.YEAR) 
WHERE (((w.ekib)>0));
"
"Станции_по_углям_1(натура)","2","SELECT w.NUMB1120, w.YEAR, 'воркутинский' AS topl, [vork] as koeff 
FROM [Натура99] AS w    
WHERE (((vork)>0))
UNION 
SELECT w.NUMB1120, w.YEAR, 'интинский' AS topl, [int] as koeff
FROM [Натура99] AS w    
WHERE (((int)>0))
UNION 
SELECT w.NUMB1120, w.YEAR, 'подмосковный' AS topl, [podm] as koeff 
FROM [Натура99] AS w    
WHERE (((w.podm)>0))
UNION 
SELECT w.NUMB1120, w.YEAR, 'донецкий' AS topl, [don] as koeff 
FROM [Натура99] AS w    
WHERE (((w.don)>0))
UNION 
SELECT w.NUMB1120, w.YEAR, 'свердловский' AS topl, [sver] as koeff 
FROM [Натура99] AS w    
WHERE (((sver)>0))
UNION 
SELECT w.NUMB1120, w.YEAR, 'челябинский' AS topl, [chel] as koeff 
FROM [Натура99] AS w    
WHERE (((chel)>0))
UNION 
SELECT w.NUMB1120, w.YEAR, 'кизеловский' AS topl, [kizel] as koeff 
FROM [Натура99] AS w    
WHERE (((kizel)>0))
UNION 
SELECT w.NUMB1120, w.YEAR, 'башкирский' AS topl, [bashk] as koeff 
FROM [Натура99] AS w    
WHERE (((w.bashk)>0))
UNION SELECT w.NUMB1120, w.YEAR, 'карагандинский' AS topl, [karag] as koeff 
FROM [Натура99] AS w    
WHERE (((w.karag)>0))
UNION SELECT w.NUMB1120, w.YEAR, 'экибастузский' AS topl, [ekib] as koeff 
FROM [Натура99] AS w    
WHERE (((w.ekib)>0));
"
"Станции_по_углям_1_2004","2","SELECT w.NUMB1120, w.YEAR, 'газ' AS topl, [gaz]/[b]*100 AS pertop,[gaz] as rtop,w.ved as ved
FROM [Станции2004] AS w LEFT JOIN [Доп_угли2004] AS d ON (w.NUMB1120 = d.NUMB1120) AND (w.YEAR = d.YEAR) 
WHERE (((w.gaz)>0))
UNION 
SELECT w.NUMB1120, w.YEAR, 'воркутинский' AS topl, [vork]/[b]*100 AS pertop,[vork] as rtop,w.ved as ved
FROM [Станции2004] AS w LEFT JOIN [Доп_угли2004] AS d ON (w.NUMB1120 = d.NUMB1120) AND (w.YEAR = d.YEAR) 
WHERE (((d.vork)>0))
UNION 
SELECT w.NUMB1120, w.YEAR, 'интинский' AS topl, [int]/[b]*100 AS pertop,[int] as rtop,w.ved as ved
FROM [Станции2004] AS w LEFT JOIN [Доп_угли2004] AS d ON (w.NUMB1120 = d.NUMB1120) AND (w.YEAR = d.YEAR) 
WHERE (((d.int)>0))
UNION 
SELECT w.NUMB1120, w.YEAR, 'подмосковный' AS topl, [podm]/[b]*100 AS pertop,[podm] as rtop,w.ved as ved
FROM [Станции2004] AS w LEFT JOIN [Доп_угли2004] AS d ON (w.NUMB1120 = d.NUMB1120) AND (w.YEAR = d.YEAR) 
WHERE (((w.podm)>0))
UNION 
SELECT w.NUMB1120, w.YEAR, 'донецкий' AS topl, [don]/[b]*100 AS pertop,[don] as rtop,w.ved as ved
FROM [Станции2004] AS w LEFT JOIN [Доп_угли2004] AS d ON (w.NUMB1120 = d.NUMB1120) AND (w.YEAR = d.YEAR) 
WHERE (((w.don)>0))
UNION 
SELECT w.NUMB1120, w.YEAR, 'свердловский' AS topl, [sver]/[b]*100 AS pertop,[sver] as rtop,w.ved as ved
FROM [Станции2004] AS w LEFT JOIN [Доп_угли2004] AS d ON (w.NUMB1120 = d.NUMB1120) AND (w.YEAR = d.YEAR) 
WHERE (((d.sver)>0))
UNION 
SELECT w.NUMB1120, w.YEAR, 'челябинский' AS topl, [chel]/[b]*100 AS pertop,[chel] as rtop,w.ved as ved
FROM [Станции2004] AS w LEFT JOIN [Доп_угли2004] AS d ON (w.NUMB1120 = d.NUMB1120) AND (w.YEAR = d.YEAR) 
WHERE (((d.chel)>0))
UNION 
SELECT w.NUMB1120, w.YEAR, 'кизеловский' AS topl, [kizel]/[b]*100 AS pertop,[kizel] as rtop,w.ved as ved
FROM [Станции2004] AS w LEFT JOIN [Доп_угли2004] AS d ON (w.NUMB1120 = d.NUMB1120) AND (w.YEAR = d.YEAR) 
WHERE (((d.kizel)>0))
UNION 
SELECT w.NUMB1120, w.YEAR, 'башкирский' AS topl, [bashk]/[b]*100 AS pertop,[bashk] as rtop,w.ved as ved
FROM [Станции2004] AS w LEFT JOIN [Доп_угли2004] AS d ON (w.NUMB1120 = d.NUMB1120) AND (w.YEAR = d.YEAR) 
WHERE (((w.bashk)>0))
UNION SELECT w.NUMB1120, w.YEAR, 'карагандинский' AS topl, [karag]/[b]*100 AS pertop,[karag] as rtop,w.ved as ved
FROM [Станции2004] AS w LEFT JOIN [Доп_угли2004] AS d ON (w.NUMB1120 = d.NUMB1120) AND (w.YEAR = d.YEAR) 
WHERE (((w.karag)>0))
UNION SELECT w.NUMB1120, w.YEAR, 'экибастузский' AS topl, [ekib]/[b]*100 AS pertop,[ekib] as rtop,w.ved as ved
FROM [Станции2004] AS w LEFT JOIN [Доп_угли2004] AS d ON (w.NUMB1120 = d.NUMB1120) AND (w.YEAR = d.YEAR) 
WHERE (((w.ekib)>0));
"
"Станции_по_углям_2(архив)","2","SELECT w.NUMB1120, w.YEAR, 'кузнецкий' AS topl, [kuzn]/[b]*100 AS pertop,[kuzn] as rtop,w.ved as ved
FROM [Станции(архив)] AS w LEFT JOIN [Доп_угли(архив)] AS d ON (w.NUMB1120 = d.NUMB1120) AND (w.YEAR = d.YEAR) 
WHERE (((w.kuzn)>0))
UNION 
SELECT w.NUMB1120, w.YEAR, 'назаровский' AS topl, [nazar]/[b]*100 AS pertop,[nazar] as rtop,w.ved as ved
FROM [Станции(архив)] AS w LEFT JOIN [Доп_угли(архив)] AS d ON (w.NUMB1120 = d.NUMB1120) AND (w.YEAR = d.YEAR) 
WHERE (((d.nazar)>0))
UNION 
SELECT w.NUMB1120, w.YEAR, 'бородинский' AS topl, [ibor]/[b]*100 AS pertop,[ibor] as rtop,w.ved as ved
FROM [Станции(архив)] AS w LEFT JOIN [Доп_угли(архив)] AS d ON (w.NUMB1120 = d.NUMB1120) AND (w.YEAR = d.YEAR) 
WHERE (((d.ibor)>0))
UNION 
SELECT w.NUMB1120, w.YEAR, 'березовский' AS topl, [berez]/[b]*100 AS pertop,[berez] as rtop,w.ved as ved
FROM [Станции(архив)] AS w LEFT JOIN [Доп_угли(архив)] AS d ON (w.NUMB1120 = d.NUMB1120) AND (w.YEAR = d.YEAR) 
WHERE (((d.berez)>0))
UNION 
SELECT w.NUMB1120, w.YEAR, 'переясловский' AS topl, [per]/[b]*100 AS pertop,[per] as rtop,w.ved as ved
FROM [Станции(архив)] AS w LEFT JOIN [Доп_угли(архив)] AS d ON (w.NUMB1120 = d.NUMB1120) AND (w.YEAR = d.YEAR) 
WHERE (((d.per)>0))
UNION 
SELECT w.NUMB1120, w.YEAR, 'хакасский' AS topl, [hak]/[b]*100 AS pertop,[hak] as rtop,w.ved as ved
FROM [Станции(архив)] AS w LEFT JOIN [Доп_угли(архив)] AS d ON (w.NUMB1120 = d.NUMB1120) AND (w.YEAR = d.YEAR) 
WHERE (((w.hak)>0))
UNION 
SELECT w.NUMB1120, w.YEAR, 'тувинский' AS topl, [tuv]/[b]*100 AS pertop,[tuv] as rtop,w.ved as ved
FROM [Станции(архив)] AS w LEFT JOIN [Доп_угли(архив)] AS d ON (w.NUMB1120 = d.NUMB1120) AND (w.YEAR = d.YEAR) 
WHERE (((w.tuv)>0))
UNION 
SELECT w.NUMB1120, w.YEAR, 'азейский' AS topl, [azey]/[b]*100 AS pertop,[azey] as rtop,w.ved as ved
FROM [Станции(архив)] AS w LEFT JOIN [Доп_угли(архив)] AS d ON (w.NUMB1120 = d.NUMB1120) AND (w.YEAR = d.YEAR) 
WHERE (((d.azey)>0))
UNION 
SELECT w.NUMB1120, w.YEAR, 'черемховский' AS topl, [cher]/[b]*100 AS pertop,[cher] as rtop,w.ved as ved
FROM [Станции(архив)] AS w LEFT JOIN [Доп_угли(архив)] AS d ON (w.NUMB1120 = d.NUMB1120) AND (w.YEAR = d.YEAR) 
WHERE (((d.cher)>0))
UNION SELECT w.NUMB1120, w.YEAR, 'жеронский' AS topl, [jer]/[b]*100 AS pertop,[jer] as rtop,w.ved as ved
FROM [Станции(архив)] AS w LEFT JOIN [Доп_угли(архив)] AS d ON (w.NUMB1120 = d.NUMB1120) AND (w.YEAR = d.YEAR) 
WHERE (((d.jer)>0))
UNION
SELECT w.NUMB1120, w.YEAR, 'харанорский' AS topl, [har]/[b]*100 AS pertop,[har] as rtop,w.ved as ved
FROM [Станции(архив)] AS w LEFT JOIN [Доп_угли(архив)] AS d ON (w.NUMB1120 = d.NUMB1120) AND (w.YEAR = d.YEAR) 
WHERE (((d.har)>0))
UNION SELECT w.NUMB1120, w.YEAR, 'уртуйский' AS topl, [urt]/[b]*100 AS pertop,[urt] as rtop,w.ved as ved
FROM [Станции(архив)] AS w LEFT JOIN [Доп_угли(архив)] AS d ON (w.NUMB1120 = d.NUMB1120) AND (w.YEAR = d.YEAR) 
WHERE (((d.urt)>0))
UNION
SELECT w.NUMB1120, w.YEAR, 'якутский' AS topl, [yakut]/[b]*100 AS pertop,[yakut] as rtop,w.ved as ved
FROM [Станции(архив)] AS w LEFT JOIN [Доп_угли(архив)] AS d ON (w.NUMB1120 = d.NUMB1120) AND (w.YEAR = d.YEAR) 
WHERE (((w.yakut)>0))
UNION 
SELECT w.NUMB1120, w.YEAR, 'амурский' AS topl, [amur]/[b]*100 AS pertop,[amur] as rtop,w.ved as ved
FROM [Станции(архив)] AS w LEFT JOIN [Доп_угли(архив)] AS d ON (w.NUMB1120 = d.NUMB1120) AND (w.YEAR = d.YEAR) 
WHERE (((w.amur)>0))
UNION 
SELECT w.NUMB1120, w.YEAR, 'ургальский' AS topl, [urg]/[b]*100 AS pertop,[urg] as rtop,w.ved as ved
FROM [Станции(архив)] AS w LEFT JOIN [Доп_угли(архив)] AS d ON (w.NUMB1120 = d.NUMB1120) AND (w.YEAR = d.YEAR) 
WHERE (((w.urg)>0))
UNION 
SELECT w.NUMB1120, w.YEAR, 'ушумунский' AS topl, [ushum]/[b]*100 AS pertop,[ushum] as rtop,w.ved as ved
FROM [Станции(архив)] AS w LEFT JOIN [Доп_угли(архив)] AS d ON (w.NUMB1120 = d.NUMB1120) AND (w.YEAR = d.YEAR) 
WHERE (((w.ushum)>0))
UNION 
SELECT w.NUMB1120, w.YEAR, 'приморский' AS topl, [prim]/[b]*100 AS pertop,[prim] as rtop,w.ved as ved
FROM [Станции(архив)] AS w LEFT JOIN [Доп_угли(архив)] AS d ON (w.NUMB1120 = d.NUMB1120) AND (w.YEAR = d.YEAR) 
WHERE (((w.prim)>0))
UNION 
SELECT w.NUMB1120, w.YEAR, 'лучегорский' AS topl, [luch]/[b]*100 AS pertop,[luch] as rtop,w.ved as ved
FROM [Станции(архив)] AS w LEFT JOIN [Доп_угли(архив)] AS d ON (w.NUMB1120 = d.NUMB1120) AND (w.YEAR = d.YEAR) 
WHERE (((w.luch)>0))
UNION 
SELECT w.NUMB1120, w.YEAR, 'магаданский' AS topl, [mag]/[b]*100 AS pertop,[mag] as rtop,w.ved as ved
FROM [Станции(архив)] AS w LEFT JOIN [Доп_угли(архив)] AS d ON (w.NUMB1120 = d.NUMB1120) AND (w.YEAR = d.YEAR) 
WHERE (((w.mag)>0))
UNION 
SELECT w.NUMB1120, w.YEAR, 'сахалинский' AS topl, [sah]/[b]*100 AS pertop,[sah] as rtop,w.ved as ved
FROM [Станции(архив)] AS w LEFT JOIN [Доп_угли(архив)] AS d ON (w.NUMB1120 = d.NUMB1120) AND (w.YEAR = d.YEAR) 
WHERE (((w.sah)>0))
UNION SELECT w.NUMB1120, w.YEAR, 'камчатский' AS topl, [kamch]/[b]*100 AS pertop,[kamch] as rtop,w.ved as ved
FROM [Станции(архив)] AS w LEFT JOIN [Доп_угли(архив)] AS d ON (w.NUMB1120 = d.NUMB1120) AND (w.YEAR = d.YEAR) 
WHERE (((w.kamch)>0));
"
"Станции_по_углям_2(натура)","2","SELECT w.NUMB1120, w.YEAR, 'кузнецкий' AS topl, [kuzn] as koeff
FROM [Натура99] AS w  
WHERE (((w.kuzn)>0))
UNION 
SELECT w.NUMB1120, w.YEAR, 'назаровский' AS topl, [nazar] as koeff
FROM [Натура99] AS w  
WHERE (((nazar)>0))
UNION 
SELECT w.NUMB1120, w.YEAR, 'бородинский' AS topl, [ibor] as koeff
FROM [Натура99] AS w  
WHERE (((ibor)>0))
UNION 
SELECT w.NUMB1120, w.YEAR, 'березовский' AS topl, [berez] as koeff
FROM [Натура99] AS w  
WHERE (((berez)>0))
UNION 
SELECT w.NUMB1120, w.YEAR, 'переясловский' AS topl, [per] as koeff
FROM [Натура99] AS w  
WHERE (((per)>0))
UNION 
SELECT w.NUMB1120, w.YEAR, 'хакасский' AS topl, [hak] as koeff
FROM [Натура99] AS w  
WHERE (((w.hak)>0))
UNION 
SELECT w.NUMB1120, w.YEAR, 'тувинский' AS topl, [tuv] as koeff
FROM [Натура99] AS w  
WHERE (((w.tuv)>0))
UNION 
SELECT w.NUMB1120, w.YEAR, 'азейский' AS topl, [azey] as koeff
FROM [Натура99] AS w  
WHERE (((azey)>0))
UNION 
SELECT w.NUMB1120, w.YEAR, 'черемховский' AS topl, [cher] as koeff
FROM [Натура99] AS w  
WHERE (((cher)>0))
UNION SELECT w.NUMB1120, w.YEAR, 'жеронский' AS topl, [jer] as koeff
FROM [Натура99] AS w  
WHERE (((jer)>0))
UNION
SELECT w.NUMB1120, w.YEAR, 'харанорский' AS topl, [har] as koeff
FROM [Натура99] AS w  
WHERE (((har)>0))
UNION SELECT w.NUMB1120, w.YEAR, 'уртуйский' AS topl, [urt] as koeff
FROM [Натура99] AS w  
WHERE (((urt)>0))
UNION
SELECT w.NUMB1120, w.YEAR, 'якутский' AS topl, [yakut] as koeff
FROM [Натура99] AS w  
WHERE (((w.yakut)>0))
UNION 
SELECT w.NUMB1120, w.YEAR, 'амурский' AS topl, [amur] as koeff
FROM [Натура99] AS w  
WHERE (((w.amur)>0))
UNION 
SELECT w.NUMB1120, w.YEAR, 'ургальский' AS topl, [urg] as koeff
FROM [Натура99] AS w  
WHERE (((w.urg)>0))
UNION 
SELECT w.NUMB1120, w.YEAR, 'ушумунский' AS topl, [ushum] as koeff
FROM [Натура99] AS w  
WHERE (((w.ushum)>0))
UNION 
SELECT w.NUMB1120, w.YEAR, 'приморский' AS topl, [prim] as koeff
FROM [Натура99] AS w  
WHERE (((w.prim)>0))
UNION 
SELECT w.NUMB1120, w.YEAR, 'лучегорский' AS topl, [luch] as koeff
FROM [Натура99] AS w  
WHERE (((w.luch)>0))
UNION 
SELECT w.NUMB1120, w.YEAR, 'магаданский' AS topl, [mag] as koeff
FROM [Натура99] AS w  
WHERE (((w.mag)>0))
UNION 
SELECT w.NUMB1120, w.YEAR, 'сахалинский' AS topl, [sah] as koeff
FROM [Натура99] AS w  
WHERE (((w.sah)>0))
UNION SELECT w.NUMB1120, w.YEAR, 'камчатский' AS topl, [kamch] as koeff
FROM [Натура99] AS w  
WHERE (((w.kamch)>0));
"
"Станции_по_углям_2_2004","2","SELECT w.NUMB1120, w.YEAR, 'кузнецкий' AS topl, [kuzn]/[b]*100 AS pertop,[kuzn] as rtop,w.ved as ved
FROM [Станции2004] AS w LEFT JOIN [Доп_угли2004] AS d ON (w.NUMB1120 = d.NUMB1120) AND (w.YEAR = d.YEAR) 
WHERE (((w.kuzn)>0))
UNION 
SELECT w.NUMB1120, w.YEAR, 'назаровский' AS topl, [nazar]/[b]*100 AS pertop,[nazar] as rtop,w.ved as ved
FROM [Станции2004] AS w LEFT JOIN [Доп_угли2004] AS d ON (w.NUMB1120 = d.NUMB1120) AND (w.YEAR = d.YEAR) 
WHERE (((d.nazar)>0))
UNION 
SELECT w.NUMB1120, w.YEAR, 'бородинский' AS topl, [ibor]/[b]*100 AS pertop,[ibor] as rtop,w.ved as ved
FROM [Станции2004] AS w LEFT JOIN [Доп_угли2004] AS d ON (w.NUMB1120 = d.NUMB1120) AND (w.YEAR = d.YEAR) 
WHERE (((d.ibor)>0))
UNION 
SELECT w.NUMB1120, w.YEAR, 'березовский' AS topl, [berez]/[b]*100 AS pertop,[berez] as rtop,w.ved as ved
FROM [Станции2004] AS w LEFT JOIN [Доп_угли2004] AS d ON (w.NUMB1120 = d.NUMB1120) AND (w.YEAR = d.YEAR) 
WHERE (((d.berez)>0))
UNION 
SELECT w.NUMB1120, w.YEAR, 'переясловский' AS topl, [per]/[b]*100 AS pertop,[per] as rtop,w.ved as ved
FROM [Станции2004] AS w LEFT JOIN [Доп_угли2004] AS d ON (w.NUMB1120 = d.NUMB1120) AND (w.YEAR = d.YEAR) 
WHERE (((d.per)>0))
UNION 
SELECT w.NUMB1120, w.YEAR, 'хакасский' AS topl, [hak]/[b]*100 AS pertop,[hak] as rtop,w.ved as ved
FROM [Станции2004] AS w LEFT JOIN [Доп_угли2004] AS d ON (w.NUMB1120 = d.NUMB1120) AND (w.YEAR = d.YEAR) 
WHERE (((w.hak)>0))
UNION 
SELECT w.NUMB1120, w.YEAR, 'тувинский' AS topl, [tuv]/[b]*100 AS pertop,[tuv] as rtop,w.ved as ved
FROM [Станции2004] AS w LEFT JOIN [Доп_угли2004] AS d ON (w.NUMB1120 = d.NUMB1120) AND (w.YEAR = d.YEAR) 
WHERE (((w.tuv)>0))
UNION 
SELECT w.NUMB1120, w.YEAR, 'азейский' AS topl, [azey]/[b]*100 AS pertop,[azey] as rtop,w.ved as ved
FROM [Станции2004] AS w LEFT JOIN [Доп_угли2004] AS d ON (w.NUMB1120 = d.NUMB1120) AND (w.YEAR = d.YEAR) 
WHERE (((d.azey)>0))
UNION 
SELECT w.NUMB1120, w.YEAR, 'черемховский' AS topl, [cher]/[b]*100 AS pertop,[cher] as rtop,w.ved as ved
FROM [Станции2004] AS w LEFT JOIN [Доп_угли2004] AS d ON (w.NUMB1120 = d.NUMB1120) AND (w.YEAR = d.YEAR) 
WHERE (((d.cher)>0))
UNION SELECT w.NUMB1120, w.YEAR, 'жеронский' AS topl, [jer]/[b]*100 AS pertop,[jer] as rtop,w.ved as ved
FROM [Станции2004] AS w LEFT JOIN [Доп_угли2004] AS d ON (w.NUMB1120 = d.NUMB1120) AND (w.YEAR = d.YEAR) 
WHERE (((d.jer)>0))
UNION
SELECT w.NUMB1120, w.YEAR, 'харанорский' AS topl, [har]/[b]*100 AS pertop,[har] as rtop,w.ved as ved
FROM [Станции2004] AS w LEFT JOIN [Доп_угли2004] AS d ON (w.NUMB1120 = d.NUMB1120) AND (w.YEAR = d.YEAR) 
WHERE (((d.har)>0))
UNION SELECT w.NUMB1120, w.YEAR, 'уртуйский' AS topl, [urt]/[b]*100 AS pertop,[urt] as rtop,w.ved as ved
FROM [Станции2004] AS w LEFT JOIN [Доп_угли2004] AS d ON (w.NUMB1120 = d.NUMB1120) AND (w.YEAR = d.YEAR) 
WHERE (((d.urt)>0))
UNION
SELECT w.NUMB1120, w.YEAR, 'нерюнгринский' AS topl, [ner]/[b]*100 AS pertop,[ner] as rtop,w.ved as ved
FROM [Станции2004] AS w LEFT JOIN [Доп_угли2004] AS d ON (w.NUMB1120 = d.NUMB1120) AND (w.YEAR = d.YEAR) 
WHERE (((w.ner)>0))
UNION 
SELECT w.NUMB1120, w.YEAR, 'райчихинский' AS topl, [raich]/[b]*100 AS pertop,[raich] as rtop,w.ved as ved
FROM [Станции2004] AS w LEFT JOIN [Доп_угли2004] AS d ON (w.NUMB1120 = d.NUMB1120) AND (w.YEAR = d.YEAR) 
WHERE (((w.raich)>0))
UNION 
SELECT w.NUMB1120, w.YEAR, 'ургальский' AS topl, [urg]/[b]*100 AS pertop,[urg] as rtop,w.ved as ved
FROM [Станции2004] AS w LEFT JOIN [Доп_угли2004] AS d ON (w.NUMB1120 = d.NUMB1120) AND (w.YEAR = d.YEAR) 
WHERE (((w.urg)>0))
UNION 
SELECT w.NUMB1120, w.YEAR, 'ушумунский' AS topl, [ushum]/[b]*100 AS pertop,[ushum] as rtop,w.ved as ved
FROM [Станции2004] AS w LEFT JOIN [Доп_угли2004] AS d ON (w.NUMB1120 = d.NUMB1120) AND (w.YEAR = d.YEAR) 
WHERE (((w.ushum)>0))
UNION 
SELECT w.NUMB1120, w.YEAR, 'приморский' AS topl, [prim]/[b]*100 AS pertop,[prim] as rtop,w.ved as ved
FROM [Станции2004] AS w LEFT JOIN [Доп_угли2004] AS d ON (w.NUMB1120 = d.NUMB1120) AND (w.YEAR = d.YEAR) 
WHERE (((w.prim)>0))
UNION 
SELECT w.NUMB1120, w.YEAR, 'лучегорский' AS topl, [luch]/[b]*100 AS pertop,[luch] as rtop,w.ved as ved
FROM [Станции2004] AS w LEFT JOIN [Доп_угли2004] AS d ON (w.NUMB1120 = d.NUMB1120) AND (w.YEAR = d.YEAR) 
WHERE (((w.luch)>0))
UNION 
SELECT w.NUMB1120, w.YEAR, 'магаданский' AS topl, [mag]/[b]*100 AS pertop,[mag] as rtop,w.ved as ved
FROM [Станции2004] AS w LEFT JOIN [Доп_угли2004] AS d ON (w.NUMB1120 = d.NUMB1120) AND (w.YEAR = d.YEAR) 
WHERE (((w.mag)>0))
UNION 
SELECT w.NUMB1120, w.YEAR, 'сахалинский' AS topl, [sah]/[b]*100 AS pertop,[sah] as rtop,w.ved as ved
FROM [Станции2004] AS w LEFT JOIN [Доп_угли2004] AS d ON (w.NUMB1120 = d.NUMB1120) AND (w.YEAR = d.YEAR) 
WHERE (((w.sah)>0))
UNION SELECT w.NUMB1120, w.YEAR, 'камчатский' AS topl, [kamch]/[b]*100 AS pertop,[kamch] as rtop,w.ved as ved
FROM [Станции2004] AS w LEFT JOIN [Доп_угли2004] AS d ON (w.NUMB1120 = d.NUMB1120) AND (w.YEAR = d.YEAR) 
WHERE (((w.kamch)>0));
"
"Станции_РАО_по_топливу_2001","3","SELECT Sum(Станции2001.NUST) AS [Sum-NUST], Sum(Станции2001.nr) AS [Sum-nr], Sum(Станции2001.E) AS [Sum-E], Count(Имена_станций.ordnumb) AS [Count-ordnumb]
FROM Станции2001 INNER JOIN Имена_станций ON Станции2001.NUMB1120=Имена_станций.NUMB
WHERE (((Станции2001.NUST)>0) AND ((Станции2001.B)>0) AND ((z([B])-z([gaz])-z([mazut])-z([gtt]))=0) AND ((z([gaz]))>0) AND ((z([mazut])+z([gtt]))>0) AND ((Имена_станций.Ведомство)=1) AND ((Имена_станций.MAIN) Is Null Or (Имена_станций.MAIN)=0));
"
"Станции1130_все_годы","2","SELECT [Станции1130(до_2005)].*
FROM [Станции1130(до_2005)]
UNION SELECT [Станции1130].*
FROM [Станции1130]
where (year>1999);
"
"Станции1135_все_годы","2","SELECT [Станции1135(до_2005)].*
FROM [Станции1135(до_2005)]
UNION SELECT [Станции1135].*
FROM [Станции1135]
where (year>1999);
"
"'Станции2018' без подчиненных в 'Доля топлива в затратах на ээ'","3","SELECT Станции2018.NAME, Станции2018.NUMB1120, Станции2018.NUST, Станции2018.E, Станции2018.VED
FROM Станции2018 LEFT JOIN [Доля топлива в затратах на ээ] ON Станции2018.NUMB1120 = [Доля топлива в затратах на ээ].NUMB1120
WHERE ((([Доля топлива в затратах на ээ].NUMB1120) Is Null) AND ((Станции2018.VED)=0 Or (Станции2018.VED) Is Null));
"
"Станции90_95_99_2000","2","SELECT [Станции(архив)].*
FROM [Станции(архив)]
where year=1990 or year=1995 or year=1999 or year=2000
UNION SELECT [Станции2000].*
FROM [Станции2000];
"
"Станции90+98+99+2000+2001","2","SELECT [Станции(архив)].*
FROM [Станции(архив)]
where year=1990 or year=1998 or year=1999 or year=2000
UNION SELECT [Станции2001].*
FROM [Станции2001];
"
"Станции-по-типам","3","SELECT Турбины.name AS Выражение1, Турбины.yearin, Имена_станций.NAME, Имена_ОЭС.name, Имена_областей.NAME, Турбины.nt
FROM ((Турбины INNER JOIN Имена_станций ON Турбины.numb1120=Имена_станций.NUMB) INNER JOIN Имена_ОЭС ON Имена_станций.OES=Имена_ОЭС.oes) INNER JOIN Имена_областей ON Имена_станций.OBL=Имена_областей.OBL;
"
"Структура-топлива","3","SELECT DISTINCTROW [Перевод-уголь-мазут].NAME, [Перевод-уголь-мазут].ordnumb, [Объединение-таблиц].year AS Выражение1, [Объединение-таблиц].nust AS Выражение2, [Объединение-таблиц].E AS Выражение3, [Объединение-таблиц].B AS Выражение4, [Объединение-таблиц].gaz AS Выражение5, [gaz]/[b]*100 AS pgaz, [Объединение-таблиц].mazut AS Выражение6, [mazut]/[b]*100 AS pmazut, [Объединение-таблиц].ugol AS Выражение7, [ugol]/[b]*100 AS pugol, z([PROCH])+z([TORF])+z([SLAN])+z([GTT]) AS PR, [pr]/[b]*100 AS ppr, Имена_областей.NAME, Имена_ОЭС.name, [Объединение-таблиц].oes AS Выражение8, Имена_областей.OBL
FROM [Объединение-таблиц], Имена_областей, Имена_ОЭС, [Перевод-уголь-мазут]
WHERE ((([Перевод-уголь-мазут].p)=1))
ORDER BY [Перевод-уголь-мазут].ordnumb, [Объединение-таблиц].year;
"
"Сумма_частей","3","SELECT DISTINCTROW First(Имена_станций_1.NAME) AS Stan_name, Имена_станций.MAIN AS NUMB1120, STAN.Year, Sum(Nz(STAN.NUST,0)) AS NUST, Sum(Nz(STAN.E,0)) AS E, Sum(Nz(STAN.EOTP,0)) AS EOTP, Sum(Nz(STAN.EUST,0)) AS EUST, Sum(Nz(STAN.Q,0)) AS Q, Sum(Nz(STAN.TUST,0)) AS TUST, Sum(Nz(STAN.B,0)) AS B, IIf([EOTP]>0,[EUST]/[EOTP]*1000,0) AS EURT, IIf([Q]>0,[TUST]/[Q]*1000,0) AS TURT, Sum(Nz(STAN.GAZ,0)) AS GAZ, Sum(Nz(STAN.ISK_GAZ,0)) AS ISK_GAZ, Sum(Nz(STAN.MAZUT,0)) AS MAZUT, Sum(Nz(STAN.TORF,0)) AS TORF, Sum(Nz(STAN.SLAN,0)) AS SLAN, Sum(Nz(STAN.PROCH,0)) AS PROCH, Sum(Nz(STAN.UGOL,0)) AS UGOL, Sum(Nz(STAN.DON,0)) AS DON, Sum(Nz(STAN.PODM,0)) AS PODM, Sum(Nz(STAN.PECH,0)) AS PECH, Sum(Nz(STAN.ARKT,0)) AS ARKT, Sum(Nz(STAN.KUZN,0)) AS KUZN, Sum(Nz(STAN.URAL,0)) AS URAL, Sum(Nz(STAN.BASHK,0)) AS BASHK, Sum(Nz(STAN.KAZAH,0)) AS KAZAH, Sum(Nz(STAN.KAN,0)) AS KAN, Sum(Nz(STAN.IRKUT,0)) AS IRKUT, Sum(Nz(STAN.HAK,0)) AS HAK, Sum(Nz(STAN.TUV,0)) AS TUV, Sum(Nz(STAN.BUR,0)) AS BUR, Sum(Nz(STAN.CHIT,0)) AS CHIT, Sum(Nz(STAN.YAKUT,0)) AS YAKUT, Sum(Nz(STAN.AMUR,0)) AS AMUR, Sum(Nz(STAN.URG,0)) AS URG, Sum(Nz(STAN.PRIM,0)) AS PRIM, Sum(Nz(STAN.MAG,0)) AS MAG, Sum(Nz(STAN.CHUKOT,0)) AS CHUKOT, Sum(Nz(STAN.SAH,0)) AS SAH, Sum(Nz(STAN.KAMCH,0)) AS KAMCH, Sum(Nz(STAN.QOTR,0)) AS QOTR, Sum(Nz(STAN.EWTP,0)) AS EWTP, Sum(Nz(STAN.NT,0)) AS NT
FROM (Имена_станций INNER JOIN Имена_станций AS Имена_станций_1 ON Имена_станций.MAIN = Имена_станций_1.NUMB) INNER JOIN Станции2024 AS STAN ON Имена_станций.NUMB = STAN.NUMB1120
GROUP BY Имена_станций.MAIN, STAN.Year
HAVING (((Имена_станций.MAIN) > 0)      AND ((STAN.Year) > 0))
ORDER BY Имена_станций.MAIN;
"
"Тепло_по_годам","2","TRANSFORM Sum([Станции(архив)].Q) AS [Sum-Q]
SELECT [Станции(архив)].name
FROM [Станции(архив)] INNER JOIN Имена_станций ON [Станции(архив)].numb1120=Имена_станций.NUMB
WHERE (((Имена_станций.MAIN)=0 Or (Имена_станций.MAIN) Is Null) AND (([Станции(архив)].ved)=2 Or ([Станции(архив)].ved)=0 Or ([Станции(архив)].ved) Is Null) AND (([Станции(архив)].obor)<>95))
GROUP BY [Станции(архив)].name
PIVOT [Станции(архив)].year;
"
"угли-одной-строкой","3","SELECT DISTINCTROW Станции99.NAME AS Выражение1, Станции99.UGOL AS Выражение2, U([DON],[PODM],[PECH],[ARKT],[KUZN],[URAL],[BASHK],[EKIB],[KARAG],[KAN],[HAK],[TUV],[IRKUT],[BUR],[CHIT],[HER],[RAICH],[URG],[LUCH],[MAG],[SAH]) AS в_том_числе
FROM Станции99
WHERE (((Станции99.UGOL)>0))
ORDER BY Станции99.NUMB1;
"
"Удаление дублей в ПГ","2","DELETE *
FROM [Выбросы ПГ]
WHERE EXISTS (
    SELECT 1 FROM [Восстановление ПГ]
    WHERE [Выбросы ПГ].[NUMB1120] = [Восстановление ПГ].[NUMB1120]
    AND [Выбросы ПГ].[Year] = [Восстановление ПГ].[Year]
);
"
"Удаление из Доп_углей","2","DELETE *
FROM Доп_угли2023
WHERE numb1120 IN (

    SELECT im.numb

    FROM [Имена_станций] AS im

    WHERE im.OES IN (5)

);
"
"Урал","3","SELECT DISTINCTROW [Рабочий-для-ввода].NAME, [Рабочий-для-ввода].YEAR, [Рабочий-для-ввода].NUST, [Рабочий-для-ввода].E, [Рабочий-для-ввода].EOTP, [Рабочий-для-ввода].EURT, [Рабочий-для-ввода].EUST, [Рабочий-для-ввода].Q, [Рабочий-для-ввода].TURT, [Рабочий-для-ввода].TUST, [Рабочий-для-ввода].B, [Рабочий-для-ввода].GAZ, [Рабочий-для-ввода].MAZUT, [Рабочий-для-ввода].UGOL, [Рабочий-для-ввода].KUZN, [Рабочий-для-ввода].EKIB AS Выражение1, [Рабочий-для-ввода].URAL, [Рабочий-для-ввода].BASHK, [Рабочий-для-ввода].KARAG, [Рабочий-для-ввода].KAN, [Рабочий-для-ввода].TORF, [Рабочий-для-ввода].PROCH, [Рабочий-для-ввода].QOTR, [Рабочий-для-ввода].SNK, [Рабочий-для-ввода].EWTP, [Рабочий-для-ввода].NT, [Рабочий-для-ввода].NUMB1120, IIf([comp]=1,[numb],[main]) AS numbm, [Рабочий-для-ввода].SNt, Имена_станций.ordnumb, [Рабочий-для-ввода].NUMB1120
FROM [Рабочий-для-ввода] INNER JOIN Имена_станций ON [Рабочий-для-ввода].NUMB1120=Имена_станций.NUMB
WHERE ((([Рабочий-для-ввода].OES)=5))
ORDER BY Имена_станций.ordnumb;
"
"Форэм+области","2","SELECT NAME1, YEAR,NUST,E,Q,B,GAZ, MAZUT, TORF,PROCH,UGOL,DON,PODM,PECH,KUZN,EKIB,KARAG,KAN,numb1/10000 as numb
FROM [ОЭС-итоги]
UNION
SELECT АО as name1, YEAR,NUST,E,Q,B,GAZ, MAZUT, TORF,PROCH,UGOL,DON,PODM,PECH,KUZN,EKIB,KARAG,KAN,numb1 as numb
FROM [ОЭС-области]
UNION SELECT NAME1, YEAR,NUST,E,Q,B,GAZ, MAZUT, TORF,PROCH,UGOL,DON,PODM,PECH,KUZN,EKIB,KARAG,KAN,numb1/1000 as numb
FROM [ОЭС-станции]
ORDER BY numb, year;
"
"Цена энергии 2018-2021","2","SELECT [Цена_энергии_2018].*
FROM [Цена_энергии_2018]
UNION SELECT [Цена_энергии_2019].*
FROM [Цена_энергии_2019]
UNION SELECT [Цена_энергии_2020].*
FROM [Цена_энергии_2020]
UNION SELECT [Цена_энергии_2021].*
FROM [Цена_энергии_2021]
ORDER BY numb1120, year;
"
"Центр","3","SELECT DISTINCTROW [Рабочий-для-ввода].NAME, [Рабочий-для-ввода].YEAR, [Рабочий-для-ввода].NUST, [Рабочий-для-ввода].E, [Рабочий-для-ввода].EOTP, [Рабочий-для-ввода].EURT, [Рабочий-для-ввода].EUST, [Рабочий-для-ввода].Q, [Рабочий-для-ввода].TURT, [Рабочий-для-ввода].TUST, [Рабочий-для-ввода].B, [Рабочий-для-ввода].GAZ, [Рабочий-для-ввода].MAZUT, [Рабочий-для-ввода].UGOL, [Рабочий-для-ввода].KUZN, [Рабочий-для-ввода].PODM, [Рабочий-для-ввода].PECH, [Рабочий-для-ввода].DON, [Рабочий-для-ввода].EKIB AS Выражение1, [Рабочий-для-ввода].KARAG, [Рабочий-для-ввода].KAN, [Рабочий-для-ввода].TORF, [Рабочий-для-ввода].GTT AS Выражение2, [Рабочий-для-ввода].PROCH, [Рабочий-для-ввода].QOTR, [Рабочий-для-ввода].SNK, [Рабочий-для-ввода].EWTP, [Рабочий-для-ввода].NT, IIf([comp]=1,[numb],[main]) AS numbm, [Рабочий-для-ввода].SNt, Имена_станций.ordnumb, [Рабочий-для-ввода].NUMB1120
FROM [Рабочий-для-ввода] INNER JOIN Имена_станций ON [Рабочий-для-ввода].NUMB1120=Имена_станций.NUMB
WHERE ((([Рабочий-для-ввода].OES)=2))
ORDER BY Имена_станций.ordnumb;
"
